,datetime,day_of_week,month,is_holiday,staleness,rm_id,rolling_7_avg,rolling_30_avg,rolling_100_avg,rolling_200_avg,rolling_500_avg,rolling_7_freq,rolling_30_freq,rolling_100_freq,shifted_30_rolling_7_avg,shifted_100_rolling_7_avg,shifted_100_rolling_30_avg,shifted_30_rolling_7_freq,shifted_100_rolling_7_freq,shifted_100_rolling_30_freq,rolling_7_short_decay,rolling_30_medium_decay,rolling_100_long_decay,shifted_30_rolling_7_short_decay,shifted_100_rolling_7_medium_decay,shifted_100_rolling_30_medium_decay,predicted_net,predicted_cumulative
0,2024-07-09,1,7,0,0,2130,79318.0,69589.26666666666,71219.02,57405.125,37667.392,0.7142857142857143,0.7,0.66,65602.85714285714,82021.14285714286,30883.6,0.7142857142857143,0.7142857142857143,0.4,79318.0,69589.26666666666,71219.02,1317668.6094094631,606058.8258698336,228200.6529369346,123069.734,123069.734
1,2024-07-10,2,7,0,1,2130,79318.0,69589.26666666666,71219.02,57405.125,37667.392,0.7142857142857143,0.7,0.66,63267.42857142857,100174.85714285714,36190.166666666664,0.7142857142857143,0.7142857142857143,0.43333333333333335,71769.89432377624,68211.30686305667,70510.37891077869,1149831.444007998,725540.7438609351,262116.07575680787,109592.086,232661.81
2,2024-07-11,3,7,0,2,2130,79318.0,69589.26666666666,71219.02,57405.125,37667.392,0.7142857142857143,0.7,0.66,60720.71428571428,98337.14285714286,41251.86666666667,0.7142857142857143,0.7142857142857143,0.4666666666666667,64940.08587263936,66860.63249168813,69808.78891820727,998530.6981172778,698127.5397958885,292860.4935148994,98652.414,331314.22
3,2024-07-12,4,7,0,3,2130,79318.0,69589.26666666666,71219.02,57405.125,37667.392,0.7142857142857143,0.7,0.66,60720.71428571428,98337.14285714286,41251.86666666667,0.7142857142857143,0.7142857142857143,0.4666666666666667,58760.2196280325,65536.70326480323,69114.17986270187,903507.9387140821,684303.688306839,287061.467207266,117797.0,449111.22
4,2024-07-13,5,7,0,4,2130,79318.0,69589.26666666666,71219.02,57405.125,37667.392,0.7142857142857143,0.7,0.66,60720.71428571428,98337.14285714286,41251.86666666667,0.7142857142857143,0.7142857142857143,0.4666666666666667,53168.44541145484,64238.98959305863,68426.48228277809,817527.7904410419,670753.5674172828,281377.26931405277,1265.9474,450377.16
5,2024-07-14,6,7,0,5,2130,79318.0,69589.26666666666,71219.02,57405.125,37667.392,0.7142857142857143,0.7,0.66,58866.857142857145,88427.0,41251.86666666667,0.7142857142857143,0.5714285714285714,0.4666666666666667,48108.798867086654,62966.972373682525,67745.62740810485,717145.1316284513,591213.5878474289,275805.62608031207,-1129.1809,449247.97
6,2024-07-15,0,7,0,6,2130,79318.0,69589.26666666666,71219.02,57405.125,37667.392,0.7142857142857143,0.7,0.66,56398.42857142857,74614.0,41251.86666666667,0.7142857142857143,0.42857142857142855,0.4666666666666667,43530.64135170599,61720.142782826726,67071.54715262729,621689.8257338739,488983.21178753034,270344.308774461,88925.4,538173.4
7,2024-07-16,1,7,0,7,2130,79318.0,69589.26666666666,71219.02,57405.125,37667.392,0.7142857142857143,0.7,0.66,62871.142857142855,74668.0,48306.13333333333,0.7142857142857143,0.42857142857142855,0.5,39388.15312612702,60498.00207203027,66404.17410775814,627088.2499998639,479647.57724907063,310305.88497889193,117351.66,655525.0
8,2024-07-17,2,7,0,8,2130,79318.0,69589.26666666666,71219.02,57405.125,37667.392,0.7142857142857143,0.7,0.66,72290.42857142857,78803.42857142857,54577.63333333333,0.7142857142857143,0.42857142857142855,0.5333333333333333,35639.87477584978,59300.0613687134,65743.44153563674,652422.093737021,496188.8031000812,343650.1564796172,125663.06,781188.06
9,2024-07-18,3,7,0,9,2130,79318.0,69589.26666666666,71219.02,57405.125,37667.392,0.7142857142857143,0.7,0.66,64587.0,80127.57142857143,59948.3,0.7142857142857143,0.42857142857142855,0.5666666666666667,32248.29227130484,58125.841480622046,65089.28336245531,527428.4161430068,494536.0287900766,369992.4219111543,118245.86,899433.94
10,2024-07-19,4,7,0,10,2130,79318.0,69589.26666666666,71219.02,57405.125,37667.392,0.7142857142857143,0.7,0.66,64587.0,80127.57142857143,59948.3,0.7142857142857143,0.42857142857142855,0.5666666666666667,29179.461514836465,56974.872704144494,64441.634171851365,477236.9662616339,484743.55932242447,362666.08109086665,119604.266,1.0190382e+06
11,2024-07-20,5,7,0,11,2130,79318.0,69589.26666666666,71219.02,57405.125,37667.392,0.7142857142857143,0.7,0.66,64587.0,80127.57142857143,59948.3,0.7142857142857143,0.42857142857142855,0.5666666666666667,26402.668616764273,55846.6946364237,63800.42919836615,431821.8643434911,475144.9937418348,355484.8115386276,-12791.706,1.0062465e+06
12,2024-07-21,6,7,0,12,2130,79318.0,69589.26666666666,71219.02,57405.125,37667.392,0.7142857142857143,0.7,0.66,61649.57142857143,91853.14285714286,62684.26666666667,0.7142857142857143,0.5714285714285714,0.6,23890.12250045205,54740.85599119,63165.60432096798,372958.173475002,533890.6423362602,364348.3756140371,6045.05,1.01229156e+06
13,2024-07-22,0,7,0,13,2130,79318.0,69589.26666666666,71219.02,57405.125,37667.392,0.7142857142857143,0.7,0.66,69232.42857142857,117727.85714285714,68721.7,0.7142857142857143,0.7142857142857143,0.6333333333333333,21616.67675987181,53656.91441824058,62537.096056640075,378974.6718015111,670736.0325581249,391531.1254898377,82546.1,1.0948376e+06
14,2024-07-23,1,7,0,14,2130,79318.0,69589.26666666666,71219.02,57405.125,37667.392,0.7142857142857143,0.7,0.66,66502.85714285714,106493.42857142857,72841.93333333333,0.7142857142857143,0.7142857142857143,0.6333333333333333,19559.577985920343,52594.43632649353,61914.84155403227,329390.8077434877,594715.5831154916,406787.8500928987,115703.68,1.2105412e+06
15,2024-07-24,2,7,0,15,2130,79318.0,69589.26666666666,71219.02,57405.125,37667.392,0.7142857142857143,0.7,0.66,57069.28571428572,99974.57142857143,77103.4,0.7142857142857143,0.7142857142857143,0.6333333333333333,17698.238042653156,51552.99671054558,61298.77858717572,255766.79403771454,547255.5445104733,422059.9553232989,127560.234,1.3381015e+06
16,2024-07-25,3,7,0,16,2130,79318.0,69589.26666666666,71219.02,57405.125,37667.392,0.7142857142857143,0.7,0.66,51277.857142857145,101010.28571428571,81642.46666666666,0.5714285714285714,0.7142857142857143,0.6333333333333333,16014.028014300076,50532.1789806643,60688.84554926039,207941.96458558025,541976.3416590224,438057.22452046006,130845.766,1.4689472e+06
17,2024-07-26,4,7,0,17,2130,79318.0,69589.26666666666,71219.02,57405.125,37667.392,0.7142857142857143,0.7,0.66,51277.857142857145,101010.28571428571,80027.63333333333,0.5714285714285714,0.7142857142857143,0.6,14490.091760814808,49531.57479614664,60084.98144647419,188153.6703369414,531244.4910578225,420890.1998454201,112564.2,1.5815115e+06
18,2024-07-27,5,7,0,18,2130,79318.0,69589.26666666666,71219.02,57405.125,37667.392,0.7142857142857143,0.7,0.66,51277.857142857145,101010.28571428571,78918.53333333334,0.5714285714285714,0.7142857142857143,0.5666666666666667,13111.1772159598,48550.78390197726,59487.12589190361,170248.48126166716,520725.14533639996,406838.41699027637,6336.3037,1.5878478e+06
19,2024-07-28,6,7,0,19,2130,79318.0,69589.26666666666,71219.02,57405.125,37667.392,0.7142857142857143,0.7,0.66,55118.857142857145,96924.71428571429,80701.2,0.5714285714285714,0.7142857142857143,0.6,11863.483739500967,47589.413968721085,58895.219099495,165586.1979073286,489769.33519286243,407790.452255084,10370.961,1.5982188e+06
20,2024-07-29,0,7,0,20,2130,79318.0,69589.26666666666,71219.02,57405.125,37667.392,0.7142857142857143,0.7,0.66,57360.0,77091.71428571429,82110.93333333333,0.5714285714285714,0.7142857142857143,0.6333333333333333,10734.523995761647,46647.08043558638,58309.20187807585,155920.64568041082,381837.76050934696,406698.1151973457,77127.56,1.6753462e+06
21,2024-07-30,1,7,0,21,2130,79318.0,69589.26666666666,71219.02,57405.125,37667.392,0.7142857142857143,0.7,0.66,56280.142857142855,69189.42857142857,84699.96666666666,0.5714285714285714,0.7142857142857143,0.6666666666666666,9712.998976170018,45723.40635659527,57729.01562543568,138426.81446778614,335911.6183190545,411214.59537995025,78178.99,1.7535252e+06
22,2024-07-31,2,7,0,22,2130,79318.0,69589.26666666666,71219.02,57405.125,37667.392,0.7142857142857143,0.7,0.66,73195.57142857143,58167.57142857143,82505.56666666667,0.5714285714285714,0.7142857142857143,0.6666666666666666,8788.684914983598,44818.02224980035,57154.60232246572,162899.73999867964,276809.07469235937,392629.2434954709,100331.73,1.853857e+06
23,2024-08-01,3,8,0,23,2130,79318.0,69589.26666666666,71219.02,57405.125,37667.392,0.7142857142857143,0.7,0.66,90127.42857142857,34114.71428571428,79732.13333333333,0.7142857142857143,0.5714285714285714,0.6333333333333333,7952.330966405348,43930.56594948693,56585.904527357,181494.35330306625,159131.16435468246,371917.7334317947,71364.336,1.9252214e+06
24,2024-08-02,4,8,0,24,2130,79318.0,69589.26666666666,71219.02,57405.125,37667.392,0.7142857142857143,0.7,0.66,90127.42857142857,34114.71428571428,78661.43333333333,0.7142857142857143,0.5714285714285714,0.6,7195.566619009622,43060.682461302014,56022.865369856096,164222.8820308527,155980.15618221898,359657.78737266193,78419.42,2.0036408e+06
25,2024-08-03,5,8,0,25,2130,79318.0,69589.26666666666,71219.02,57405.125,37667.392,0.7142857142857143,0.7,0.66,90127.42857142857,34114.71428571428,73170.93333333333,0.7142857142857143,0.5714285714285714,0.5666666666666667,6510.817920850405,42208.0238202517,55465.42854557805,148595.00855922073,152891.54215199154,327929.37218643515,-5809.5396,1.9978312e+06
26,2024-08-04,6,8,0,26,2130,79318.0,69589.26666666666,71219.02,57405.125,37667.392,0.7142857142857143,0.7,0.66,78666.42857142857,38185.857142857145,75903.53333333334,0.7142857142857143,0.5714285714285714,0.6,5891.231676804535,41372.24895151065,54913.5383103759,117356.52101809,167748.39620789496,333440.0989231396,4931.491,2.0027628e+06
27,2024-08-05,0,8,0,27,2130,79318.0,69589.26666666666,71219.02,57405.125,37667.392,0.7142857142857143,0.7,0.66,85800.0,59793.71428571428,82355.1,0.7142857142857143,0.5714285714285714,0.6333333333333333,5330.606859491471,40553.02353398753,54367.139474766234,115817.88569002107,257469.3137637223,354617.7275528223,44869.21,2.047632e+06
28,2024-08-06,1,8,0,28,2130,79318.0,69589.26666666666,71219.02,57405.125,37667.392,0.7142857142857143,0.7,0.66,87494.28571428571,65036.71428571428,83855.13333333333,0.7142857142857143,0.5714285714285714,0.6333333333333333,4823.332547307039,39750.0198665922,53826.177398410146,106865.76189468251,274500.1879369142,353927.01049368817,59570.797,2.1072028e+06
29,2024-08-07,2,8,0,29,2130,79318.0,69589.26666666666,71219.02,57405.125,37667.392,0.7142857142857143,0.7,0.66,79318.0,75838.57142857143,85331.2,0.7142857142857143,0.5714285714285714,0.6333333333333333,4364.331768434109,38962.916737150845,53290.5979846492,87659.94687992423,313753.3040166081,353025.4517111796,58353.75,2.1655565e+06
30,2024-08-08,3,8,0,30,2130,79318.0,69589.26666666666,71219.02,57405.125,37667.392,0.7142857142857143,0.7,0.66,79318.0,92724.85714285714,82229.66666666667,0.0,0.7142857142857143,0.6333333333333333,3949.0106888022324,38191.39929391683,52760.34767509568,79318.0,376017.8376113915,333457.7415403153,72946.02,2.2385025e+06
31,2024-08-09,4,8,0,31,2130,79318.0,69589.26666666666,71219.02,57405.125,37667.392,0.7142857142857143,0.7,0.66,79318.0,92724.85714285714,76923.1,0.0,0.7142857142857143,0.6,3573.2126354522175,37435.15891962583,52235.37344427678,71769.89432377624,368572.18556636083,305761.7553819413,78271.23,2.3167738e+06
32,2024-08-10,5,8,0,32,2130,79318.0,69589.26666666666,71219.02,57405.125,37667.392,0.7142857142857143,0.7,0.66,79318.0,92724.85714285714,71861.4,0.0,0.7142857142857143,0.5666666666666667,3233.1764951560513,36693.89310804478,51715.62279433194,64940.08587263936,361273.9673099182,279985.90533762664,6659.9077,2.3234338e+06
33,2024-08-11,6,8,0,33,2130,79318.0,69589.26666666666,71219.02,57405.125,37667.392,0.7142857142857143,0.7,0.66,79318.0,90735.71428571429,74129.86666666667,0.0,0.7142857142857143,0.6,2925.4990719315556,35967.30534296538,51201.04374976302,58760.2196280325,346523.64034763264,283105.1858470058,-4500.0923,2.3189338e+06
34,2024-08-12,0,8,0,34,2130,79318.0,69589.26666666666,71219.02,57405.125,37667.392,0.7142857142857143,0.7,0.66,79318.0,66169.0,74849.2,0.0,0.7142857142857143,0.6333333333333333,2647.101026713144,35255.10497959364,50691.58485223675,53168.44541145484,247698.449111974,280192.0953508738,55379.61,2.3743132e+06
35,2024-08-13,1,8,0,35,2130,79318.0,69589.26666666666,71219.02,57405.125,37667.392,0.7142857142857143,0.7,0.66,79318.0,66467.0,78731.13333333333,0.0,0.7142857142857143,0.6666666666666666,2395.196058291459,34557.007128288074,50187.19515543885,48108.798867086654,243887.1416066483,288887.8851778864,86177.75,2.460491e+06
36,2024-08-14,2,8,0,36,2130,79318.0,69589.26666666666,71219.02,57405.125,37667.392,0.7142857142857143,0.7,0.66,79318.0,66290.71428571429,83389.1,0.0,0.7142857142857143,0.7,2167.263017074351,33872.73254060006,49687.82421997928,43530.64135170599,238423.8164363631,299920.5497394694,65498.457,2.5259895e+06
37,2024-08-15,3,8,0,37,2130,79318.0,69589.26666666666,71219.02,57405.125,37667.392,0.7142857142857143,0.7,0.66,79318.0,60795.0,78992.63333333333,0.0,0.7142857142857143,0.7,1961.0206725743797,33202.00749757073,49193.42210834838,39388.15312612702,214327.9993243784,278482.3268969083,88936.98,2.6149265e+06
38,2024-08-16,4,8,0,38,2130,79318.0,69589.26666666666,71219.02,57405.125,37667.392,0.7142857142857143,0.7,0.66,79318.0,60795.0,72721.13333333333,0.0,0.7142857142857143,0.6666666666666666,1774.4048820873431,32544.563700239774,48703.93937992296,35639.87477584978,210084.02059024686,251296.1275194685,73541.375,2.688468e+06
39,2024-08-17,5,8,0,39,2130,79318.0,69589.26666666666,71219.02,57405.125,37667.392,0.7142857142857143,0.7,0.66,79318.0,60795.0,67350.46666666666,0.0,0.7142857142857143,0.6333333333333333,1605.5479320583127,31900.13816232221,48219.327086022284,32248.29227130484,205924.07826550904,228128.67454700588,15639.567,2.7041075e+06
40,2024-08-18,6,8,0,40,2130,79318.0,69589.26666666666,71219.02,57405.125,37667.392,0.7142857142857143,0.7,0.66,79318.0,57529.857142857145,68857.06666666667,0.0,0.7142857142857143,0.6666666666666666,1452.7598453766175,31268.473105010427,47739.53676501312,29179.461514836465,191005.85226261604,228613.51228999862,8764.421,2.712872e+06
41,2024-08-19,0,8,0,41,2130,79318.0,69589.26666666666,71219.02,57405.125,37667.392,0.7142857142857143,0.7,0.66,79318.0,71470.28571428571,72829.16666666667,0.0,0.7142857142857143,0.7,1314.5114675168993,30649.315853859185,47264.520437463536,26402.668616764273,232591.05410172557,237013.36121795233,61043.906,2.773916e+06
42,2024-08-20,1,8,0,42,2130,79318.0,69589.26666666666,71219.02,57405.125,37667.392,0.7142857142857143,0.7,0.66,79318.0,62444.857142857145,71869.2,0.0,0.7142857142857143,0.7,1189.4191622466506,30042.418737712476,46794.23060134493,23890.12250045205,199194.92772232142,229257.95260784926,70576.85,2.8444928e+06
43,2024-08-21,2,8,0,43,2130,79318.0,69589.26666666666,71219.02,57405.125,37667.392,0.7142857142857143,0.7,0.66,79318.0,62960.0,70609.93333333333,0.0,0.7142857142857143,0.7,1076.2309637297537,29447.538989631772,46328.620227281775,21616.67675987181,196861.33627212033,220780.90581457008,75991.29,2.920484e+06
44,2024-08-22,3,8,0,44,2130,79318.0,69589.26666666666,71219.02,57405.125,37667.392,0.7142857142857143,0.7,0.66,79318.0,69758.57142857143,70421.16666666667,0.0,0.7142857142857143,0.7,973.8140464315823,28864.438649786014,45867.642753848675,19559.577985920343,213799.85085857232,215830.6086591304,80891.41,3.0013755e+06
45,2024-08-23,4,8,0,45,2130,79318.0,69589.26666666666,71219.02,57405.125,37667.392,0.7142857142857143,0.7,0.66,79318.0,69758.57142857143,65670.73333333334,0.0,0.7142857142857143,0.6666666666666666,881.1433874203033,28292.884470264482,45411.25208291411,17698.238042653156,209566.3301647547,197285.78584764653,79329.64,3.0807052e+06
46,2024-08-24,5,8,0,46,2130,79318.0,69589.26666666666,71219.02,57405.125,37667.392,0.7142857142857143,0.7,0.66,79318.0,69758.57142857143,60058.4,0.0,0.7142857142857143,0.6333333333333333,797.2915075928468,27732.647821774543,44959.402575030676,16014.028014300076,205416.63879725803,176852.7423497137,-607.3085,3.080098e+06
47,2024-08-25,6,8,0,47,2130,79318.0,69589.26666666666,71219.02,57405.125,37667.392,0.7142857142857143,0.7,0.66,79318.0,72894.57142857143,62296.73333333333,0.0,0.7142857142857143,0.6666666666666666,721.4191891523087,27183.504602186887,44512.04904487103,14490.091760814808,210400.7762465496,179811.48381949554,-422.58282,3.0796755e+06
48,2024-08-26,0,8,0,48,2130,79318.0,69589.26666666666,71219.02,57405.125,37667.392,0.7142857142857143,0.7,0.66,79318.0,76199.14285714286,67039.9,0.0,0.7142857142857143,0.7,652.7670764341708,26645.235146891664,44069.146756709386,13111.1772159598,215583.9114504337,189670.42572042713,78432.555,3.158108e+06
49,2024-08-27,1,8,0,49,2130,79318.0,69589.26666666666,71219.02,57405.125,37667.392,0.7142857142857143,0.7,0.66,79318.0,82884.85714285714,68593.23333333334,0.0,0.7142857142857143,0.7,590.6480760195767,26117.624140929736,43630.65141994782,11863.483739500967,229855.85184050025,190222.39552338133,79691.13,3.2377992e+06
50,2024-08-28,2,8,0,50,2130,79318.0,69589.26666666666,71219.02,57405.125,37667.392,0.7142857142857143,0.7,0.66,79318.0,74525.57142857143,70011.16666666667,0.0,0.7142857142857143,0.7,534.4404800734611,25600.46053286381,43196.51918468723,10734.523995761647,202581.50656981234,190310.08213921761,86602.695,3.324402e+06
51,2024-08-29,3,8,0,51,2130,79318.0,69589.26666666666,71219.02,57405.125,37667.392,0.7142857142857143,0.7,0.66,79318.0,56336.42857142857,67422.13333333333,0.0,0.5714285714285714,0.6666666666666666,483.5817440835694,25093.53745035506,42766.706637342344,9712.998976170018,150105.9487551536,179643.3240041974,73854.734,3.3982568e+06
52,2024-08-30,4,8,0,52,2130,79318.0,69589.26666666666,71219.02,57405.125,37667.392,0.7142857142857143,0.7,0.66,79318.0,56336.42857142857,65243.46666666667,0.0,0.5714285714285714,0.6333333333333333,437.56285672590286,24596.652117411406,42341.17079630023,8788.684914983598,147133.6518252534,170396.13180723207,78596.664,3.4768535e+06
53,2024-08-31,5,8,0,53,2130,79318.0,69589.26666666666,71219.02,57405.125,37667.392,0.7142857142857143,0.7,0.66,79318.0,56336.42857142857,65243.46666666667,0.0,0.5714285714285714,0.6333333333333333,395.9232455083046,24109.605773274452,41919.86910762217,7952.330966405348,144220.2103178914,167022.06233405188,-3846.4207,3.473007e+06
54,2024-09-01,6,9,0,54,2130,79318.0,69589.26666666666,71219.02,57405.125,37667.392,0.7142857142857143,0.7,0.66,79318.0,64705.28571428572,69434.53333333334,0.0,0.5714285714285714,0.6666666666666666,358.2461672061514,23632.203592912505,41502.75944078822,7195.566619009622,162364.3516209396,174231.4072230449,262.87628,3.47327e+06
55,2024-09-02,0,9,0,55,2130,79318.0,69589.26666666666,71219.02,57405.125,37667.392,0.7142857142857143,0.7,0.66,79318.0,58667.42857142857,72768.86666666667,0.0,0.5714285714285714,0.7,324.15453695609284,23164.254609087977,41089.800084484086,6510.817920850405,144298.58983786384,178982.5308486986,80674.76,3.5539448e+06
56,2024-09-03,1,9,0,56,2130,79318.0,69589.26666666666,71219.02,57405.125,37667.392,0.7142857142857143,0.7,0.66,79318.0,61934.42857142857,74134.56666666667,0.0,0.5714285714285714,0.7,293.3071542639932,22705.571635967925,40680.94974243003,5891.231676804535,149317.6956599748,178731.00501203374,93277.945,3.6472228e+06
57,2024-09-04,2,9,0,57,2130,79318.0,69589.26666666666,71219.02,57405.125,37667.392,0.7142857142857143,0.7,0.66,79318.0,65811.57142857143,71415.33333333333,0.0,0.5714285714285714,0.7,265.39528815570634,22255.97119424726,40276.167529251106,5330.606859491471,155523.31879101132,168765.90866123055,95485.55,3.7427082e+06
58,2024-09-05,3,9,0,58,2130,79318.0,69589.26666666666,71219.02,57405.125,37667.392,0.7142857142857143,0.7,0.66,79318.0,65811.57142857143,67602.93333333333,0.0,0.5714285714285714,0.6666666666666666,240.13958729371893,21815.273437754524,39875.4129663887,4823.332547307039,152443.75074721288,156593.20230686702,102929.45,3.8456378e+06
59,2024-09-06,4,9,0,59,2130,79318.0,69589.26666666666,71219.02,57405.125,37667.392,0.7142857142857143,0.7,0.66,79318.0,65811.57142857143,62903.833333333336,0.0,0.5714285714285714,0.6333333333333333,217.28728413506946,21383.302081511083,39478.645978052555,4364.331768434109,149425.16223632375,142823.14336349888,118131.61,3.9637692e+06
60,2024-09-07,5,9,0,60,2130,79318.0,69589.26666666666,71219.02,57405.125,37667.392,0.7142857142857143,0.7,0.66,79318.0,65811.57142857143,58963.7,0.0,0.5714285714285714,0.6,196.60966514882222,20959.884331214744,39085.826887213196,3949.0106888022324,146466.34578269123,131226.1276453513,2076.4004,3.9658458e+06
61,2024-09-08,6,9,0,61,2130,79318.0,69589.26666666666,71219.02,57405.125,37667.392,0.7142857142857143,0.7,0.66,79318.0,49198.42857142857,59278.36666666667,0.0,0.5714285714285714,0.6333333333333333,177.89978177417495,20544.850814119738,38696.916411634185,3573.2126354522175,107325.0074346657,129314.11282736638,1503.5682,3.9673492e+06
62,2024-09-09,0,9,0,62,2130,79318.0,69589.26666666666,71219.02,57405.125,37667.392,0.7142857142857143,0.7,0.66,79318.0,48308.71428571428,62405.1,0.0,0.5714285714285714,0.6666666666666666,160.97037920970504,20138.035511285376,38311.87565994388,3233.1764951560513,103297.3749999178,133439.341367726,78257.23,4.0456065e+06
63,2024-09-10,1,9,0,63,2130,79318.0,69589.26666666666,71219.02,57405.125,37667.392,0.7142857142857143,0.7,0.66,79318.0,47170.857142857145,63969.433333333334,0.0,0.5714285714285714,0.6666666666666666,145.65202230437885,19739.275691166255,37930.66612774623,2925.4990719315556,98867.07473485445,134075.80716541293,94315.19,4.1399218e+06
64,2024-09-11,2,9,0,64,2130,79318.0,69589.26666666666,71219.02,57405.125,37667.392,0.7142857142857143,0.7,0.66,79318.0,36980.857142857145,64604.76666666667,0.0,0.5714285714285714,0.6666666666666666,131.79139979361008,19348.411844517446,37553.249693770354,2647.101026713144,75974.70107236295,132726.17820589922,105376.32,4.245298e+06
65,2024-09-12,3,9,0,65,2130,79318.0,69589.26666666666,71219.02,57405.125,37667.392,0.7142857142857143,0.7,0.66,79318.0,53022.42857142857,64465.86666666667,0.0,0.7142857142857143,0.6666666666666666,119.24978990859509,18965.28762058871,37179.58861605834,2395.196058291459,106774.05909237424,129818.31353943076,110229.37,4.3555275e+06
66,2024-09-13,4,9,0,66,2130,79318.0,69589.26666666666,71219.02,57405.125,37667.392,0.7142857142857143,0.7,0.66,79318.0,53022.42857142857,59807.9,0.0,0.7142857142857143,0.6333333333333333,107.90167200222385,18589.749764582084,36809.64552819102,2167.263017074351,104659.79106592233,118053.4820214654,126561.5,4.482089e+06
67,2024-09-14,5,9,0,67,2130,79318.0,69589.26666666666,71219.02,57405.125,37667.392,0.7142857142857143,0.7,0.66,79318.0,53022.42857142857,57150.1,0.0,0.7142857142857143,0.6,97.63347029625517,18221.648056347927,36443.383435551325,1961.0206725743797,102587.38835137927,110573.57539030955,5543.971,4.487633e+06
68,2024-09-15,6,9,0,68,2130,79318.0,69589.26666666666,71219.02,57405.125,37667.392,0.7142857142857143,0.7,0.66,79318.0,70781.0,61608.433333333334,0.0,0.7142857142857143,0.6333333333333333,88.34241717675411,17860.835250294855,36080.76571162477,1774.4048820873431,134234.81311808378,116839.21582060048,264.67236,4.4878975e+06
69,2024-09-16,0,9,0,69,2130,79318.0,69589.26666666666,71219.02,57405.125,37667.392,0.7142857142857143,0.7,0.66,79318.0,69133.0,64350.63333333333,0.0,0.7142857142857143,0.6666666666666666,79.93552466126975,17507.167016489544,35721.75609433679,1605.5479320583127,128513.27231696316,119623.19681390528,73942.14,4.5618395e+06
70,2024-09-17,1,9,0,70,2130,79318.0,69589.26666666666,71219.02,57405.125,37667.392,0.7142857142857143,0.7,0.66,79318.0,65602.85714285714,65853.13333333333,0.0,0.7142857142857143,0.6666666666666666,72.32865374385312,17160.50188292284,35366.31868242647,1452.7598453766175,119536.1993593328,119992.23231128957,103940.91,4.6657805e+06
71,2024-09-18,2,9,0,71,2130,79318.0,69589.26666666666,71219.02,57405.125,37667.392,0.7142857142857143,0.7,0.66,79318.0,63267.42857142857,62690.76666666667,0.0,0.7142857142857143,0.6666666666666666,65.44567230360502,16820.70117891904,35014.41793185643,1314.5114675168993,112998.05884330664,111968.11851985235,104333.44,4.770114e+06
72,2024-09-19,3,9,0,72,2130,79318.0,69589.26666666666,71219.02,57405.125,37667.392,0.7142857142857143,0.7,0.66,79318.0,60720.71428571428,64063.566666666666,0.0,0.7142857142857143,0.6666666666666666,59.21769314882144,16487.62897966582,34666.018652258346,1189.4191622466506,106302.08469833662,112154.32443421929,107776.92,4.877891e+06
73,2024-09-20,4,9,0,73,2130,79318.0,69589.26666666666,71219.02,57405.125,37667.392,0.7142857142857143,0.7,0.66,79318.0,60720.71428571428,59285.4,0.0,0.7142857142857143,0.6333333333333333,53.58238457082535,16161.152051842448,34321.08600341393,1076.2309637297537,104197.16239105188,101734.15322737422,122066.42,4.9999575e+06
74,2024-09-21,5,9,0,74,2130,79318.0,69589.26666666666,71219.02,57405.125,37667.392,0.7142857142857143,0.7,0.66,79318.0,60720.71428571428,55041.26666666667,0.0,0.7142857142857143,0.6,48.483346507275414,15841.139800324712,33979.58549177086,973.8140464315823,102133.92033803758,92580.932407783,12338.337,5.012296e+06
75,2024-09-22,6,9,0,75,2130,79318.0,69589.26666666666,71219.02,57405.125,37667.392,0.7142857142857143,0.7,0.66,79318.0,58866.857142857145,59067.03333333333,0.0,0.7142857142857143,0.6333333333333333,43.86954607138587,15527.464215945121,33641.48296699338,881.1433874203033,97055.03951069435,97385.07425382016,5975.861,5.018272e+06
76,2024-09-23,0,9,0,76,2130,79318.0,69589.26666666666,71219.02,57405.125,37667.392,0.7142857142857143,0.7,0.66,79318.0,56398.42857142857,61233.26666666667,0.0,0.7142857142857143,0.6666666666666666,39.69480679764237,15219.999824287524,33306.744618547265,797.2915075928468,91144.05673819003,98957.51482265137,70883.555,5.0891555e+06
77,2024-09-24,1,9,0,77,2130,79318.0,69589.26666666666,71219.02,57405.125,37667.392,0.7142857142857143,0.7,0.66,79318.0,62871.142857142855,63514.333333333336,0.0,0.7142857142857143,0.6666666666666666,35.91734649221496,14918.623635495682,32975.33697231872,721.4191891523087,99592.54180687164,100611.40310760119,104648.625,5.193804e+06
78,2024-09-25,2,9,0,78,2130,79318.0,69589.26666666666,71219.02,57405.125,37667.392,0.7142857142857143,0.7,0.66,79318.0,72290.42857142857,61778.73333333333,0.0,0.7142857142857143,0.6666666666666666,32.49935906271873,14623.21509507567,32647.22688726694,652.7670764341708,112245.87027213526,95924.28519715356,110905.24,5.304709e+06
79,2024-09-26,3,9,0,79,2130,79318.0,69589.26666666666,71219.02,57405.125,37667.392,0.7142857142857143,0.7,0.66,79318.0,64587.0,59794.066666666666,0.0,0.7142857142857143,0.6666666666666666,29.40663614213396,14333.656035672488,32322.381552110008,590.6480760195767,98298.93099274069,91004.27072076428,114187.63,5.4188965e+06
80,2024-09-27,4,9,0,80,2130,79318.0,69589.26666666666,71219.02,57405.125,37667.392,0.7142857142857143,0.7,0.66,79318.0,64587.0,56966.4,0.0,0.7142857142857143,0.6333333333333333,26.608224719971435,14049.830629801538,32000.768482043688,534.4404800734611,96352.48174655673,84983.88245571166,129192.82,5.5480895e+06
81,2024-09-28,5,9,0,81,2130,79318.0,69589.26666666666,71219.02,57405.125,37667.392,0.7142857142857143,0.7,0.66,79318.0,64587.0,56966.4,0.0,0.7142857142857143,0.6333333333333333,24.076117354139555,13771.625343516082,31682.355515492967,483.5817440835694,94444.57477778825,83301.0888355458,-1179.6415,5.54691e+06
82,2024-09-29,6,9,0,82,2130,79318.0,69589.26666666666,71219.02,57405.125,37667.392,0.7142857142857143,0.7,0.66,79318.0,61649.57142857143,60306.76666666667,0.0,0.7142857142857143,0.6666666666666666,21.7849718630504,13498.928890992154,31367.110810895858,437.56285672590286,88364.14412361015,86439.46256036038,-6717.3716,5.5401925e+06
83,2024-09-30,0,9,0,83,2130,79318.0,69589.26666666666,71219.02,57405.125,37667.392,0.7142857142857143,0.7,0.66,79318.0,69232.42857142857,64242.333333333336,0.0,0.7142857142857143,0.7,19.711857692548524,13231.63219001274,31055.002843519174,395.9232455083046,97267.93371029467,90257.11142884991,85748.766,5.6259415e+06
84,2024-10-01,1,10,0,84,2130,79318.0,69589.26666666666,71219.02,57405.125,37667.392,0.7142857142857143,0.7,0.66,79318.0,66502.85714285714,63933.76666666667,0.0,0.7142857142857143,0.7,17.83602641921788,12969.628318333444,30746.0004023061,358.2461672061514,91582.9309790964,88044.96515524341,99983.26,5.725925e+06
85,2024-10-02,2,10,0,85,2130,79318.0,69589.26666666666,71219.02,57405.125,37667.392,0.7142857142857143,0.7,0.66,79318.0,57069.28571428572,61405.833333333336,0.0,0.7142857142857143,0.7,16.138704093186274,12712.812470912166,30440.072586755006,324.15453695609284,77035.47796349996,82889.20496154412,95595.0,5.82152e+06
86,2024-10-03,3,10,0,86,2130,79318.0,69589.26666666666,71219.02,57405.125,37667.392,0.7142857142857143,0.7,0.66,79318.0,51277.857142857145,57307.53333333333,0.0,0.5714285714285714,0.6666666666666666,14.602903342125046,12461.081917985677,30137.188803829402,293.3071542639932,67847.26149849447,75825.30582485475,88683.6,5.9102035e+06
87,2024-10-04,4,10,0,87,2130,79318.0,69589.26666666666,71219.02,57405.125,37667.392,0.7142857142857143,0.7,0.66,79318.0,51277.857142857145,53575.2,0.0,0.5714285714285714,0.6333333333333333,13.213253355917118,12214.335963976358,29837.318764898588,265.39528815570634,66503.79570832079,69483.28877913606,115153.805,6.0253575e+06
88,2024-10-05,5,10,0,88,2130,79318.0,69589.26666666666,71219.02,57405.125,37667.392,0.7142857142857143,0.7,0.66,79318.0,51277.857142857145,53575.2,0.0,0.5714285714285714,0.6333333333333333,11.955846050423006,11972.475907212616,29540.43248270878,240.13958729371893,65186.93232315952,68107.42747829932,-11112.274,6.014245e+06
89,2024-10-06,6,10,0,89,2130,79318.0,69589.26666666666,71219.02,57405.125,37667.392,0.7142857142857143,0.7,0.66,79318.0,55118.857142857145,57811.8,0.0,0.5714285714285714,0.6666666666666666,10.818096870700181,11735.405000446895,29246.500268384352,217.28728413506946,68682.32530228433,72037.93873337154,-9047.718,6.0051975e+06
90,2024-10-07,0,10,0,90,2130,79318.0,69589.26666666666,71219.02,57405.125,37667.392,0.7142857142857143,0.7,0.66,79318.0,57360.0,62270.3,0.0,0.5714285714285714,0.7,9.78861884054725,11503.02841215551,28955.492728458925,196.60966514882222,70059.66220806734,76057.11617146122,87433.41,6.092631e+06
91,2024-10-08,1,10,0,91,2130,79318.0,69589.26666666666,71219.02,57405.125,37667.392,0.7142857142857143,0.7,0.66,79318.0,56280.142857142855,65586.16666666667,0.0,0.5714285714285714,0.7,8.857108597818923,11275.253188604742,28667.380761936,177.89978177417495,67379.56422754735,78520.89751393424,97848.45,6.1904795e+06
92,2024-10-09,2,10,0,92,2130,79318.0,69589.26666666666,71219.02,57405.125,37667.392,0.7142857142857143,0.7,0.66,79318.0,73195.57142857143,67212.76666666666,0.0,0.5714285714285714,0.7,8.014243274914575,11051.988216668131,28382.135557378835,160.97037920970504,85895.79877988613,78874.91235276932,110297.81,6.3007775e+06
93,2024-10-10,3,10,0,93,2130,79318.0,69589.26666666666,71219.02,57405.125,37667.392,0.7142857142857143,0.7,0.66,79318.0,90127.42857142857,67330.73333333334,0.0,0.7142857142857143,0.7,7.251587192385747,10833.144187379996,28099.728590029266,145.65202230437885,103671.21964409055,77448.77841117629,121068.58,6.421846e+06
94,2024-10-11,4,10,0,94,2130,79318.0,69589.26666666666,71219.02,57405.125,37667.392,0.7142857142857143,0.7,0.66,79318.0,90127.42857142857,65976.06666666667,0.0,0.7142857142857143,0.6666666666666666,6.561507431820955,10618.633560210661,27820.131618955227,131.79139979361008,101618.39195523078,74387.80744625766,120949.61,6.5427955e+06
95,2024-10-12,5,10,0,95,2130,79318.0,69589.26666666666,71219.02,57405.125,37667.392,0.7142857142857143,0.7,0.66,79318.0,90127.42857142857,62233.03333333333,0.0,0.7142857142857143,0.6333333333333333,5.937097443032636,10408.370528049078,27543.316684226593,119.24978990859509,99606.21297808307,68778.13858363239,-2513.155,6.5402825e+06
96,2024-10-13,6,10,0,96,2130,79318.0,69589.26666666666,71219.02,57405.125,37667.392,0.7142857142857143,0.7,0.66,79318.0,78666.42857142857,63795.4,0.0,0.7142857142857143,0.6666666666666666,5.372107920981549,10202.270982878837,27269.256104119228,107.90167200222385,85218.32473160443,69108.73179715106,-952.28644,6.53933e+06
97,2024-10-14,0,10,0,97,2130,79318.0,69589.26666666666,71219.02,57405.125,37667.392,0.7142857142857143,0.7,0.66,79318.0,85800.0,69918.4,0.0,0.7142857142857143,0.7,4.860884260631473,10000.252482133843,26997.922472346723,97.63347029625517,91105.57569359186,74241.91239597707,112390.766,6.651721e+06
98,2024-10-15,1,10,0,98,2130,79318.0,69589.26666666666,71219.02,57405.125,37667.392,0.7142857142857143,0.7,0.66,79318.0,87494.28571428571,69485.93333333333,0.0,0.7142857142857143,0.7,4.398309963761411,9802.234215720178,26729.288655319804,88.34241717675411,91064.99525169573,72321.70806814735,125664.7,6.7773855e+06
99,2024-10-16,2,10,0,99,2130,79318.0,69589.26666666666,71219.02,57405.125,37667.392,0.7142857142857143,0.7,0.66,79318.0,79318.0,69589.26666666666,0.0,0.7142857142857143,0.7,3.979755431331711,9608.136973691004,26463.327789432897,79.93552466126975,80920.32988824221,70995.06310481258,121032.34,6.898418e+06
100,2024-10-17,3,10,0,100,2130,79318.0,69589.26666666666,71219.02,57405.125,37667.392,0.7142857142857143,0.7,0.66,79318.0,79318.0,69589.26666666666,0.0,0.0,0.36666666666666664,3.6010316289007736,9417.883114561504,26200.013278377777,72.32865374385312,79318.0,69589.26666666666,142915.81,7.041334e+06
101,2024-10-18,4,10,0,101,2130,79318.0,69589.26666666666,71219.02,57405.125,37667.392,0.7142857142857143,0.7,0.66,79318.0,79318.0,69589.26666666666,0.0,0.0,0.36666666666666664,3.2583481613604026,9231.396534251278,25939.318790483914,65.44567230360502,77747.39836934522,68211.30686305667,150221.23,7.191555e+06
102,2024-10-19,5,10,0,102,2130,79318.0,69589.26666666666,71219.02,57405.125,37667.392,0.7142857142857143,0.7,0.66,79318.0,79318.0,69589.26666666666,0.0,0.0,0.36666666666666664,2.9482753373875643,9048.60263564168,25681.218256085267,59.21769314882144,76207.89673468396,66860.63249168813,32857.117,7.224412e+06
103,2024-10-20,6,10,0,103,2130,79318.0,69589.26666666666,71219.02,57405.125,37667.392,0.7142857142857143,0.7,0.66,79318.0,79318.0,69589.26666666666,0.0,0.0,0.36666666666666664,2.667709843940857,8869.428298735986,25425.68586491332,53.58238457082535,74698.87927483545,65536.70326480323,24091.52,7.2485035e+06
104,2024-10-21,0,10,0,104,2130,79318.0,69589.26666666666,71219.02,57405.125,37667.392,0.7142857142857143,0.7,0.66,79318.0,79318.0,69589.26666666666,0.0,0.0,0.36666666666666664,2.4138436872605586,8693.801851410404,25172.696063516003,48.483346507275414,73219.74236269518,64238.98959305863,116459.68,7.364963e+06
105,2024-10-22,1,10,0,105,2130,79318.0,69589.26666666666,71219.02,57405.125,37667.392,0.7142857142857143,0.7,0.66,79318.0,79318.0,69589.26666666666,0.0,0.0,0.36666666666666664,2.184136089523245,8521.653040744292,24922.223552702355,43.86954607138587,71769.89432377624,62966.972373682525,121688.36,7.4866515e+06
106,2024-10-23,2,10,0,106,2130,79318.0,69589.26666666666,71219.02,57405.125,37667.392,0.7142857142857143,0.7,0.66,79318.0,79318.0,69589.26666666666,0.0,0.0,0.36666666666666664,1.9762880598833712,8352.913004918031,24674.243285012566,39.69480679764237,70348.7551995315,61720.142782826726,126722.85,7.6133745e+06
107,2024-10-24,3,10,0,107,2130,79318.0,69589.26666666666,71219.02,57405.125,37667.392,0.7142857142857143,0.7,0.66,79318.0,79318.0,69589.26666666666,0.0,0.0,0.36666666666666664,1.788219385400166,8187.514245667397,24428.730462213218,35.91734649221496,68955.75651536249,60498.00207203027,142860.69,7.756235e+06
108,2024-10-25,4,10,0,108,2130,79318.0,69589.26666666666,71219.02,57405.125,37667.392,0.7142857142857143,0.7,0.66,79318.0,79318.0,69589.26666666666,0.0,0.0,0.36666666666666664,1.6180478115673345,8025.390601283342,24185.660532817434,32.49935906271873,67590.34105322196,59300.0613687134,149313.6,7.9055485e+06
109,2024-10-26,5,10,0,109,2130,79318.0,69589.26666666666,71219.02,57405.125,37667.392,0.7142857142857143,0.7,0.66,79318.0,79318.0,69589.26666666666,0.0,0.0,0.36666666666666664,1.4640702040773224,7866.477220146435,23945.009189629716,29.40663614213396,66251.96262871927,58125.841480622046,18232.256,7.923781e+06
110,2024-10-27,6,10,0,110,2130,79318.0,69589.26666666666,71219.02,57405.125,37667.392,0.7142857142857143,0.7,0.66,79318.0,79318.0,69589.26666666666,0.0,0.0,0.36666666666666664,1.3247455032807052,7710.710534785348,23706.752367315203,26.608224719971435,64940.08587263936,56974.872704144494,21459.322,7.9452405e+06
111,2024-10-28,0,10,0,111,2130,79318.0,69589.26666666666,71219.02,57405.125,37667.392,0.7142857142857143,0.7,0.66,79318.0,79318.0,69589.26666666666,0.0,0.0,0.36666666666666664,1.1986793007432615,7558.028236449019,23470.866239993113,24.076117354139555,63654.18601678787,55846.6946364237,112970.3,8.058211e+06
112,2024-10-29,1,10,0,112,2130,79318.0,69589.26666666666,71219.02,57405.125,37667.392,0.7142857142857143,0.7,0.66,79318.0,79318.0,69589.26666666666,0.0,0.0,0.36666666666666664,1.0846098835376827,7408.369250182324,23237.32721885414,21.7849718630504,62393.74868407689,54740.85599119,125590.26,8.1838015e+06
113,2024-10-30,2,10,0,113,2130,79318.0,69589.26666666666,71219.02,57405.125,37667.392,0.7142857142857143,0.7,0.66,79318.0,79318.0,69589.26666666666,0.0,0.0,0.36666666666666664,0.9813956065965181,7261.673710395278,23006.11194980156,19.711857692548524,61158.26968276727,53656.91441824058,127473.69,8.311275e+06
114,2024-10-31,3,10,0,114,2130,79318.0,69589.26666666666,71219.02,57405.125,37667.392,0.7142857142857143,0.7,0.66,79318.0,79318.0,69589.26666666666,0.0,0.0,0.36666666666666664,0.8880034667446282,7117.882936915995,22777.19731111579,17.83602641921788,59947.25480478523,52594.43632649353,143611.52,8.454887e+06
115,2024-11-01,4,11,0,115,2130,79318.0,69589.26666666666,71219.02,57405.125,37667.392,0.7142857142857143,0.7,0.66,79318.0,79318.0,69589.26666666666,0.0,0.0,0.36666666666666664,0.8034987640561907,6976.939411517849,22550.560411142185,16.138704093186274,58760.2196280325,51552.99671054558,154889.83,8.609777e+06
116,2024-11-02,5,11,0,116,2130,79318.0,69589.26666666666,71219.02,57405.125,37667.392,0.7142857142857143,0.7,0.66,79318.0,79318.0,69589.26666666666,0.0,0.0,0.36666666666666664,0.7270357470636885,6838.78675491141,22326.178586001886,14.602903342125046,57596.68932261102,50532.1789806643,16301.372,8.626078e+06
117,2024-11-03,6,11,0,117,2130,79318.0,69589.26666666666,71219.02,57405.125,37667.392,0.7142857142857143,0.7,0.66,79318.0,79318.0,69589.26666666666,0.0,0.0,0.36666666666666664,0.6578491481929531,6703.369704191974,22104.029397325405,13.213253355917118,56456.198460884676,49531.57479614664,15993.258,8.642071e+06
118,2024-11-04,0,11,0,118,2130,79318.0,69589.26666666666,71219.02,57405.125,37667.392,0.7142857142857143,0.7,0.66,79318.0,79318.0,69589.26666666666,0.0,0.0,0.36666666666666664,0.5952465247080663,6570.634090733669,21884.09063000874,11.955846050423006,55338.29083130204,48550.78390197726,112102.53,8.754174e+06
119,2024-11-05,1,11,0,119,2130,79318.0,69589.26666666666,71219.02,57405.125,37667.392,0.7142857142857143,0.7,0.66,79318.0,79318.0,69589.26666666666,0.0,0.0,0.36666666666666664,0.5386013285117248,6440.526818521282,21666.34028999188,10.818096870700181,54242.51925590564,47589.413968721085,132191.1,8.886365e+06
120,2024-11-06,2,11,0,120,2130,79318.0,69589.26666666666,71219.02,57405.125,37667.392,0.7142857142857143,0.7,0.66,79318.0,79318.0,69589.26666666666,0.0,0.0,0.36666666666666664,0.4873466354412869,6312.9958429111375,21450.756602059362,9.78861884054725,53168.44541145484,46647.08043558638,135884.22,9.022249e+06
121,2024-11-07,3,11,0,121,2130,79318.0,69589.26666666666,71219.02,57405.125,37667.392,0.7142857142857143,0.7,0.66,79318.0,79318.0,69589.26666666666,0.0,0.0,0.36666666666666664,0.4409694713012063,6187.990149812558,21237.31800766274,8.857108597818923,52115.63965409067,45723.40635659527,151751.89,9.174001e+06
122,2024-11-08,4,11,0,122,2130,79318.0,69589.26666666666,71219.02,57405.125,37667.392,0.7142857142857143,0.7,0.66,79318.0,79318.0,69589.26666666666,0.0,0.0,0.36666666666666664,0.39900567784486585,6065.459735281539,21026.003162764708,8.014243274914575,51083.68084747261,44818.02224980035,157158.73,9.33116e+06
123,2024-11-09,5,11,0,123,2130,79318.0,69589.26666666666,71219.02,57405.125,37667.392,0.7142857142857143,0.7,0.66,79318.0,79318.0,69589.26666666666,0.0,0.0,0.36666666666666664,0.36103526732283575,5945.355585518509,20816.79093570468,7.251587192385747,50072.156194318355,43930.56594948693,23079.963,9.35424e+06
124,2024-11-10,6,11,0,124,2130,79318.0,69589.26666666666,71219.02,57405.125,37667.392,0.7142857142857143,0.7,0.66,79318.0,79318.0,69589.26666666666,0.0,0.0,0.36666666666666664,0.3266782191043173,5827.6296572621495,20609.660405085604,6.561507431820955,49080.66107127948,43060.682461302014,24747.004,9.378987e+06
125,2024-11-11,0,11,0,125,2130,79318.0,69589.26666666666,71219.02,57405.125,37667.392,0.7142857142857143,0.7,0.66,79318.0,79318.0,69589.26666666666,0.0,0.0,0.36666666666666664,0.295590676302936,5712.23485857146,20404.59085768182,5.937097443032636,48108.798867086654,42208.0238202517,126328.34,9.505315e+06
126,2024-11-12,1,11,0,126,2130,79318.0,69589.26666666666,71219.02,57405.125,37667.392,0.7142857142857143,0.7,0.66,79318.0,79318.0,69589.26666666666,0.0,0.0,0.36666666666666664,0.26746150434145183,5599.125029988346,20201.561786367678,5.372107920981549,47156.18082389988,41372.24895151065,150986.95,9.656302e+06
127,2024-11-13,2,11,0,127,2130,79318.0,69589.26666666666,71219.02,57405.125,37667.392,0.7142857142857143,0.7,0.66,79318.0,79318.0,69589.26666666666,0.0,0.0,0.36666666666666664,0.24200917701233296,5488.254926073223,20000.552888066868,4.860884260631473,46222.42588180011,40553.02353398753,144175.03,9.800477e+06
128,2024-11-14,3,11,0,128,2130,79318.0,69589.26666666666,71219.02,57405.125,37667.392,0.7142857142857143,0.7,0.66,79318.0,79318.0,69589.26666666666,0.0,0.0,0.36666666666666664,0.21897895886884652,5379.580197306237,19801.544061722045,4.398309963761411,45307.1605263603,39750.0198665922,162612.69,9.96309e+06
129,2024-11-15,4,11,0,129,2130,79318.0,69589.26666666666,71219.02,57405.125,37667.392,0.7142857142857143,0.7,0.66,79318.0,79318.0,69589.26666666666,0.0,0.0,0.36666666666666664,0.19814035574708974,5273.057372346867,19604.515406284736,3.979755431331711,44410.01863923456,38962.916737150845,164193.67,1.0127284e+07
130,2024-11-16,5,11,0,130,2130,79318.0,69589.26666666666,71219.02,57405.125,37667.392,0.7142857142857143,0.7,0.66,79318.0,79318.0,69589.26666666666,0.0,0.0,0.36666666666666664,0.17928480790292325,5168.643840644803,19409.447218725203,3.6010316289007736,43530.64135170599,38191.39929391683,24275.76,1.015156e+07
131,2024-11-17,6,11,0,131,2130,79318.0,69589.26666666666,71219.02,57405.125,37667.392,0.7142857142857143,0.7,0.66,79318.0,79318.0,69589.26666666666,0.0,0.0,0.36666666666666664,0.16222360267595415,5066.2978353951685,19216.319992062137,3.2583481613604026,42668.67690113439,37435.15891962583,21223.28,1.0172783e+07
132,2024-11-18,0,11,0,132,2130,79318.0,69589.26666666666,71219.02,57405.125,37667.392,0.7142857142857143,0.7,0.66,79318.0,79318.0,69589.26666666666,0.0,0.0,0.36666666666666664,0.1467859857898018,4965.978416831231,19025.114413411935,2.9482753373875643,41823.78049024652,36693.89310804478,133890.2,1.0306673e+07
133,2024-11-19,1,11,0,133,2130,79318.0,69589.26666666666,71219.02,57405.125,37667.392,0.7142857142857143,0.7,0.66,79318.0,79318.0,69589.26666666666,0.0,0.0,0.36666666666666664,0.13281745238590711,4867.645455847954,18835.81136205739,2.667709843940857,40995.6141492126,35967.30534296538,137065.72,1.0443739e+07
134,2024-11-20,2,11,0,134,2130,79318.0,69589.26666666666,71219.02,57405.125,37667.392,0.7142857142857143,0.7,0.66,79318.0,79318.0,69589.26666666666,0.0,0.0,0.36666666666666664,0.12017820068697822,4771.25961794982,18648.39190753561,2.4138436872605586,40183.846600453835,35255.10497959364,129458.86,1.0573198e+07
135,2024-11-21,3,11,0,135,2130,79318.0,69589.26666666666,71219.02,57405.125,37667.392,0.7142857142857143,0.7,0.66,79318.0,79318.0,69589.26666666666,0.0,0.0,0.36666666666666664,0.10874173281381282,4676.78234751651,18462.83730774496,2.184136089523245,39388.15312612702,34557.007128288074,143751.95,1.071695e+07
136,2024-11-22,4,11,0,136,2130,79318.0,69589.26666666666,71219.02,57405.125,37667.392,0.7142857142857143,0.7,0.66,79318.0,79318.0,69589.26666666666,0.0,0.0,0.36666666666666664,0.0983935887520066,4584.1758523801345,18279.129007070835,1.9762880598833712,38608.21543823303,33872.73254060006,146940.52,1.0863891e+07
137,2024-11-23,5,11,0,137,2130,79318.0,69589.26666666666,71219.02,57405.125,37667.392,0.7142857142857143,0.7,0.66,79318.0,79318.0,69589.26666666666,0.0,0.0,0.36666666666666664,0.08903020079765771,4493.403088707872,18097.248634530075,1.788219385400166,37843.72155129741,33202.00749757073,16270.076,1.0880161e+07
138,2024-11-24,6,11,0,138,2130,79318.0,69589.26666666666,71219.02,57405.125,37667.392,0.7142857142857143,0.7,0.66,79318.0,79318.0,69589.26666666666,0.0,0.0,0.36666666666666664,0.08055785701697553,4404.427746183935,17917.178001933862,1.6180478115673345,37094.36565757198,32544.563700239774,18366.383,1.0898527e+07
139,2024-11-25,0,11,0,139,2130,79318.0,69589.26666666666,71219.02,57405.125,37667.392,0.7142857142857143,0.7,0.66,79318.0,79318.0,69589.26666666666,0.0,0.0,0.36666666666666664,0.07289176334575016,4317.214233484955,17738.899102068874,1.4640702040773224,36359.84800470772,31900.13816232221,112393.195,1.101092e+07
140,2024-11-26,1,11,0,140,2130,79318.0,69589.26666666666,71219.02,57405.125,37667.392,0.7142857142857143,0.7,0.66,79318.0,79318.0,69589.26666666666,0.0,0.0,0.36666666666666664,0.0659551949418568,4231.727664042994,17562.394106896554,1.3247455032807052,35639.87477584978,31268.473105010427,118196.08,1.1129116e+07
141,2024-11-27,2,11,0,141,2130,79318.0,69589.26666666666,71219.02,57405.125,37667.392,0.7142857142857143,0.7,0.66,79318.0,79318.0,69589.26666666666,0.0,0.0,0.36666666666666664,0.05967872829724811,4147.933842090437,17387.645365770302,1.1986793007432615,34934.157972106856,30649.315853859185,97129.52,1.1226246e+07
142,2024-11-28,3,11,0,142,2130,79318.0,69589.26666666666,71219.02,57405.125,37667.392,0.7142857142857143,0.7,0.66,79318.0,79318.0,69589.26666666666,0.0,0.0,0.36666666666666664,0.05399954642415155,4065.7992489812386,17214.635403670378,1.0846098835376827,34242.41529734775,30042.418737712476,105364.555,1.1331611e+07
143,2024-11-29,4,11,0,143,2130,79318.0,69589.26666666666,71219.02,57405.125,37667.392,0.7142857142857143,0.7,0.66,79318.0,79318.0,69589.26666666666,0.0,0.0,0.36666666666666664,0.04886081016154215,3985.2910297830117,17043.346919456402,0.9813956065965181,33564.3700452792,29447.538989631772,108747.12,1.1440358e+07
144,2024-11-30,5,11,0,144,2130,79318.0,69589.26666666666,71219.02,57405.125,37667.392,0.7142857142857143,0.7,0.66,79318.0,79318.0,69589.26666666666,0.0,0.0,0.36666666666666664,0.04421108930971499,3906.3769801346207,16873.762784137205,0.8880034667446282,32899.750988759675,28864.438649786014,12458.782,1.1452817e+07
145,2024-12-01,6,12,0,145,2130,79318.0,69589.26666666666,71219.02,57405.125,37667.392,0.7142857142857143,0.7,0.66,79318.0,79318.0,69589.26666666666,0.0,0.0,0.36666666666666664,0.04000384789955974,3829.0255333640043,16705.866039157936,0.8034987640561907,32248.29227130484,28292.884470264482,6311.925,1.1459129e+07
146,2024-12-02,0,12,0,146,2130,79318.0,69589.26666666666,71219.02,57405.125,37667.392,0.7142857142857143,0.7,0.66,79318.0,79318.0,69589.26666666666,0.0,0.0,0.36666666666666664,0.0361969784449409,3753.205747861088,16539.63989470419,0.7270357470636885,31609.733300741493,27732.647821774543,72041.414,1.153117e+07
147,2024-12-03,1,12,0,147,2130,79318.0,69589.26666666666,71219.02,57405.125,37667.392,0.7142857142857143,0.7,0.66,79318.0,79318.0,69589.26666666666,0.0,0.0,0.36666666666666664,0.032752380516823616,3678.887294700727,16375.06772802299,0.6578491481929531,30983.81864496718,27183.504602186887,73771.24,1.1604941e+07
148,2024-12-04,2,12,0,148,2130,79318.0,69589.26666666666,71219.02,57405.125,37667.392,0.7142857142857143,0.7,0.66,79318.0,79318.0,69589.26666666666,0.0,0.0,0.36666666666666664,0.029635579421373907,3606.0404455107305,16212.133081760529,0.5952465247080663,30370.29792977394,26645.235146891664,71487.33,1.1676428e+07
149,2024-12-05,3,12,0,149,2130,79318.0,69589.26666666666,71219.02,57405.125,37667.392,0.7142857142857143,0.7,0.66,79318.0,79318.0,69589.26666666666,0.0,0.0,0.36666666666666664,0.02681538116563559,3534.636060580119,16050.819662316399,0.5386013285117248,29768.92573869531,26117.624140929736,77515.41,1.1753943e+07
150,2024-12-06,4,12,0,150,2130,79318.0,69589.26666666666,71219.02,57405.125,37667.392,0.7142857142857143,0.7,0.66,79318.0,79318.0,69589.26666666666,0.0,0.0,0.36666666666666664,0.024263560257563817,3464.6455772028485,15891.111338214227,0.4873466354412869,29179.461514836465,25600.46053286381,88176.62,1.184212e+07
151,2024-12-07,5,12,0,151,2130,79318.0,69589.26666666666,71219.02,57405.125,37667.392,0.7142857142857143,0.7,0.66,79318.0,79318.0,69589.26666666666,0.0,0.0,0.36666666666666664,0.021954577215813974,3396.0409982523497,15732.992138488517,0.4409694713012063,28601.669464648225,25093.53745035506,5555.1455,1.1847675e+07
152,2024-12-08,6,12,0,152,2130,79318.0,69589.26666666666,71219.02,57405.125,37667.392,0.7142857142857143,0.7,0.66,79318.0,79318.0,69589.26666666666,0.0,0.0,0.36666666666666664,0.019865322962028233,3328.794880982302,15576.446251087522,0.39900567784486585,28035.318463606523,24596.652117411406,5369.2393,1.1853044e+07
153,2024-12-09,0,12,0,153,2130,79318.0,69589.26666666666,71219.02,57405.125,37667.392,0.7142857142857143,0.7,0.66,79318.0,79318.0,69589.26666666666,0.0,0.0,0.36666666666666664,0.017974887537412058,3262.8803260491704,15421.458021292055,0.36103526732283575,27480.181963759493,24109.605773274452,70386.93,1.1923431e+07
154,2024-12-10,1,12,0,154,2130,79318.0,69589.26666666666,71219.02,57405.125,37667.392,0.7142857142857143,0.7,0.66,79318.0,79318.0,69589.26666666666,0.0,0.0,0.36666666666666664,0.016264350828838682,3198.27096675211,15268.011950149972,0.3266782191043173,26936.03790310528,23632.203592912505,76865.86,1.2000297e+07
155,2024-12-11,2,12,0,155,2130,79318.0,69589.26666666666,71219.02,57405.125,37667.392,0.7142857142857143,0.7,0.66,79318.0,79318.0,69589.26666666666,0.0,0.0,0.36666666666666664,0.014716593209997417,3134.940958485932,15116.09269292629,0.295590676302936,26402.668616764273,23164.254609087977,87085.3,1.2087382e+07
156,2024-12-12,3,12,0,156,2130,79318.0,69589.26666666666,71219.02,57405.125,37667.392,0.7142857142857143,0.7,0.66,79318.0,79318.0,69589.26666666666,0.0,0.0,0.36666666666666664,0.0133161242024196,3072.8649684029183,14965.685057568688,0.26746150434145183,25879.860749910244,22705.571635967925,96561.22,1.2183943e+07
157,2024-12-13,4,12,0,157,2130,79318.0,69589.26666666666,71219.02,57405.125,37667.392,0.7142857142857143,0.7,0.66,79318.0,79318.0,69589.26666666666,0.0,0.0,0.36666666666666664,0.012048927441563507,3012.018165279345,14816.774003188288,0.24200917701233296,25367.405172425595,22255.97119424726,108770.77,1.2292714e+07
158,2024-12-14,5,12,0,158,2130,79318.0,69589.26666666666,71219.02,57405.125,37667.392,0.7142857142857143,0.7,0.66,79318.0,79318.0,69589.26666666666,0.0,0.0,0.36666666666666664,0.010902320396326928,2952.3762095826614,14669.344638555558,0.21897895886884652,24865.09689524649,21815.273437754524,10601.493,1.2303315e+07
159,2024-12-15,6,12,0,159,2130,79318.0,69589.26666666666,71219.02,57405.125,37667.392,0.7142857142857143,0.7,0.66,79318.0,79318.0,69589.26666666666,0.0,0.0,0.36666666666666664,0.00986482743801324,2893.9152437353514,14523.382220611182,0.19814035574708974,24372.73498836453,21383.302081511083,10703.378,1.2314018e+07
160,2024-12-16,0,12,0,160,2130,79318.0,69589.26666666666,71219.02,57405.125,37667.392,0.7142857142857143,0.7,0.66,79318.0,79318.0,69589.26666666666,0.0,0.0,0.36666666666666664,0.008926064988382195,2836.611882571587,14378.872152991722,0.17928480790292325,23890.12250045205,20959.884331214744,86176.51,1.2400195e+07
161,2024-12-17,1,12,0,161,2130,79318.0,69589.26666666666,71219.02,57405.125,37667.392,0.7142857142857143,0.7,0.66,79318.0,79318.0,69589.26666666666,0.0,0.0,0.36666666666666664,0.00807663759730891,2780.4432039828466,14235.799984569998,0.16222360267595415,23417.06638007896,20544.850814119738,83883.6,1.2484079e+07
162,2024-12-18,2,12,0,162,2130,79318.0,69589.26666666666,71219.02,57405.125,37667.392,0.7142857142857143,0.7,0.66,79318.0,79318.0,69589.26666666666,0.0,0.0,0.36666666666666664,0.0073080439099611665,2725.3867397487707,14094.151408009935,0.1467859857898018,22953.377398489618,20138.035511285376,97381.65,1.2581461e+07
163,2024-12-19,3,12,0,163,2130,79318.0,69589.26666666666,71219.02,57405.125,37667.392,0.7142857142857143,0.7,0.66,79318.0,79318.0,69589.26666666666,0.0,0.0,0.36666666666666664,0.006612591582382671,2671.420466549569,13953.912258335842,0.13281745238590711,22498.870073908787,19739.275691166255,107649.11,1.268911e+07
0,2024-07-09,1,7,0,0,3126,15994.285714285714,19484.0,18645.0,16139.6,16940.5,0.5714285714285714,0.5666666666666667,0.52,16420.0,16628.571428571428,13071.333333333334,0.42857142857142855,0.5714285714285714,0.4,15994.285714285714,19484.0,18645.0,329804.51627874153,122869.44713078966,96584.81528782217,33571.746,33571.746
1,2024-07-10,2,7,0,1,3126,15994.285714285714,19484.0,18645.0,16139.6,16940.5,0.5714285714285714,0.5666666666666667,0.52,19657.14285714286,16725.714285714286,13863.333333333334,0.5714285714285714,0.5714285714285714,0.43333333333333335,14472.228189043717,19098.19095070882,18459.47915025324,357251.77183362364,121140.04981466447,100408.56025094884,26187.887,59759.633
2,2024-07-11,3,7,0,2,3126,15994.285714285714,19484.0,18645.0,16139.6,16940.5,0.5714285714285714,0.5666666666666667,0.52,25700.0,16725.714285714286,13863.333333333334,0.7142857142857143,0.5714285714285714,0.43333333333333335,13095.013587801548,18720.021432443864,18275.80426380445,422627.42201719416,118741.31611264838,98420.33754662145,25339.178,85098.81
3,2024-07-12,4,7,0,3,3126,15994.285714285714,19484.0,18645.0,16139.6,16940.5,0.5714285714285714,0.5666666666666667,0.52,25700.0,16725.714285714286,13863.333333333334,0.7142857142857143,0.5714285714285714,0.43333333333333335,11848.85828393216,18349.340172355503,18093.956973011933,382409.1053292319,116390.08052031598,96471.48428960139,29429.81,114528.625
4,2024-07-13,5,7,0,4,3126,15994.285714285714,19484.0,18645.0,16139.6,16940.5,0.5714285714285714,0.5666666666666667,0.52,25700.0,16725.714285714286,13863.333333333334,0.7142857142857143,0.5714285714285714,0.43333333333333335,10721.290336307167,17985.99889299721,17913.919092995067,346018.0674995435,114085.40251208014,94561.22091260077,-470.09253,114058.53
5,2024-07-14,6,7,0,5,3126,15994.285714285714,19484.0,18645.0,16139.6,16940.5,0.5714285714285714,0.5666666666666667,0.52,19028.571428571428,13331.42857142857,13863.333333333334,0.5714285714285714,0.42857142857142855,0.43333333333333335,9701.024665918063,17629.852253012636,17735.672619815814,231815.45650938607,89132.52419335733,92688.78328479826,-2238.331,111820.2
6,2024-07-15,0,7,0,6,3126,15994.285714285714,19484.0,18645.0,16139.6,16940.5,0.5714285714285714,0.5666666666666667,0.52,19120.0,6700.0,13863.333333333334,0.5714285714285714,0.2857142857142857,0.43333333333333335,8777.850111012458,17280.757788997096,17559.19972867832,210763.13239786742,43908.48257668069,90853.42240617661,24903.889,136724.1
7,2024-07-16,1,7,0,7,3126,15994.285714285714,19484.0,18645.0,16139.6,16940.5,0.5714285714285714,0.5666666666666667,0.52,15994.285714285714,10048.57142857143,15416.0,0.5714285714285714,0.2857142857142857,0.4666666666666667,7942.527230355173,16938.575858510332,17384.482772146406,159529.92394872225,64549.37778604648,99028.32606835154,29102.57,165826.66
8,2024-07-17,2,7,0,8,3126,15994.285714285714,19484.0,18645.0,16139.6,16940.5,0.5714285714285714,0.5666666666666667,0.52,19008.571428571428,13380.0,16985.333333333332,0.5714285714285714,0.2857142857142857,0.5,7186.695831794875,16603.169584217663,17211.504278378823,171552.61374781487,84247.68193253667,106948.80120962477,26813.084,192639.73
9,2024-07-18,3,7,0,9,3126,15994.285714285714,19484.0,18645.0,16139.6,16940.5,0.5714285714285714,0.5666666666666667,0.52,16002.857142857143,20057.14285714286,18543.333333333332,0.5714285714285714,0.42857142857142855,0.5333333333333333,6502.791300651068,16274.404799137224,17040.24694938205,130682.0505151183,123789.84662337872,114446.82852234069,24400.564,217040.3
10,2024-07-19,4,7,0,10,3126,15994.285714285714,19484.0,18645.0,16139.6,16940.5,0.5714285714285714,0.5666666666666667,0.52,16002.857142857143,20057.14285714286,18543.333333333332,0.5714285714285714,0.42857142857142855,0.5333333333333333,5883.968890507812,15952.149992971397,16870.693659280467,118246.0091717445,121338.64342908254,112180.62948176406,22344.219,239384.52
11,2024-07-20,5,7,0,11,3126,15994.285714285714,19484.0,18645.0,16139.6,16940.5,0.5714285714285714,0.5666666666666667,0.52,16002.857142857143,20057.14285714286,18543.333333333332,0.5714285714285714,0.42857142857142855,0.5333333333333333,5324.035218690998,15636.276259500932,16702.827452603768,106993.41363201766,118935.97731002813,109959.30418874181,-667.5741,238716.94
12,2024-07-21,6,7,0,12,3126,15994.285714285714,19484.0,18645.0,16139.6,16940.5,0.5714285714285714,0.5666666666666667,0.52,16002.857142857143,26680.0,20088.666666666668,0.5714285714285714,0.5714285714285714,0.5666666666666667,4817.386280812879,15326.657245020728,16536.6315425914,96811.64413764833,155075.82968266107,116764.11733702215,-970.0989,237746.84
13,2024-07-22,0,7,0,13,3126,15994.285714285714,19484.0,18645.0,16139.6,16940.5,0.5714285714285714,0.5666666666666667,0.52,18942.85714285714,33402.857142857145,21657.333333333332,0.5714285714285714,0.7142857142857143,0.6,4358.951364012579,15023.169097796685,16372.089309513865,103692.2034490038,190307.54844130928,123389.26561928152,23041.2,260788.05
14,2024-07-23,1,7,0,14,3126,15994.285714285714,19484.0,18645.0,16139.6,16940.5,0.5714285714285714,0.5666666666666667,0.52,18671.428571428572,33317.142857142855,22396.0,0.5714285714285714,0.7142857142857143,0.6,3944.142297557466,14725.690418523354,16209.184299010734,92480.19112406307,186060.5326340659,125071.0994859265,26152.344,286940.38
15,2024-07-24,2,7,0,15,3126,15994.285714285714,19484.0,18645.0,16139.6,16940.5,0.5714285714285714,0.5666666666666667,0.52,18894.285714285714,33165.71428571428,22396.0,0.5714285714285714,0.7142857142857143,0.6,3568.8075328883147,14434.10221176259,16047.900220445203,84678.31377755891,181547.37520905523,122594.52578512237,27398.818,314339.2
16,2024-07-25,3,7,0,16,3126,15994.285714285714,19484.0,18645.0,16139.6,16940.5,0.5714285714285714,0.5666666666666667,0.52,15857.142857142857,33080.0,23167.333333333332,0.42857142857142855,0.7142857142857143,0.6,3229.190593525945,14148.287838343795,15888.22094527501,64303.88518853698,177492.59152471492,124305.62370163982,28039.479,342378.66
17,2024-07-26,4,7,0,17,3126,15994.285714285714,19484.0,18645.0,16139.6,16940.5,0.5714285714285714,0.5666666666666667,0.52,15857.142857142857,33080.0,22410.666666666668,0.42857142857142855,0.7142857142857143,0.5666666666666667,2921.8924789920247,13868.132968706686,15730.130505439574,58184.56144367659,173978.0027343034,117864.66223128463,28991.9,371370.56
18,2024-07-27,5,7,0,18,3126,15994.285714285714,19484.0,18645.0,16139.6,16940.5,0.5714285714285714,0.5666666666666667,0.52,15857.142857142857,33080.0,20875.333333333332,0.42857142857142855,0.7142857142857143,0.5333333333333333,2643.8376464698326,13593.525537167969,15573.613091763167,52647.56834625096,170533.00746472322,107615.88195773636,293.15375,371663.72
19,2024-07-28,6,7,0,19,3126,15994.285714285714,19484.0,18645.0,16139.6,16940.5,0.5714285714285714,0.5666666666666667,0.52,22394.285714285714,33025.71428571428,22408.0,0.5714285714285714,0.7142857142857143,0.5666666666666667,2392.2432297380315,13324.35569709354,15418.65305237399,67276.15227340613,166881.91705474784,113229.64781356315,2264.383,373928.1
20,2024-07-29,0,7,0,20,3126,15994.285714285714,19484.0,18645.0,16139.6,16940.5,0.5714285714285714,0.5666666666666667,0.52,16017.142857142857,32971.42857142857,23964.0,0.42857142857142855,0.7142857142857143,0.6,2164.5911873101654,13060.515776958397,15265.23489113897,43539.10837240402,163308.55479291323,118694.46901820453,28125.367,402053.47
21,2024-07-30,1,7,0,21,3126,15994.285714285714,19484.0,18645.0,16139.6,16940.5,0.5714285714285714,0.5666666666666667,0.52,19697.14285714286,26402.85714285714,22462.666666666668,0.42857142857142855,0.5714285714285714,0.5666666666666667,1958.603101029122,12801.900237276566,15113.343266114138,48447.15385233147,128184.70471898608,109055.25406922273,29888.988,431942.47
22,2024-07-31,2,7,0,22,3126,15994.285714285714,19484.0,18645.0,16139.6,16940.5,0.5714285714285714,0.5666666666666667,0.52,19965.714285714286,19828.571428571428,20906.0,0.42857142857142855,0.42857142857142855,0.5333333333333333,1772.2173728924142,12548.405628383927,14962.962988010411,44434.514309443904,94360.62697501916,99487.91695085198,30616.541,462559.0
23,2024-08-01,3,8,0,23,3126,15994.285714285714,19484.0,18645.0,16139.6,16940.5,0.5714285714285714,0.5666666666666667,0.52,26322.85714285714,13237.142857142857,20159.333333333332,0.5714285714285714,0.2857142857142857,0.5,1603.568591886444,12299.930549056946,14814.079018674664,53007.724839787144,61745.847787108534,94035.03013627329,26870.0,489429.0
24,2024-08-02,4,8,0,24,3126,15994.285714285714,19484.0,18645.0,16139.6,16940.5,0.5714285714285714,0.5666666666666667,0.52,26322.85714285714,13237.142857142857,19390.0,0.5714285714285714,0.2857142857142857,0.4666666666666667,1450.9688643260893,12056.375605950849,14666.67646958589,47963.37287999359,60523.19808312463,88655.44653380646,30079.352,519508.34
25,2024-08-03,5,8,0,25,3126,15994.285714285714,19484.0,18645.0,16139.6,16940.5,0.5714285714285714,0.5666666666666667,0.52,26322.85714285714,13237.142857142857,19390.0,0.5714285714285714,0.2857142857142857,0.4666666666666667,1312.890920847387,11817.64337384095,14520.740600366344,43399.05447702937,59324.75846536072,86899.95107385507,-89.635414,519418.72
26,2024-08-04,6,8,0,26,3126,15994.285714285714,19484.0,18645.0,16139.6,16940.5,0.5714285714285714,0.5666666666666667,0.52,23025.714285714286,9937.142857142857,20152.666666666668,0.5714285714285714,0.2857142857142857,0.5,1187.952830982403,11583.638356651267,14376.256817307492,34350.329252259995,43653.32879495839,88529.56999232875,-1451.5369,517967.2
27,2024-08-05,0,8,0,27,3126,15994.285714285714,19484.0,18645.0,16139.6,16940.5,0.5714285714285714,0.5666666666666667,0.52,25985.714285714286,9780.0,21672.0,0.7142857142857143,0.2857142857142857,0.5333333333333333,1074.904172334626,11354.266949254814,14233.210671910627,35077.045299724996,42112.284187216115,93318.75489829731,24054.271,542021.44
28,2024-08-06,1,8,0,28,3126,15994.285714285714,19484.0,18645.0,16139.6,16940.5,0.5714285714285714,0.5666666666666667,0.52,19300.0,13068.57142857143,21647.333333333332,0.5714285714285714,0.42857142857142855,0.5333333333333333,972.6135159313434,11129.437400030309,14091.587859442001,23573.07323249128,55158.46476269209,91366.80924913003,27293.1,569314.56
29,2024-08-07,2,8,0,29,3126,15994.285714285714,19484.0,18645.0,16139.6,16940.5,0.5714285714285714,0.5666666666666667,0.52,15994.285714285714,16428.571428571428,20884.0,0.5714285714285714,0.5714285714285714,0.5333333333333333,880.0571025021933,10909.059774160294,13951.374217502349,17676.419426821358,67966.97866127286,86399.62327421007,23166.562,592481.1
30,2024-08-08,3,8,0,30,3126,15994.285714285714,19484.0,18645.0,16139.6,16940.5,0.5714285714285714,0.5666666666666667,0.52,15994.285714285714,19685.714285714286,20872.666666666668,0.7142857142857143,0.7142857142857143,0.5333333333333333,796.3085963522924,10693.045917656013,13812.55572461063,15994.285714285714,79829.50791874231,84642.83717462662,23629.455,616110.56
31,2024-08-09,4,8,0,31,3126,15994.285714285714,19484.0,18645.0,16139.6,16940.5,0.5714285714285714,0.5666666666666667,0.52,15994.285714285714,19685.714285714286,20080.666666666668,0.7142857142857143,0.7142857142857143,0.5,720.5298142832473,10481.309422094637,13675.118498801872,14472.228189043717,78248.77775268232,79818.67461451287,27460.857,643571.44
32,2024-08-10,5,8,0,32,3126,15994.285714285714,19484.0,18645.0,16139.6,16940.5,0.5714285714285714,0.5666666666666667,0.52,15994.285714285714,19685.714285714286,20080.666666666668,0.7142857142857143,0.7142857142857143,0.5,651.962336773983,10273.765590054758,13539.048796238967,13095.013587801548,76699.34814105438,78238.15896224912,-2082.3003,641489.1
33,2024-08-11,6,8,0,33,3126,15994.285714285714,19484.0,18645.0,16139.6,16940.5,0.5714285714285714,0.5666666666666667,0.52,15994.285714285714,23105.714285714286,21641.333333333332,0.7142857142857143,0.7142857142857143,0.5333333333333333,589.9199174632618,10070.331401236266,13404.333009838263,11848.85828393216,88241.72807970732,82649.19351413466,-1759.4567,639729.7
34,2024-08-12,0,8,0,34,3126,15994.285714285714,19484.0,18645.0,16139.6,16940.5,0.5714285714285714,0.5666666666666667,0.52,15994.285714285714,19828.571428571428,22396.0,0.7142857142857143,0.7142857142857143,0.5666666666666667,533.781614965444,9870.925479251147,13270.957667908857,10721.290336307167,74226.69816625824,83837.66516513428,20880.035,660609.75
35,2024-08-13,1,8,0,35,3126,15994.285714285714,19484.0,18645.0,16139.6,16940.5,0.5714285714285714,0.5666666666666667,0.52,15994.285714285714,19737.14285714286,23142.0,0.7142857142857143,0.7142857142857143,0.6,482.985578280397,9675.468059071824,13138.909432805413,9701.024665918063,72421.43251403926,84914.86348204456,25519.031,686128.75
36,2024-08-14,2,8,0,36,3126,15994.285714285714,19484.0,18645.0,16139.6,16940.5,0.5714285714285714,0.5666666666666667,0.52,15994.285714285714,19688.571428571428,23914.666666666668,0.7142857142857143,0.7142857142857143,0.6333333333333333,437.02342359983925,9483.880955124088,13008.175099594373,8777.850111012458,70812.69813970834,86012.44015708085,25519.031,711647.75
37,2024-08-15,3,8,0,37,3126,15994.285714285714,19484.0,18645.0,16139.6,16940.5,0.5714285714285714,0.5666666666666667,0.52,15994.285714285714,19682.85714285714,23120.666666666668,0.7142857142857143,0.7142857142857143,0.6333333333333333,395.435146231314,9296.087530011833,12878.741594733478,7942.527230355173,69390.36750417177,81510.09506887922,24758.094,736405.9
38,2024-08-16,4,8,0,38,3126,15994.285714285714,19484.0,18645.0,16139.6,16940.5,0.5714285714285714,0.5666666666666667,0.52,15994.285714285714,19682.85714285714,21551.333333333332,0.7142857142857143,0.7142857142857143,0.6,357.8045167166144,9112.01266386107,12750.595974764374,7186.695831794875,68016.34616785734,74473.07765025533,25201.936,761607.8
39,2024-08-17,5,8,0,39,3126,15994.285714285714,19484.0,18645.0,16139.6,16940.5,0.5714285714285714,0.5666666666666667,0.52,15994.285714285714,19682.85714285714,19993.333333333332,0.7142857142857143,0.7142857142857143,0.5666666666666667,323.7549150674657,8931.582724270975,12623.72542501828,6502.791300651068,66669.53227690679,67721.17342086922,-1944.9259,759662.9
40,2024-08-18,6,8,0,40,3126,15994.285714285714,19484.0,18645.0,16139.6,16940.5,0.5714285714285714,0.5666666666666667,0.52,15994.285714285714,19685.714285714286,21554.666666666668,0.7142857142857143,0.7142857142857143,0.6,292.94556142609696,8754.725536859945,12498.117258334496,5883.968890507812,65358.8731361566,71564.01356394537,-1899.037,757763.8
41,2024-08-19,0,8,0,41,3126,15994.285714285714,19484.0,18645.0,16139.6,16940.5,0.5714285714285714,0.5666666666666667,0.52,15994.285714285714,19708.571428571428,22314.666666666668,0.7142857142857143,0.7142857142857143,0.6333333333333333,265.0681054258843,8581.370356394891,12373.758913791675,5324.035218690998,64139.06643295128,72620.27554608205,23042.887,780806.7
42,2024-08-20,1,8,0,42,3126,15994.285714285714,19484.0,18645.0,16139.6,16940.5,0.5714285714285714,0.5666666666666667,0.52,15994.285714285714,19900.0,21560.0,0.7142857142857143,0.7142857142857143,0.6333333333333333,239.8435401172405,8411.44783849219,12250.637955451733,4817.386280812879,63479.672194712075,68774.96143306493,25307.197,806113.9
43,2024-08-21,2,8,0,43,3126,15994.285714285714,19484.0,18645.0,16139.6,16940.5,0.5714285714285714,0.5666666666666667,0.52,15994.285714285714,23231.428571428572,21541.333333333332,0.7142857142857143,0.7142857142857143,0.6333333333333333,217.01940957228808,8244.890011879019,12128.742071116236,4358.951364012579,72639.29593522465,67354.7596105967,27958.248,834072.1
44,2024-08-22,3,8,0,44,3126,15994.285714285714,19484.0,18645.0,16139.6,16940.5,0.5714285714285714,0.5666666666666667,0.52,15994.285714285714,23265.714285714286,20775.333333333332,0.7142857142857143,0.7142857142857143,0.6333333333333333,196.36728222107743,8081.630251203932,12008.059071095171,3944.142297557466,71306.02222118549,63673.367691479885,27875.553,861947.7
45,2024-08-23,4,8,0,45,3126,15994.285714285714,19484.0,18645.0,16139.6,16940.5,0.5714285714285714,0.5666666666666667,0.52,15994.285714285714,23265.714285714286,19241.333333333332,0.7142857142857143,0.7142857142857143,0.6,177.68046463165837,7921.603250385833,11888.576886987963,3568.8075328883147,69894.06837998802,57804.15985542797,28319.393,890267.06
46,2024-08-24,5,8,0,46,3126,15994.285714285714,19484.0,18645.0,16139.6,16940.5,0.5714285714285714,0.5666666666666667,0.52,15994.285714285714,23265.714285714286,17703.333333333332,0.7142857142857143,0.7142857142857143,0.5666666666666667,160.77193285273947,7764.744996490674,11770.283570476635,3229.190593525945,68510.0730980759,52130.643652363324,-1668.8851,888598.2
47,2024-08-25,6,8,0,47,3126,15994.285714285714,19484.0,18645.0,16139.6,16940.5,0.5714285714285714,0.5666666666666667,0.52,15994.285714285714,20011.428571428572,18505.333333333332,0.7142857142857143,0.7142857142857143,0.6,145.47246061512337,7610.992744125426,11653.167292130956,2921.8924789920247,57760.40688237938,53413.25728006666,-226.71294,888371.5
48,2024-08-26,0,8,0,48,3126,15994.285714285714,19484.0,18645.0,16139.6,16940.5,0.5714285714285714,0.5666666666666667,0.52,15994.285714285714,16754.285714285714,18505.333333333332,0.7142857142857143,0.5714285714285714,0.6,131.62892565832607,7460.284990339083,11537.216340225496,2643.8376464698326,47401.51020616442,52355.60392291373,18322.55,906694.06
49,2024-08-27,1,8,0,49,3126,15994.285714285714,19484.0,18645.0,16139.6,16940.5,0.5714285714285714,0.5666666666666667,0.52,15994.285714285714,13365.714285714286,16972.666666666668,0.7142857142857143,0.42857142857142855,0.5666666666666667,119.10277723152699,7312.561450020669,11422.419119568438,2392.2432297380315,37065.72887378567,47068.51033051137,21458.547,928152.6
50,2024-08-28,2,8,0,50,3126,15994.285714285714,19484.0,18645.0,16139.6,16940.5,0.5714285714285714,0.5666666666666667,0.52,15994.285714285714,6722.857142857143,15416.666666666666,0.7142857142857143,0.2857142857142857,0.5333333333333333,107.76864943108698,7167.763031784382,11308.764150342051,2164.5911873101654,18274.620406754668,41906.84485541028,22318.293,950470.94
51,2024-08-29,3,8,0,51,3126,15994.285714285714,19484.0,18645.0,16139.6,16940.5,0.5714285714285714,0.5666666666666667,0.52,15994.285714285714,3437.1428571428573,15416.666666666666,0.7142857142857143,0.14285714285714285,0.5333333333333333,97.51310649644725,7025.831814332258,11196.240066954697,1958.603101029122,9158.116740117397,41077.03372974518,32114.78,982585.7
52,2024-08-30,4,8,0,52,3126,15994.285714285714,19484.0,18645.0,16139.6,16940.5,0.5714285714285714,0.5666666666666667,0.52,15994.285714285714,3437.1428571428573,15416.666666666666,0.7142857142857143,0.14285714285714285,0.5333333333333333,88.23350750691085,6886.711023284873,11084.835616904275,1772.2173728924142,8976.77387865146,40263.653965273064,36015.16,1.0186009e+06
53,2024-08-31,5,8,0,53,3126,15994.285714285714,19484.0,18645.0,16139.6,16940.5,0.5714285714285714,0.5666666666666667,0.52,15994.285714285714,3437.1428571428573,15416.666666666666,0.7142857142857143,0.14285714285714285,0.5333333333333333,79.8369791168097,6750.345008470838,10974.539659652932,1603.568591886444,8799.021846428896,39466.38019924293,10799.727,1.0294006e+06
54,2024-09-01,6,9,0,54,3126,15994.285714285714,19484.0,18645.0,16139.6,16940.5,0.5714285714285714,0.5666666666666667,0.52,15994.285714285714,6734.285714285715,16988.0,0.7142857142857143,0.14285714285714285,0.5666666666666667,72.23948604784486,6616.679221665993,10865.341165513037,1450.9688643260893,16898.27842594244,42627.82514423783,385.71033,1.0297863e+06
55,2024-09-02,0,9,0,55,3126,15994.285714285714,19484.0,18645.0,16139.6,16940.5,0.5714285714285714,0.5666666666666667,0.52,15994.285714285714,13571.42857142857,18583.333333333332,0.7142857142857143,0.2857142857142857,0.6,65.3649900357767,6485.660194773382,10757.229214544173,1312.890920847387,33380.32793713003,45707.62448233332,20167.066,1.0499534e+06
56,2024-09-03,1,9,0,56,3126,15994.285714285714,19484.0,18645.0,16139.6,16940.5,0.5714285714285714,0.5666666666666667,0.52,15994.285714285714,20162.85714285714,19358.666666666668,0.7142857142857143,0.42857142857142855,0.6,59.144688813918435,6357.235518435301,10650.192995461153,1187.952830982403,48610.62636624642,46671.80378329529,22335.309,1.0722886e+06
57,2024-09-04,2,9,0,57,3126,15994.285714285714,19484.0,18645.0,16139.6,16940.5,0.5714285714285714,0.5666666666666667,0.52,15994.285714285714,26945.714285714286,19422.0,0.7142857142857143,0.5714285714285714,0.6,53.51632751692623,6231.353821068866,10544.22180455287,1074.904172334626,63677.05286382671,45897.30699315394,22461.809,1.0947504e+06
58,2024-09-05,3,9,0,58,3126,15994.285714285714,19484.0,18645.0,16139.6,16940.5,0.5714285714285714,0.5666666666666667,0.52,15994.285714285714,26945.714285714286,18654.666666666668,0.7142857142857143,0.5714285714285714,0.5666666666666667,48.42357561318232,6107.964748316682,10439.305044611921,972.6135159313434,62416.16273720707,43211.05382952567,24248.924,1.1189992e+06
59,2024-09-06,4,9,0,59,3126,15994.285714285714,19484.0,18645.0,16139.6,16940.5,0.5714285714285714,0.5666666666666667,0.52,15994.285714285714,26945.714285714286,17870.666666666668,0.7142857142857143,0.5714285714285714,0.5333333333333333,43.815463129900934,5987.018942904441,10335.432223874885,880.0571025021933,61180.23990790891,40575.34576326245,23740.357,1.1427396e+06
60,2024-09-07,5,9,0,60,3126,15994.285714285714,19484.0,18645.0,16139.6,16940.5,0.5714285714285714,0.5666666666666667,0.52,15994.285714285714,26945.714285714286,17110.666666666668,0.7142857142857143,0.5714285714285714,0.5,39.645870528509356,5868.468024897346,10232.592954973125,796.3085963522924,59968.789990321326,38080.48898045845,-1422.2827,1.1413174e+06
61,2024-09-08,6,9,0,61,3126,15994.285714285714,19484.0,18645.0,16139.6,16940.5,0.5714285714285714,0.5666666666666667,0.52,15994.285714285714,26957.14285714286,18684.666666666668,0.7142857142857143,0.5714285714285714,0.5333333333333333,35.873067124804365,5752.2645723474925,10130.776953894048,720.5298142832473,58806.25949993008,40760.08212341206,-2382.257,1.1389351e+06
62,2024-09-09,0,9,0,62,3126,15994.285714285714,19484.0,18645.0,16139.6,16940.5,0.5714285714285714,0.5666666666666667,0.52,15994.285714285714,20120.0,18684.666666666668,0.7142857142857143,0.42857142857142855,0.5333333333333333,32.459293434238624,5638.362102324462,10029.974038952705,651.962336773983,43022.117556395984,39952.978421242886,19240.998,1.1581761e+06
63,2024-09-10,1,9,0,63,3126,15994.285714285714,19484.0,18645.0,16139.6,16940.5,0.5714285714285714,0.5666666666666667,0.52,15994.285714285714,13528.57142857143,17124.0,0.7142857142857143,0.2857142857142857,0.5,29.370383262308064,5526.715052321526,9930.174129773597,589.9199174632618,28355.013317516616,35890.79975020149,22860.174,1.1810362e+06
64,2024-09-11,2,9,0,64,3126,15994.285714285714,19484.0,18645.0,16139.6,16940.5,0.5714285714285714,0.5666666666666667,0.52,15994.285714285714,6745.714285714285,16369.333333333334,0.7142857142857143,0.14285714285714285,0.4666666666666667,26.575421757793375,5417.278762030034,9831.36724628264,533.781614965444,13858.619458086338,33629.70203610001,22198.564,1.2032349e+06
65,2024-09-12,3,9,0,65,3126,15994.285714285714,19484.0,18645.0,16139.6,16940.5,0.5714285714285714,0.5666666666666667,0.52,15994.285714285714,6745.714285714285,15623.333333333334,0.7142857142857143,0.14285714285714285,0.43333333333333335,24.04643600653843,5310.009455474701,9733.543507709144,482.985578280397,13584.200406679414,31461.52979971375,24011.713,1.2272466e+06
66,2024-09-13,4,9,0,66,3126,15994.285714285714,19484.0,18645.0,16139.6,16940.5,0.5714285714285714,0.5666666666666667,0.52,15994.285714285714,6745.714285714285,14850.666666666666,0.7142857142857143,0.14285714285714285,0.4,21.75811506912317,5204.864223502628,9636.69313159773,437.02342359983925,13315.215216560247,29313.4002421103,21697.896,1.2489445e+06
67,2024-09-14,5,9,0,67,3126,15994.285714285714,19484.0,18645.0,16139.6,16940.5,0.5714285714285714,0.5666666666666667,0.52,15994.285714285714,6745.714285714285,14092.0,0.7142857142857143,0.14285714285714285,0.36666666666666664,19.687556660474705,5101.801006619072,9540.806432830084,395.435146231314,13051.556290066275,27265.093576393432,-2043.7424,1.2469008e+06
68,2024-09-15,6,9,0,68,3126,15994.285714285714,19484.0,18645.0,16139.6,16940.5,0.5714285714285714,0.5666666666666667,0.52,15994.285714285714,6671.428571428572,15648.666666666666,0.7142857142857143,0.14285714285714285,0.4,17.814037936100597,5000.778578163083,9445.873822656416,357.8045167166144,12652.236723363034,29677.39711995008,-2726.1584,1.2441746e+06
69,2024-09-16,0,9,0,69,3126,15994.285714285714,19484.0,18645.0,16139.6,16940.5,0.5714285714285714,0.5666666666666667,0.52,15994.285714285714,10017.142857142857,16429.333333333332,0.7142857142857143,0.2857142857142857,0.43333333333333335,16.11880809089589,4901.756527816296,9351.885807736606,323.7549150674657,18621.147756323644,30540.94844217417,23207.17,1.2673818e+06
70,2024-09-17,1,9,0,70,3126,15994.285714285714,19484.0,18645.0,16139.6,16940.5,0.5714285714285714,0.5666666666666667,0.52,15994.285714285714,16420.0,16362.0,0.7142857142857143,0.42857142857142855,0.43333333333333335,14.584900694783377,4804.695245438261,9258.83298919083,292.94556142609696,29919.190702412157,29813.507811989508,23202.39,1.2905841e+06
71,2024-09-18,2,9,0,71,3126,15994.285714285714,19484.0,18645.0,16139.6,16940.5,0.5714285714285714,0.5666666666666667,0.52,15994.285714285714,19657.14285714286,16357.333333333334,0.7142857142857143,0.5714285714285714,0.43333333333333335,13.196963886978669,4709.555905221858,9166.706061659694,265.0681054258843,35108.41258160144,29214.825957922534,23052.486,1.3136366e+06
72,2024-09-19,3,9,0,72,3126,15994.285714285714,19484.0,18645.0,16139.6,16940.5,0.5714285714285714,0.5666666666666667,0.52,15994.285714285714,25700.0,16976.666666666668,0.7142857142857143,0.7142857142857143,0.43333333333333335,11.941106729407572,4616.30045016246,9075.495812373672,239.8435401172405,44992.2832576098,29720.583480026813,24476.777,1.3381134e+06
73,2024-09-20,4,9,0,73,3126,15994.285714285714,19484.0,18645.0,16139.6,16940.5,0.5714285714285714,0.5666666666666667,0.52,15994.285714285714,25700.0,15426.666666666666,0.7142857142857143,0.7142857142857143,0.4,10.804760181528973,4524.891576834621,8985.193120231825,217.01940957228808,44101.37635815086,26472.265860638418,28822.104,1.3669355e+06
74,2024-09-21,5,9,0,74,3126,15994.285714285714,19484.0,18645.0,16139.6,16940.5,0.5714285714285714,0.5666666666666667,0.52,15994.285714285714,25700.0,14660.0,0.7142857142857143,0.7142857142857143,0.36666666666666664,9.776551305152417,4435.292720470207,8895.788954889686,196.36728222107743,43228.11059726138,24658.525344585676,-578.9645,1.3663565e+06
75,2024-09-22,6,9,0,75,3126,15994.285714285714,19484.0,18645.0,16139.6,16940.5,0.5714285714285714,0.5666666666666667,0.52,15994.285714285714,19028.571428571428,14660.0,0.7142857142857143,0.5714285714285714,0.36666666666666664,8.846189440250207,4347.468040332006,8807.27437585622,177.68046463165837,31372.810465322436,24170.25382846388,-1022.17926,1.3653344e+06
76,2024-09-23,0,9,0,76,3126,15994.285714285714,19484.0,18645.0,16139.6,16940.5,0.5714285714285714,0.5666666666666667,0.52,15994.285714285714,19120.0,15462.0,0.7142857142857143,0.5714285714285714,0.4,8.00436321257297,4261.382405376952,8719.640531599758,160.77193285273947,30899.34256992812,24987.74240670652,22344.045,1.3876784e+06
77,2024-09-24,1,9,0,77,3126,15994.285714285714,19484.0,18645.0,16139.6,16940.5,0.5714285714285714,0.5666666666666667,0.52,15994.285714285714,15994.285714285714,15424.666666666666,0.7142857142857143,0.5714285714285714,0.4,7.242647342286541,4177.001380203238,8632.878658662847,145.47246061512337,25336.13190856888,24433.813193878217,26906.408,1.4145848e+06
78,2024-09-25,2,9,0,78,3126,15994.285714285714,19484.0,18645.0,16139.6,16940.5,0.5714285714285714,0.5666666666666667,0.52,15994.285714285714,19008.571428571428,16883.333333333332,0.7142857142857143,0.5714285714285714,0.43333333333333335,6.553418320939562,4094.2912112757,8546.980080785892,131.62892565832607,29514.746070731195,26214.87353919972,25577.889,1.4401626e+06
79,2024-09-26,3,9,0,79,3126,15994.285714285714,19484.0,18645.0,16139.6,16940.5,0.5714285714285714,0.5666666666666667,0.52,15994.285714285714,16002.857142857143,17592.0,0.7142857142857143,0.5714285714285714,0.4666666666666667,5.929778112828502,4013.218813423949,8461.936208039524,119.10277723152699,24355.733351485622,26774.347686443005,26369.05,1.4665316e+06
80,2024-09-27,4,9,0,80,3126,15994.285714285714,19484.0,18645.0,16139.6,16940.5,0.5714285714285714,0.5666666666666667,0.52,15994.285714285714,16002.857142857143,17592.0,0.7142857142857143,0.5714285714285714,0.4666666666666667,5.365485117137889,3933.7517566078654,8377.738535965596,107.76864943108698,23873.4575185393,26244.18008090523,26073.135,1.4926048e+06
81,2024-09-28,5,9,0,81,3126,15994.285714285714,19484.0,18645.0,16139.6,16940.5,0.5714285714285714,0.5666666666666667,0.52,15994.285714285714,16002.857142857143,17592.0,0.7142857142857143,0.5714285714285714,0.4666666666666667,4.854891699901418,3855.858252945148,8294.378644726738,97.51310649644725,23400.731386917403,25724.510497326875,1621.4812,1.4942262e+06
82,2024-09-29,6,9,0,82,3126,15994.285714285714,19484.0,18645.0,16139.6,16940.5,0.5714285714285714,0.5666666666666667,0.52,15994.285714285714,16002.857142857143,17592.0,0.7142857142857143,0.5714285714285714,0.4666666666666667,4.392887670583011,3779.5071439957383,8211.848198264357,88.23350750691085,22937.365859864185,25215.131060945503,796.79956,1.495023e+06
83,2024-09-30,0,9,0,83,3126,15994.285714285714,19484.0,18645.0,16139.6,16940.5,0.5714285714285714,0.5666666666666667,0.52,15994.285714285714,18942.85714285714,19080.0,0.7142857142857143,0.5714285714285714,0.5,3.9748491375723267,3704.6678882980264,8130.138943465032,79.8369791168097,26613.721501247503,26806.40002795337,22902.59,1.5179256e+06
84,2024-10-01,1,10,0,84,3126,15994.285714285714,19484.0,18645.0,16139.6,16940.5,0.5714285714285714,0.5666666666666667,0.52,15994.285714285714,18671.428571428572,18210.0,0.7142857142857143,0.5714285714285714,0.5,3.596592230723406,3631.310549151864,8049.242709335192,72.23948604784486,25712.942685529946,25077.49658855778,25738.242,1.5436639e+06
85,2024-10-02,2,10,0,85,3126,15994.285714285714,19484.0,18645.0,16139.6,16940.5,0.5714285714285714,0.5666666666666667,0.52,15994.285714285714,18894.285714285714,18125.333333333332,0.7142857142857143,0.5714285714285714,0.5,3.25433122777596,3559.4057826434823,7969.15140618401,65.3649900357767,25504.617984286026,24466.640840250915,25738.242,1.5694021e+06
86,2024-10-03,3,10,0,86,3126,15994.285714285714,19484.0,18645.0,16139.6,16940.5,0.5714285714285714,0.5666666666666667,0.52,15994.285714285714,15857.142857142857,16587.333333333332,0.7142857142857143,0.42857142857142855,0.4666666666666667,2.944640665574595,3488.924825907534,7889.857024814427,59.144688813918435,20981.058452779354,21947.195240511843,26981.7,1.5963839e+06
87,2024-10-04,4,10,0,87,3126,15994.285714285714,19484.0,18645.0,16139.6,16940.5,0.5714285714285714,0.5666666666666667,0.52,15994.285714285714,15857.142857142857,15004.666666666666,0.7142857142857143,0.42857142857142855,0.43333333333333335,2.6644210568822073,3419.839485621567,7811.351635722229,53.51632751692623,20565.60565998581,19460.003640391016,28533.773,1.6249176e+06
88,2024-10-05,5,10,0,88,3126,15994.285714285714,19484.0,18645.0,16139.6,16940.5,0.5714285714285714,0.5666666666666667,0.52,15994.285714285714,15857.142857142857,15004.666666666666,0.7142857142857143,0.42857142857142855,0.43333333333333335,2.4108678696699357,3352.1221267283167,7733.627388303084,48.42357561318232,20158.37938366799,19074.669750855905,606.31635,1.625524e+06
89,2024-10-06,6,10,0,89,3126,15994.285714285714,19484.0,18645.0,16139.6,16940.5,0.5714285714285714,0.5666666666666667,0.52,15994.285714285714,22394.285714285714,16530.0,0.7142857142857143,0.5714285714285714,0.4666666666666667,2.1814434584179994,3285.7456613813147,7656.676510067482,43.815463129900934,27904.99832669683,20597.648356609403,-401.049,1.625123e+06
90,2024-10-07,0,10,0,90,3126,15994.285714285714,19484.0,18645.0,16139.6,16940.5,0.5714285714285714,0.5666666666666667,0.52,15994.285714285714,16017.142857142857,16530.0,0.7142857142857143,0.42857142857142855,0.4666666666666667,1.9738516665063777,3220.683538109392,7580.49130586347,39.645870528509356,19563.38246355975,20189.78759238761,20030.717,1.6451538e+06
91,2024-10-08,1,10,0,91,3126,15994.285714285714,19484.0,18645.0,16139.6,16940.5,0.5714285714285714,0.5666666666666667,0.52,15994.285714285714,19697.14285714286,16516.0,0.7142857142857143,0.42857142857142855,0.4666666666666667,1.7860148455076073,3156.9097311957325,7505.064157107143,35.873067124804365,23581.76143246217,19773.241969319817,23350.195,1.668504e+06
92,2024-10-09,2,10,0,92,3126,15994.285714285714,19484.0,18645.0,16139.6,16940.5,0.5714285714285714,0.5666666666666667,0.52,15994.285714285714,19965.714285714286,18089.333333333332,0.7142857142857143,0.42857142857142855,0.5,1.6160530613829969,3094.3987302672426,7430.387521020766,32.459293434238624,23429.9827614022,21228.029315661184,22025.377,1.6905294e+06
93,2024-10-10,3,10,0,93,3126,15994.285714285714,19484.0,18645.0,16139.6,16940.5,0.5714285714285714,0.5666666666666667,0.52,15994.285714285714,26322.85714285714,19572.666666666668,0.7142857142857143,0.5714285714285714,0.5333333333333333,1.462265279470897,3033.1255300900593,7356.453929878502,29.370383262308064,30278.492882490387,22513.92564043289,28068.156,1.7185975e+06
94,2024-10-11,4,10,0,94,3126,15994.285714285714,19484.0,18645.0,16139.6,16940.5,0.5714285714285714,0.5666666666666667,0.52,15994.285714285714,26322.85714285714,19572.666666666668,0.7142857142857143,0.5714285714285714,0.5333333333333333,1.3231123399600777,2973.0656205671257,7283.255990259627,26.575421757793375,29678.938553145108,22068.120043679264,28068.156,1.7466656e+06
95,2024-10-12,5,10,0,95,3126,15994.285714285714,19484.0,18645.0,16139.6,16940.5,0.5714285714285714,0.5666666666666667,0.52,15994.285714285714,26322.85714285714,19572.666666666668,0.7142857142857143,0.5714285714285714,0.5333333333333333,1.197201553460994,2914.1949769338216,7210.786382309176,24.04643600653843,29091.25619494555,21631.14198918863,2785.5662,1.7494512e+06
96,2024-10-13,6,10,0,96,3126,15994.285714285714,19484.0,18645.0,16139.6,16940.5,0.5714285714285714,0.5666666666666667,0.52,15994.285714285714,23025.714285714286,20328.666666666668,0.7142857142857143,0.5714285714285714,0.5666666666666667,1.083272762502286,2856.4900501477423,7139.0378590059645,21.75811506912317,24943.458509692835,22021.781703075012,3476.4058,1.7529276e+06
97,2024-10-14,0,10,0,97,3126,15994.285714285714,19484.0,18645.0,16139.6,16940.5,0.5714285714285714,0.5666666666666667,0.52,15994.285714285714,25985.714285714286,21019.333333333332,0.7142857142857143,0.7142857142857143,0.6,0.9801857294512499,2799.927757468764,7068.003245437872,19.687556660474705,27592.581116657275,22319.09631735243,28504.734,1.7814324e+06
98,2024-10-15,1,10,0,98,3126,15994.285714285714,19484.0,18645.0,16139.6,16940.5,0.5714285714285714,0.5666666666666667,0.52,15994.285714285714,19300.0,19462.666666666668,0.7142857142857143,0.5714285714285714,0.5666666666666667,0.8869087246323615,2744.485473225641,6997.675438084345,17.814037936100597,20087.647941913092,20256.953161181722,29944.516,1.8113769e+06
99,2024-10-16,2,10,0,99,3126,15994.285714285714,19484.0,18645.0,16139.6,16940.5,0.5714285714285714,0.5666666666666667,0.52,15994.285714285714,15994.285714285714,19484.0,0.7142857142857143,0.5714285714285714,0.5666666666666667,0.8025082004299121,2690.141019765436,6928.047404106042,16.11880809089589,16317.391718485082,19877.60290908131,31892.027,1.8432689e+06
100,2024-10-17,3,10,0,100,3126,15994.285714285714,19484.0,18645.0,16139.6,16940.5,0.5714285714285714,0.5666666666666667,0.52,15994.285714285714,15994.285714285714,19484.0,0.7142857142857143,0.7142857142857143,0.5,0.7261394480296863,2636.872658582162,6859.112180641542,14.584900694783377,15994.285714285714,19484.0,35040.863,1.8783098e+06
101,2024-10-18,4,10,0,101,3126,15994.285714285714,19484.0,18645.0,16139.6,16940.5,0.5714285714285714,0.5666666666666667,0.52,15994.285714285714,15994.285714285714,19484.0,0.7142857142857143,0.7142857142857143,0.5,0.6570381432892384,2584.6590816210914,6790.862874111052,13.196963886978669,15677.577637632045,19098.19095070882,35738.707,1.9140485e+06
102,2024-10-19,5,10,0,102,3126,15994.285714285714,19484.0,18645.0,16139.6,16940.5,0.5714285714285714,0.5666666666666667,0.52,15994.285714285714,15994.285714285714,19484.0,0.7142857142857143,0.7142857142857143,0.5,0.5945126971249756,2533.4794027552502,6723.292659527045,11.941106729407572,15367.140801070585,18720.021432443864,9943.813,1.9239924e+06
103,2024-10-20,6,10,0,103,3126,15994.285714285714,19484.0,18645.0,16139.6,16940.5,0.5714285714285714,0.5666666666666667,0.52,15994.285714285714,15994.285714285714,19484.0,0.7142857142857143,0.7142857142857143,0.5,0.5379373338561565,2483.313149430687,6656.394779811753,10.804760181528973,15062.851025727497,18349.340172355503,13926.583,1.937919e+06
104,2024-10-21,0,10,0,104,3126,15994.285714285714,19484.0,18645.0,16139.6,16940.5,0.5714285714285714,0.5666666666666667,0.52,15994.285714285714,15994.285714285714,19484.0,0.7142857142857143,0.7142857142857143,0.5,0.4867458282315528,2434.14025447718,6590.162545121456,9.776551305152417,14764.58659163539,17985.99889299721,36668.094,1.9745871e+06
105,2024-10-22,1,10,0,105,3126,15994.285714285714,19484.0,18645.0,16139.6,16940.5,0.5714285714285714,0.5666666666666667,0.52,15994.285714285714,15994.285714285714,19484.0,0.7142857142857143,0.7142857142857143,0.5,0.4404258384568131,2385.9410480810993,6524.589332177491,8.846189440250207,14472.228189043717,17629.852253012636,39987.566,2.0145748e+06
106,2024-10-23,2,10,0,106,3126,15994.285714285714,19484.0,18645.0,16139.6,16940.5,0.5714285714285714,0.5666666666666667,0.52,15994.285714285714,15994.285714285714,19484.0,0.7142857142857143,0.7142857142857143,0.5,0.3985137785055855,2338.6962499172228,6459.6685836039205,8.00436321257297,14185.658870693278,17280.757788997096,39987.566,2.0545624e+06
107,2024-10-24,3,10,0,107,3126,15994.285714285714,19484.0,18645.0,16139.6,16940.5,0.5714285714285714,0.5666666666666667,0.52,15994.285714285714,15994.285714285714,19484.0,0.7142857142857143,0.7142857142857143,0.5,0.36059017839474844,2292.3869614363457,6395.393807271786,7.242647342286541,13904.764005035757,16938.575858510332,38802.047,2.0933644e+06
108,2024-10-25,4,10,0,108,3126,15994.285714285714,19484.0,18645.0,16139.6,16940.5,0.5714285714285714,0.5666666666666667,0.52,15994.285714285714,15994.285714285714,19484.0,0.7142857142857143,0.7142857142857143,0.5,0.32627548598782974,2246.99465830561,6331.758575649889,6.553418320939562,13629.431230379574,16603.169584217663,39215.684,2.13258e+06
109,2024-10-26,5,10,0,109,3126,15994.285714285714,19484.0,18645.0,16139.6,16940.5,0.5714285714285714,0.5666666666666667,0.52,15994.285714285714,15994.285714285714,19484.0,0.7142857142857143,0.7142857142857143,0.5,0.29522626830965587,2202.5011829985247,6268.7565251620435,5.929778112828502,13359.550409943715,16274.404799137224,13694.894,2.146275e+06
110,2024-10-27,6,10,0,110,3126,15994.285714285714,19484.0,18645.0,16139.6,16940.5,0.5714285714285714,0.5666666666666667,0.52,15994.285714285714,15994.285714285714,19484.0,0.7142857142857143,0.7142857142857143,0.5,0.26713177435370056,2158.888737531713,6206.381355550693,5.365485117137889,13095.013587801548,15952.149992971397,13694.894,2.15997e+06
111,2024-10-28,0,10,0,111,3126,15994.285714285714,19484.0,18645.0,16139.6,16940.5,0.5714285714285714,0.5666666666666667,0.52,15994.285714285714,15994.285714285714,19484.0,0.7142857142857143,0.7142857142857143,0.5,0.24171082498156707,2116.139876345481,6144.6268292469,4.854891699901418,12835.714945697013,15636.276259500932,41372.73,2.2013428e+06
112,2024-10-29,1,10,0,112,3126,15994.285714285714,19484.0,18645.0,16139.6,16940.5,0.5714285714285714,0.5666666666666667,0.52,15994.285714285714,15994.285714285714,19484.0,0.7142857142857143,0.7142857142857143,0.5,0.21870899878766295,2074.2374993253616,6083.486770746571,4.392887670583011,12581.550760715903,15326.657245020728,44692.21,2.246035e+06
113,2024-10-30,2,10,0,113,3126,15994.285714285714,19484.0,18645.0,16139.6,16940.5,0.5714285714285714,0.5666666666666667,0.52,15994.285714285714,15994.285714285714,19484.0,0.7142857142857143,0.7142857142857143,0.5,0.19789608576425846,2033.164844961842,6022.955065992906,3.9748491375723267,12332.419363795325,15023.169097796685,44692.21,2.2907272e+06
114,2024-10-31,3,10,0,114,3126,15994.285714285714,19484.0,18645.0,16139.6,16940.5,0.5714285714285714,0.5666666666666667,0.52,15994.285714285714,15994.285714285714,19484.0,0.7142857142857143,0.7142857142857143,0.5,0.1790637832823545,1992.9054836455323,5963.0256617649875,3.596592230723406,12088.221099054717,14725.690418523354,43506.69,2.334234e+06
115,2024-11-01,4,11,0,115,3126,15994.285714285714,19484.0,18645.0,16139.6,16940.5,0.5714285714285714,0.5666666666666667,0.52,15994.285714285714,15994.285714285714,19484.0,0.7142857142857143,0.7142857142857143,0.5,0.16202361132895632,1953.4433110951081,5903.692565072448,3.25433122777596,11848.85828393216,14434.10221176259,39505.65,2.3737398e+06
116,2024-11-02,5,11,0,116,3126,15994.285714285714,19484.0,18645.0,16139.6,16940.5,0.5714285714285714,0.5666666666666667,0.52,15994.285714285714,15994.285714285714,19484.0,0.7142857142857143,0.7142857142857143,0.5,0.14660502613575474,1914.7625419153803,5844.949842556176,2.944640665574595,11614.235170110062,14148.287838343795,12169.605,2.3859092e+06
117,2024-11-03,6,11,0,117,3126,15994.285714285714,19484.0,18645.0,16139.6,16940.5,0.5714285714285714,0.5666666666666667,0.52,15994.285714285714,15994.285714285714,19484.0,0.7142857142857143,0.7142857142857143,0.5,0.13265371331977074,1876.8477032829262,5786.791619894969,2.6644210568822073,11384.25790521454,13868.132968706686,12169.605,2.3980788e+06
118,2024-11-04,0,11,0,118,3126,15994.285714285714,19484.0,18645.0,16139.6,16940.5,0.5714285714285714,0.5666666666666667,0.52,15994.285714285714,15994.285714285714,19484.0,0.7142857142857143,0.7142857142857143,0.5,0.12003004345314357,1839.6836287567548,5729.212081218092,2.4108678696699357,11158.834495273233,13593.525537167969,35146.36,2.433225e+06
119,2024-11-05,1,11,0,119,3126,15994.285714285714,19484.0,18645.0,16139.6,16940.5,0.5714285714285714,0.5666666666666667,0.52,15994.285714285714,15994.285714285714,19484.0,0.7142857142857143,0.7142857142857143,0.5,0.10860767460488649,1803.2554522115286,5672.205468523697,2.1814434584179994,10937.874767916479,13324.35569709354,38465.855,2.4716908e+06
120,2024-11-06,2,11,0,120,3126,15994.285714285714,19484.0,18645.0,16139.6,16940.5,0.5714285714285714,0.5666666666666667,0.52,15994.285714285714,15994.285714285714,19484.0,0.7142857142857143,0.7142857142857143,0.5,0.09827228786837519,1767.5486018909135,5615.766081103009,1.9738516665063777,10721.290336307167,13060.515776958397,38465.855,2.5101565e+06
121,2024-11-07,3,11,0,121,3126,15994.285714285714,19484.0,18645.0,16139.6,16940.5,0.5714285714285714,0.5666666666666667,0.52,15994.285714285714,15994.285714285714,19484.0,0.7142857142857143,0.7142857142857143,0.5,0.08892044321930719,1732.5487945786836,5559.888274970251,1.7860148455076073,10508.994563784821,12801.900237276566,38465.855,2.5486222e+06
122,2024-11-08,4,11,0,122,3126,15994.285714285714,19484.0,18645.0,16139.6,16940.5,0.5714285714285714,0.5666666666666667,0.52,15994.285714285714,15994.285714285714,19484.0,0.7142857142857143,0.7142857142857143,0.5,0.0804585442531711,1698.2420298852437,5504.566462298245,1.6160530613829969,10300.902529209787,12548.405628383927,37182.773,2.585805e+06
123,2024-11-09,5,11,0,123,3126,15994.285714285714,19484.0,18645.0,16139.6,16940.5,0.5714285714285714,0.5666666666666667,0.52,15994.285714285714,15994.285714285714,19484.0,0.7142857142857143,0.7142857142857143,0.5,0.07280190144097122,1664.6145846472868,5449.7951108596235,1.462265279470897,10096.930992993632,12299.930549056946,9846.754,2.5956518e+06
124,2024-11-10,6,11,0,124,3126,15994.285714285714,19484.0,18645.0,16139.6,16940.5,0.5714285714285714,0.5666666666666667,0.52,15994.285714285714,15994.285714285714,19484.0,0.7142857142857143,0.7142857142857143,0.5,0.06587388452795684,1631.653007438346,5395.568743473598,1.3231123399600777,9896.998363802219,12056.375605950849,9846.754,2.6054985e+06
125,2024-11-11,0,11,0,125,3126,15994.285714285714,19484.0,18645.0,16139.6,16940.5,0.5714285714285714,0.5666666666666667,0.52,15994.285714285714,15994.285714285714,19484.0,0.7142857142857143,0.7142857142857143,0.5,0.05960515559227542,1599.3441131880443,5341.8819374582445,1.197201553460994,9701.024665918063,11817.64337384095,33419.47,2.638918e+06
126,2024-11-12,1,11,0,126,3126,15994.285714285714,19484.0,18645.0,16139.6,16940.5,0.5714285714285714,0.5666666666666667,0.52,15994.285714285714,15994.285714285714,19484.0,0.7142857142857143,0.7142857142857143,0.5,0.05393297508774616,1567.67497790789,5288.729324088219,1.083272762502286,9508.931507248994,11583.638356651267,36006.34,2.6749242e+06
127,2024-11-13,2,11,0,127,3126,15994.285714285714,19484.0,18645.0,16139.6,16940.5,0.5714285714285714,0.5666666666666667,0.52,15994.285714285714,15994.285714285714,19484.0,0.7142857142857143,0.7142857142857143,0.5,0.04880057392539398,1536.6329335215107,5236.105588057891,0.9801857294512499,9320.642047970268,11354.266949254814,40066.17,2.7149905e+06
128,2024-11-14,3,11,0,128,3126,15994.285714285714,19484.0,18645.0,16139.6,16940.5,0.5714285714285714,0.5666666666666667,0.52,15994.285714285714,15994.285714285714,19484.0,0.7142857142857143,0.7142857142857143,0.5,0.044156585309326396,1506.2055627972522,5184.005466949805,0.8869087246323615,9136.080969787616,11129.437400030309,40799.5,2.75579e+06
129,2024-11-15,4,11,0,129,3126,15994.285714285714,19484.0,18645.0,16139.6,16940.5,0.5714285714285714,0.5666666666666667,0.52,15994.285714285714,15994.285714285714,19484.0,0.7142857142857143,0.7142857142857143,0.5,0.03995453064057549,1476.3806943811214,5132.423750708433,0.8025082004299121,8955.174445808916,10909.059774160294,35016.914,2.790807e+06
130,2024-11-16,5,11,0,130,3126,15994.285714285714,19484.0,18645.0,16139.6,16940.5,0.5714285714285714,0.5666666666666667,0.52,15994.285714285714,15994.285714285714,19484.0,0.7142857142857143,0.7142857142857143,0.5,0.036152354343656976,1447.1463979280813,5081.355281119165,0.7261394480296863,8777.850111012458,10693.045917656013,10580.079,2.801387e+06
131,2024-11-17,6,11,0,131,3126,15994.285714285714,19484.0,18645.0,16139.6,16940.5,0.5714285714285714,0.5666666666666667,0.52,15994.285714285714,15994.285714285714,19484.0,0.7142857142857143,0.7142857142857143,0.5,0.0327120029602357,1418.490979329755,5030.794951292486,0.6570381432892384,8604.037033299965,10481.309422094637,10580.079,2.811967e+06
132,2024-11-18,0,11,0,132,3126,15994.285714285714,19484.0,18645.0,16139.6,16940.5,0.5714285714285714,0.5666666666666667,0.52,15994.285714285714,15994.285714285714,19484.0,0.7142857142857143,0.7142857142857143,0.5,0.029599044297324347,1390.402976036626,4980.737705153279,0.5945126971249756,8433.665685122816,10273.765590054758,31253.61,2.8432205e+06
133,2024-11-19,1,11,0,133,3126,15994.285714285714,19484.0,18645.0,16139.6,16940.5,0.5714285714285714,0.5666666666666667,0.52,15994.285714285714,15994.285714285714,19484.0,0.7142857142857143,0.7142857142857143,0.5,0.026782322818322917,1362.8711524728649,4931.178536935217,0.5379373338561565,8266.667915670092,10070.331401236266,34573.074,2.8777935e+06
134,2024-11-20,2,11,0,134,3126,15994.285714285714,19484.0,18645.0,16139.6,16940.5,0.5714285714285714,0.5666666666666667,0.52,15994.285714285714,15994.285714285714,19484.0,0.7142857142857143,0.7142857142857143,0.5,0.02423364782793688,1335.8844955419509,4882.112490680178,0.4867458282315528,8102.976923607343,9870.925479251147,34573.074,2.9123665e+06
135,2024-11-21,3,11,0,135,3126,15994.285714285714,19484.0,18645.0,16139.6,16940.5,0.5714285714285714,0.5666666666666667,0.52,15994.285714285714,15994.285714285714,19484.0,0.7142857142857143,0.7142857142857143,0.5,0.021927511330223155,1309.4322102212843,4833.534659742647,0.4404258384568131,7942.527230355173,9675.468059071824,45733.895,2.9581005e+06
136,2024-11-22,4,11,0,136,3126,15994.285714285714,19484.0,18645.0,16139.6,16940.5,0.5714285714285714,0.5666666666666667,0.52,15994.285714285714,15994.285714285714,19484.0,0.7142857142857143,0.7142857142857143,0.5,0.019840832735993377,1283.503715244035,4785.440186299049,0.3985137785055855,7785.254653896918,9483.880955124088,44837.727,3.0029382e+06
137,2024-11-23,5,11,0,137,3126,15994.285714285714,19484.0,18645.0,16139.6,16940.5,0.5714285714285714,0.5666666666666667,0.52,15994.285714285714,15994.285714285714,19484.0,0.7142857142857143,0.7142857142857143,0.5,0.017952727864519596,1258.0886388664944,4737.824260861961,0.36059017839474844,7631.096283105001,9296.087530011833,11735.992,3.0146742e+06
138,2024-11-24,6,11,0,138,3126,15994.285714285714,19484.0,18645.0,16139.6,16940.5,0.5714285714285714,0.5666666666666667,0.52,15994.285714285714,15994.285714285714,19484.0,0.7142857142857143,0.7142857142857143,0.5,0.016244299927634116,1233.17681471924,4690.68212179916,0.32627548598782974,7479.990452575634,9112.01266386107,11735.992,3.0264102e+06
139,2024-11-25,0,11,0,139,3126,15994.285714285714,19484.0,18645.0,16139.6,16940.5,0.5714285714285714,0.5666666666666667,0.52,15994.285714285714,15994.285714285714,19484.0,0.7142857142857143,0.7142857142857143,0.5,0.014698450404322182,1208.7582777404496,4644.0090548574535,0.29522626830965587,7331.876717961832,8931.582724270975,41778.355,3.0681885e+06
140,2024-11-26,1,11,0,140,3126,15994.285714285714,19484.0,18645.0,16139.6,16940.5,0.5714285714285714,0.5666666666666667,0.52,15994.285714285714,15994.285714285714,19484.0,0.7142857142857143,0.7142857142857143,0.5,0.013299707912976494,1184.823260189747,4597.800392691253,0.26713177435370056,7186.695831794875,8754.725536859945,45716.57,3.113905e+06
141,2024-11-27,2,11,0,141,3126,15994.285714285714,19484.0,18645.0,16139.6,16940.5,0.5714285714285714,0.5666666666666667,0.52,15994.285714285714,15994.285714285714,19484.0,0.7142857142857143,0.7142857142857143,0.5,0.012034073368610076,1161.3621877409746,4552.051514395835,0.24171082498156707,7044.389719784525,8581.370356394891,45716.57,3.1596215e+06
142,2024-11-28,3,11,0,142,3126,15994.285714285714,19484.0,18645.0,16139.6,16940.5,0.5714285714285714,0.5666666666666667,0.52,15994.285714285714,15994.285714285714,19484.0,0.7142857142857143,0.7142857142857143,0.5,0.010888879875308446,1138.3656756523342,4506.757845045245,0.21870899878766295,6904.901457588538,8411.44783849219,45716.57,3.205338e+06
143,2024-11-29,4,11,0,143,3126,15994.285714285714,19484.0,18645.0,16139.6,16940.5,0.5714285714285714,0.5666666666666667,0.52,15994.285714285714,15994.285714285714,19484.0,0.7142857142857143,0.7142857142857143,0.5,0.009852665951677803,1115.824525012366,4461.914855234803,0.19789608576425846,6768.175248042166,8244.890011879019,44820.402,3.2501585e+06
144,2024-11-30,5,11,0,144,3126,15994.285714285714,19484.0,18645.0,16139.6,16940.5,0.5714285714285714,0.5666666666666667,0.52,15994.285714285714,15994.285714285714,19484.0,0.7142857142857143,0.7142857142857143,0.5,0.008915060820486955,1093.7297190602615,4417.51806062816,0.1790637832823545,6634.15639883855,8081.630251203932,11090.776,3.2612492e+06
145,2024-12-01,6,12,0,145,3126,15994.285714285714,19484.0,18645.0,16139.6,16940.5,0.5714285714285714,0.5666666666666667,0.52,15994.285714285714,15994.285714285714,19484.0,0.7142857142857143,0.7142857142857143,0.5,0.008066680614442963,1072.0724195790385,4373.563021508858,0.16202361132895632,6502.791300651068,7921.603250385833,9721.839,3.270971e+06
146,2024-12-02,0,12,0,146,3126,15994.285714285714,19484.0,18645.0,16139.6,16940.5,0.5714285714285714,0.5666666666666667,0.52,15994.285714285714,15994.285714285714,19484.0,0.7142857142857143,0.7142857142857143,0.5,0.0072990344592933016,1050.8439633601367,4330.045342336353,0.14660502613575474,6374.027405688886,7764.744996490674,40082.105,3.311053e+06
147,2024-12-03,1,12,0,147,3126,15994.285714285714,19484.0,18645.0,16139.6,16940.5,0.5714285714285714,0.5666666666666667,0.52,15994.285714285714,15994.285714285714,19484.0,0.7142857142857143,0.7142857142857143,0.5,0.00660443949430245,1030.0358587380185,4286.960671306466,0.13265371331977074,6247.813206677147,7610.992744125426,43202.16,3.3542552e+06
148,2024-12-04,2,12,0,148,3126,15994.285714285714,19484.0,18645.0,16139.6,16940.5,0.5714285714285714,0.5666666666666667,0.52,15994.285714285714,15994.285714285714,19484.0,0.7142857142857143,0.7142857142857143,0.5,0.005975943979599339,1009.6397821933901,4244.304699916189,0.12003004345314357,6124.098216253364,7460.284990339083,43202.16,3.3974575e+06
149,2024-12-05,3,12,0,149,3126,15994.285714285714,19484.0,18645.0,16139.6,16940.5,0.5714285714285714,0.5666666666666667,0.52,15994.285714285714,15994.285714285714,19484.0,0.7142857142857143,0.7142857142857143,0.5,0.005407257720828205,989.6475750236824,4202.073162532835,0.10860767460488649,6002.832946771813,7312.561450020669,43202.16,3.4406598e+06
150,2024-12-06,4,12,0,150,3126,15994.285714285714,19484.0,18645.0,16139.6,16940.5,0.5714285714285714,0.5666666666666667,0.52,15994.285714285714,15994.285714285714,19484.0,0.7142857142857143,0.7142857142857143,0.5,0.004892689114769202,970.0512400794611,4160.261835967474,0.09827228786837519,5883.968890507812,7167.763031784382,42305.992,3.4829658e+06
151,2024-12-07,5,12,0,151,3126,15994.285714285714,19484.0,18645.0,16139.6,16940.5,0.5714285714285714,0.5666666666666667,0.52,15994.285714285714,15994.285714285714,19484.0,0.7142857142857143,0.7142857142857143,0.5,0.00442708818586041,950.8429385654606,4118.866539052607,0.08892044321930719,5767.458500253978,7025.831814332258,11224.043,3.4941898e+06
152,2024-12-08,6,12,0,152,3126,15994.285714285714,19484.0,18645.0,16139.6,16940.5,0.5714285714285714,0.5666666666666667,0.52,15994.285714285714,15994.285714285714,19484.0,0.7142857142857143,0.7142857142857143,0.5,0.004005795043511436,932.014986904961,4077.883132224044,0.0804585442531711,5653.2551703007175,6886.711023284873,11224.043,3.5054138e+06
153,2024-12-09,0,12,0,153,3126,15994.285714285714,19484.0,18645.0,16139.6,16940.5,0.5714285714285714,0.5666666666666667,0.52,15994.285714285714,15994.285714285714,19484.0,0.7142857142857143,0.7142857142857143,0.5,0.003624593244352127,913.5598536662557,4037.3075171069518,0.07280190144097122,5541.313217793318,6750.345008470838,38265.953,3.5436798e+06
154,2024-12-10,1,12,0,154,3126,15994.285714285714,19484.0,18645.0,16139.6,16940.5,0.5714285714285714,0.5666666666666667,0.52,15994.285714285714,15994.285714285714,19484.0,0.7142857142857143,0.7142857142857143,0.5,0.0032796675926501616,895.4701565499772,3997.135636106004,0.06587388452795684,5431.587864458197,6616.679221665993,40435.76,3.5841155e+06
155,2024-12-11,2,12,0,155,3126,15994.285714285714,19484.0,18645.0,16139.6,16940.5,0.5714285714285714,0.5666666666666667,0.52,15994.285714285714,15994.285714285714,19484.0,0.7142857142857143,0.7142857142857143,0.5,0.002967565956549785,877.7386594360802,3957.363471999624,0.05960515559227542,5324.035218690998,6485.660194773382,40435.76,3.6245512e+06
156,2024-12-12,3,12,0,156,3126,15994.285714285714,19484.0,18645.0,16139.6,16940.5,0.5714285714285714,0.5666666666666667,0.52,15994.285714285714,15994.285714285714,19484.0,0.7142857142857143,0.7142857142857143,0.5,0.0026851647179759208,860.3582694892957,3917.987047538258,0.05393297508774616,5218.612257999357,6357.235518435301,40435.76,3.664987e+06
157,2024-12-13,4,12,0,157,3126,15994.285714285714,19484.0,18645.0,16139.6,16940.5,0.5714285714285714,0.5666666666666667,0.52,15994.285714285714,15994.285714285714,19484.0,0.7142857142857143,0.7142857142857143,0.5,0.0024296375104145883,843.3220343219035,3879.0024250466467,0.04880057392539398,5115.276811793341,6231.353821068866,41613.883,3.706601e+06
158,2024-12-14,5,12,0,158,3126,15994.285714285714,19484.0,18645.0,16139.6,16940.5,0.5714285714285714,0.5666666666666667,0.52,15994.285714285714,15994.285714285714,19484.0,0.7142857142857143,0.7142857142857143,0.5,0.00219842693168685,826.6231392126838,3840.4057060300515,0.044156585309326396,5013.987544516642,6107.964748316682,11377.254,3.7179782e+06
159,2024-12-15,6,12,0,159,3126,15994.285714285714,19484.0,18645.0,16139.6,16940.5,0.5714285714285714,0.5666666666666667,0.52,15994.285714285714,15994.285714285714,19484.0,0.7142857142857143,0.7142857142857143,0.5,0.0019892189486082467,810.2549043809379,3802.193030784409,0.03995453064057549,4914.703939111808,5987.018942904441,12130.774,3.730109e+06
160,2024-12-16,0,12,0,160,3126,15994.285714285714,19484.0,18645.0,16139.6,16940.5,0.5714285714285714,0.5666666666666667,0.52,15994.285714285714,15994.285714285714,19484.0,0.7142857142857143,0.7142857142857143,0.5,0.0017999197373668929,794.2107823144872,3764.3605780103494,0.036152354343656976,4817.386280812879,5868.468024897346,36987.14,3.7670962e+06
161,2024-12-17,1,12,0,161,3126,15994.285714285714,19484.0,18645.0,16139.6,16940.5,0.5714285714285714,0.5666666666666667,0.52,15994.285714285714,15994.285714285714,19484.0,0.7142857142857143,0.7142857142857143,0.5,0.0016286347278310193,778.4843551505805,3726.904564431069,0.0327120029602357,4721.995641258947,5752.2645723474925,39156.977,3.8062532e+06
162,2024-12-18,2,12,0,162,3126,15994.285714285714,19484.0,18645.0,16139.6,16940.5,0.5714285714285714,0.5666666666666667,0.52,15994.285714285714,15994.285714285714,19484.0,0.7142857142857143,0.7142857142857143,0.5,0.0014736496420543206,763.069332108664,3689.8212444139954,0.029599044297324347,4628.493862922301,5638.362102324462,39156.977,3.8454102e+06
163,2024-12-19,3,12,0,163,3126,15994.285714285714,19484.0,18645.0,16139.6,16940.5,0.5714285714285714,0.5666666666666667,0.52,15994.285714285714,15994.285714285714,19484.0,0.7142857142857143,0.7142857142857143,0.5,0.0013334133372060455,747.9595469739846,3653.1069095962253,0.026782322818322917,4536.843543844899,5526.715052321526,45356.305,3.8907665e+06
0,2024-07-09,1,7,0,0,3781,0.0,13975.866666666667,15032.72,20525.445,32938.564,0.0,0.26666666666666666,0.31,29498.428571428572,14985.142857142857,14898.966666666667,0.5714285714285714,0.42857142857142855,0.36666666666666664,0.0,13975.866666666667,15032.72,592491.7762474427,110726.0612219185,110089.3005160978,22842.504,22842.504
1,2024-07-10,2,7,0,1,3781,0.0,13975.866666666667,15032.72,20525.445,32938.564,0.0,0.26666666666666666,0.31,24267.14285714286,8236.57142857143,14898.966666666667,0.5714285714285714,0.2857142857142857,0.36666666666666664,0.0,13699.12596497877,14883.141936797794,441034.5819867561,59655.36993606333,107909.38631114775,35520.254,58362.758
2,2024-07-11,3,7,0,2,3781,0.0,13975.866666666667,15032.72,20525.445,32938.564,0.0,0.26666666666666666,0.31,26282.285714285714,8236.57142857143,14898.966666666667,0.5714285714285714,0.2857142857142857,0.36666666666666664,0.0,13427.865096334315,14735.052200191925,432202.9049084786,58474.11446695298,105772.63729953316,33492.727,91855.484
3,2024-07-12,4,7,0,3,3781,0.0,13975.866666666667,15032.72,20525.445,32938.564,0.0,0.26666666666666666,0.31,26282.285714285714,8236.57142857143,14898.966666666667,0.5714285714285714,0.2857142857142857,0.36666666666666664,0.0,13161.975552768983,14588.43598108533,391073.3605450293,57316.249423294656,103678.19875315903,32117.432,123972.914
4,2024-07-13,5,7,0,4,3781,0.0,13975.866666666667,15032.72,20525.445,32938.564,0.0,0.26666666666666666,0.31,26282.285714285714,8236.57142857143,14898.966666666667,0.5714285714285714,0.2857142857142857,0.36666666666666664,0.0,12901.350974920104,14443.278617733911,353857.80981821014,56181.3116436325,101625.23286868057,920.41223,124893.33
5,2024-07-14,6,7,0,5,3781,0.0,13975.866666666667,15032.72,20525.445,32938.564,0.0,0.26666666666666666,0.31,26282.285714285714,3388.5714285714284,14898.966666666667,0.5714285714285714,0.14285714285714285,0.36666666666666664,0.0,12645.887109481499,14299.565594280373,320183.7869877689,22655.630881552035,99612.91843237074,3323.5884,128216.914
6,2024-07-15,0,7,0,6,3781,0.0,13975.866666666667,15032.72,20525.445,32938.564,0.0,0.26666666666666666,0.31,24176.571428571428,0.0,14898.966666666667,0.5714285714285714,0.0,0.36666666666666664,0.0,12395.481767500763,14157.282539302607,266502.61113632313,0.0,97640.45049162385,53816.363,182033.28
7,2024-07-16,1,7,0,7,3781,0.0,13975.866666666667,15032.72,20525.445,32938.564,0.0,0.26666666666666666,0.31,16690.85714285714,0.0,14898.966666666667,0.42857142857142855,0.0,0.36666666666666664,0.0,12150.034783502324,14016.415224376546,166477.6544701046,0.0,95707.04003296363,53180.87,235214.16
8,2024-07-17,2,7,0,8,3781,0.0,13975.866666666667,15032.72,20525.445,32938.564,0.0,0.26666666666666666,0.31,11009.42857142857,0.0,14898.966666666667,0.42857142857142855,0.0,0.36666666666666664,0.0,11909.447975419907,13876.949562653306,99360.24147819857,0.0,93811.91366642747,50662.75,285876.9
9,2024-07-18,3,7,0,9,3781,0.0,13975.866666666667,15032.72,20525.445,32938.564,0.0,0.26666666666666666,0.31,8480.0,0.0,14898.966666666667,0.42857142857142855,0.0,0.36666666666666664,0.0,11673.625105322417,13738.871607450497,69249.12085857367,0.0,91954.31331620007,45749.164,331626.06
10,2024-07-19,4,7,0,10,3781,0.0,13975.866666666667,15032.72,20525.445,32938.564,0.0,0.26666666666666666,0.31,8480.0,0.0,14898.966666666667,0.42857142857142855,0.0,0.36666666666666664,0.0,11442.471840917464,13602.167550857528,62659.195718931915,0.0,90133.49591737302,44432.973,376059.03
11,2024-07-20,5,7,0,11,3781,0.0,13975.866666666667,15032.72,20525.445,32938.564,0.0,0.26666666666666666,0.31,8480.0,0.0,14898.966666666667,0.42857142857142855,0.0,0.36666666666666664,0.0,11215.895717817204,13466.823722354826,56696.3848705282,0.0,88348.73311870886,22423.176,398482.22
12,2024-07-21,6,7,0,12,3781,0.0,13975.866666666667,15032.72,20525.445,32938.564,0.0,0.26666666666666666,0.31,8480.0,2254.285714285714,15424.966666666667,0.42857142857142855,0.14285714285714285,0.4,0.0,10993.806102551342,13332.826587446747,51301.01049822179,13102.894583381836,89656.65306074679,6824.9766,405307.2
13,2024-07-22,0,7,0,13,3781,0.0,13975.866666666667,15032.72,20525.445,32938.564,0.0,0.26666666666666666,0.31,5220.0,2254.285714285714,15424.966666666667,0.2857142857142857,0.14285714285714285,0.4,0.0,10776.114156312535,13200.16274630814,28574.005384815984,12843.439887109145,87881.33238326803,36853.17,442160.38
14,2024-07-23,1,7,0,14,3781,0.0,13975.866666666667,15032.72,20525.445,32938.564,0.0,0.26666666666666666,0.31,11085.714285714286,8834.285714285714,16188.6,0.42857142857142855,0.2857142857142857,0.4,0.0,10562.732799419691,13068.818932444336,54907.90230472299,49335.32003297588,90405.69749677932,50813.094,492973.47
15,2024-07-24,2,7,0,15,3781,0.0,13975.866666666667,15032.72,20525.445,32938.564,0.0,0.26666666666666666,0.31,33020.0,11771.42857142857,15801.933333333332,0.42857142857142855,0.42857142857142855,0.4,0.0,10353.576676484932,12938.782011364494,147985.37310256288,64436.18072547446,86498.9517542471,45319.977,538293.44
16,2024-07-25,3,7,0,16,3781,0.0,13975.866666666667,15032.72,20525.445,32938.564,0.0,0.26666666666666666,0.31,30500.0,15491.42857142857,14771.933333333332,0.2857142857142857,0.5714285714285714,0.4,0.0,10148.562122270296,12810.038979268144,123683.59898876258,83120.12707263812,79259.63510168239,38163.613,576457.06
17,2024-07-26,4,7,0,17,3781,0.0,13975.866666666667,15032.72,20525.445,32938.564,0.0,0.26666666666666666,0.31,30500.0,15491.42857142857,12013.866666666667,0.2857142857142857,0.5714285714285714,0.36666666666666664,0.0,9947.60712822053,12682.57696174479,111913.54836238695,81474.2382816888,63184.65924373911,42314.676,618771.75
18,2024-07-27,5,7,0,18,3781,0.0,13975.866666666667,15032.72,20525.445,32938.564,0.0,0.26666666666666666,0.31,30500.0,15491.42857142857,10651.866666666667,0.2857142857142857,0.5714285714285714,0.3333333333333333,0.0,9750.631309658587,12556.383212486457,101263.56614346469,79860.94027238981,54912.17828838885,3937.9333,622709.7
19,2024-07-28,6,7,0,19,3781,0.0,13975.866666666667,15032.72,20525.445,32938.564,0.0,0.26666666666666666,0.31,30500.0,19220.0,12047.866666666667,0.2857142857142857,0.5714285714285714,0.36666666666666664,0.0,9557.555873630658,12431.44511201306,91627.06373036622,97120.39588435754,60878.95838858594,5266.504,627976.2
20,2024-07-29,0,7,0,20,3781,0.0,13975.866666666667,15032.72,20525.445,32938.564,0.0,0.26666666666666666,0.31,30500.0,21942.85714285714,12683.2,0.2857142857142857,0.7142857142857143,0.4,0.0,9368.303587387958,12307.750166410438,82907.59576800087,108683.68291244138,62820.300845088124,34673.453,662649.6
21,2024-07-30,1,7,0,21,3781,0.0,13975.866666666667,15032.72,20525.445,32938.564,0.0,0.26666666666666666,0.31,24634.285714285714,31986.85714285714,14917.466666666667,0.14285714285714285,0.7142857142857143,0.4,0.0,9182.79874749259,12185.28600608095,60590.56578398635,155294.7779689359,72423.64148227405,43005.664,705655.3
22,2024-07-31,2,7,0,22,3781,0.0,13975.866666666667,15032.72,20525.445,32938.564,0.0,0.26666666666666666,0.31,0.0,44277.857142857145,17768.7,0.0,0.7142857142857143,0.4,0.0,9000.967149535174,12064.040384506508,0.0,210710.40726060746,84558.067058481,63282.945,768938.25
23,2024-08-01,3,8,0,23,3781,0.0,13975.866666666667,15032.72,20525.445,32938.564,0.0,0.26666666666666666,0.31,0.0,40557.857142857145,16574.7,0.0,0.5714285714285714,0.36666666666666664,0.0,8822.736058452063,11944.00117702392,0.0,189185.7858406977,77314.18436454689,59774.15,828712.4
24,2024-08-02,4,8,0,24,3781,0.0,13975.866666666667,15032.72,20525.445,32938.564,0.0,0.26666666666666666,0.31,0.0,40557.857142857145,15000.033333333333,0.0,0.5714285714285714,0.3333333333333333,0.0,8648.034179430384,11825.1563796124,0.0,185439.6562895478,68583.53033463888,58138.492,886850.9
25,2024-08-03,5,8,0,25,3781,0.0,13975.866666666667,15032.72,20525.445,32938.564,0.0,0.26666666666666666,0.31,0.0,40557.857142857145,15000.033333333333,0.0,0.5714285714285714,0.3333333333333333,0.0,8476.791629389136,11707.494107693168,0.0,181767.70507347546,67225.48544470665,10052.23,896903.1
26,2024-08-04,6,8,0,26,3781,0.0,13975.866666666667,15032.72,20525.445,32938.564,0.0,0.26666666666666666,0.31,0.0,34575.0,15000.033333333333,0.0,0.42857142857142855,0.3333333333333333,0.0,8308.93990902504,11591.002594940986,0.0,151886.09691776603,65894.33164530405,7579.879,904483.0
27,2024-08-05,0,8,0,27,3781,0.0,13975.866666666667,15032.72,20525.445,32938.564,0.0,0.26666666666666666,0.31,0.0,31852.14285714286,15000.033333333333,0.0,0.2857142857142857,0.3333333333333333,0.0,8144.411875411896,11475.670192107498,0.0,137154.038033927,64589.53645716237,47919.22,952402.25
28,2024-08-06,1,8,0,28,3781,0.0,13975.866666666667,15032.72,20525.445,32938.564,0.0,0.26666666666666666,0.31,0.0,15228.142857142857,13868.833333333334,0.0,0.14285714285714285,0.3,0.0,7983.141715142524,11361.485365856313,0.0,64273.358857768784,58536.12683662235,61433.99,1.01383625e+06
29,2024-08-07,2,8,0,29,3781,0.0,13975.866666666667,15032.72,20525.445,32938.564,0.0,0.26666666666666666,0.31,0.0,0.0,13078.166666666666,0.0,0.0,0.26666666666666666,0.0,7825.064918002517,11248.43669760965,0.0,0.0,54105.95063768108,69606.13,1.0834424e+06
30,2024-08-08,3,8,0,30,3781,0.0,13975.866666666667,15032.72,20525.445,32938.564,0.0,0.26666666666666666,0.31,0.0,2534.285714285714,13669.5,0.2857142857142857,0.14285714285714285,0.3,0.0,7670.118251165301,11136.512882406474,0.0,10277.03534454636,55432.55594678328,65649.91,1.1490922e+06
31,2024-08-09,4,8,0,31,3781,0.0,13975.866666666667,15032.72,20525.445,32938.564,0.0,0.26666666666666666,0.31,0.0,2534.285714285714,13669.5,0.2857142857142857,0.14285714285714285,0.3,0.0,7518.239733898158,11025.702727771997,0.0,10073.536410250974,54334.91779703945,61897.242,1.2109895e+06
32,2024-08-10,5,8,0,32,3781,0.0,13975.866666666667,15032.72,20525.445,32938.564,0.0,0.26666666666666666,0.31,0.0,2534.285714285714,13669.5,0.2857142857142857,0.14285714285714285,0.3,0.0,7369.368612769107,10915.995152598414,0.0,9874.067024835302,53259.01433888969,13418.218,1.2244078e+06
33,2024-08-11,6,8,0,33,3781,0.0,13975.866666666667,15032.72,20525.445,32938.564,0.0,0.26666666666666666,0.31,0.0,6911.428571428572,14690.833333333334,0.2857142857142857,0.2857142857142857,0.3333333333333333,0.0,7223.445337344722,10807.379186036786,0.0,26395.04639851762,56104.93163008595,6001.4,1.2304091e+06
34,2024-08-12,0,8,0,34,3781,0.0,13975.866666666667,15032.72,20525.445,32938.564,0.0,0.26666666666666666,0.31,0.0,10651.42857142857,15563.5,0.2857142857142857,0.42857142857142855,0.36666666666666664,0.0,7080.411536369164,10699.843966399936,0.0,39872.78541265284,58260.73860499944,49233.797,1.2796429e+06
35,2024-08-13,1,8,0,35,3781,0.0,13975.866666666667,15032.72,20525.445,32938.564,0.0,0.26666666666666666,0.31,0.0,10651.42857142857,15563.5,0.2857142857142857,0.42857142857142855,0.36666666666666664,0.0,6940.2099944149,10593.378740076298,0.0,39083.25136252726,57107.098686492114,52807.1,1.33245e+06
36,2024-08-14,2,8,0,36,3781,0.0,13975.866666666667,15032.72,20525.445,32938.564,0.0,0.26666666666666666,0.31,0.0,10651.42857142857,15563.5,0.2857142857142857,0.42857142857142855,0.36666666666666664,0.0,6802.78462899577,10487.972860454509,0.0,38309.35113406366,55976.302368897515,50356.41,1.3828064e+06
37,2024-08-15,3,8,0,37,3781,0.0,13975.866666666667,15032.72,20525.445,32938.564,0.0,0.26666666666666666,0.31,0.0,12457.142857142857,16576.166666666668,0.2857142857142857,0.42857142857142855,0.4,0.0,6668.08046813324,10383.615786858774,0.0,43916.67909975162,58437.97414481648,51826.09,1.4346325e+06
38,2024-08-16,4,8,0,38,3781,0.0,13975.866666666667,15032.72,20525.445,32938.564,0.0,0.26666666666666666,0.31,0.0,12457.142857142857,16576.166666666668,0.2857142857142857,0.42857142857142855,0.4,0.0,6536.0436283668905,10280.297083494765,0.0,43047.07058961504,57280.824727483574,51826.09,1.4864586e+06
39,2024-08-17,5,8,0,39,3781,0.0,13975.866666666667,15032.72,20525.445,32938.564,0.0,0.26666666666666666,0.31,0.0,12457.142857142857,16576.166666666668,0.2857142857142857,0.42857142857142855,0.4,0.0,6406.621293200296,10178.006418406048,0.0,42194.681481682914,56146.58840379619,3617.227,1.4900759e+06
40,2024-08-18,6,8,0,40,3781,0.0,13975.866666666667,15032.72,20525.445,32938.564,0.0,0.26666666666666666,0.31,0.0,8080.0,16576.166666666668,0.2857142857142857,0.2857142857142857,0.4,0.0,6279.761691973739,10076.733562440875,0.0,26826.5447357113,55034.81146410147,-850.6539,1.4892252e+06
41,2024-08-19,0,8,0,41,3781,0.0,13975.866666666667,15032.72,20525.445,32938.564,0.0,0.26666666666666666,0.31,0.0,12310.57142857143,18435.966666666667,0.2857142857142857,0.2857142857142857,0.43333333333333335,0.0,6155.414079155245,9976.46838822925,0.0,40063.2060799735,59997.53432533387,51614.45,1.5408398e+06
42,2024-08-20,1,8,0,42,3781,0.0,13975.866666666667,15032.72,20525.445,32938.564,0.0,0.26666666666666666,0.31,0.0,23635.0,20552.333333333332,0.2857142857142857,0.42857142857142855,0.43333333333333335,0.0,6033.528714041695,9877.2008691702,0.0,75394.07298100601,65560.57200183185,51257.184,1.5920969e+06
43,2024-08-21,2,8,0,43,3781,0.0,13975.866666666667,15032.72,20525.445,32938.564,0.0,0.26666666666666666,0.31,0.0,23635.0,20552.333333333332,0.2857142857142857,0.42857142857142855,0.43333333333333335,0.0,5914.056840861882,9778.921078429094,0.0,73901.17031117478,64262.38569742759,51257.184,1.643354e+06
44,2024-08-22,3,8,0,44,3781,0.0,13975.866666666667,15032.72,20525.445,32938.564,0.0,0.26666666666666666,0.31,0.0,26816.285714285714,20771.966666666667,0.2857142857142857,0.42857142857142855,0.43333333333333335,0.0,5796.950669273557,9681.619187944962,0.0,82188.00598813467,63663.04934899547,50923.355,1.6942774e+06
45,2024-08-23,4,8,0,45,3781,0.0,13975.866666666667,15032.72,20525.445,32938.564,0.0,0.26666666666666666,0.31,0.0,26816.285714285714,20086.633333333335,0.2857142857142857,0.42857142857142855,0.4,0.0,5682.163355246647,9585.285467447664,0.0,80560.57443129725,60343.5813954699,50756.047,1.7450334e+06
46,2024-08-24,5,8,0,46,3781,0.0,13975.866666666667,15032.72,20525.445,32938.564,0.0,0.26666666666666666,0.31,0.0,26816.285714285714,19218.633333333335,0.2857142857142857,0.42857142857142855,0.36666666666666664,0.0,5569.648982325025,9489.910283484876,0.0,78965.36817838768,56592.71657609292,3011.3816,1.7480448e+06
47,2024-08-25,6,8,0,47,3781,0.0,13975.866666666667,15032.72,20525.445,32938.564,0.0,0.26666666666666666,0.31,0.0,26816.285714285714,19218.633333333335,0.2857142857142857,0.42857142857142855,0.36666666666666664,0.0,5459.36254325931,9395.48409845872,0.0,77401.74912563508,55472.1057067115,1838.5149,1.7498832e+06
48,2024-08-26,0,8,0,48,3781,0.0,13975.866666666667,15032.72,20525.445,32938.564,0.0,0.26666666666666666,0.31,0.0,18845.714285714286,19218.633333333335,0.2857142857142857,0.2857142857142857,0.36666666666666664,0.0,5351.25992200337,9301.99746967201,0.0,53318.61550475111,54373.684419250705,49524.05,1.7994072e+06
49,2024-08-27,1,8,0,49,3781,0.0,13975.866666666667,15032.72,20525.445,32938.564,0.0,0.26666666666666666,0.31,0.0,7521.285714285715,17822.633333333335,0.2857142857142857,0.14285714285714285,0.3333333333333333,0.0,5245.297876067313,9209.441048383955,0.0,20857.99016113662,49425.633440055564,55475.34,1.8548826e+06
50,2024-08-28,2,8,0,50,3781,0.0,13975.866666666667,15032.72,20525.445,32938.564,0.0,0.26666666666666666,0.31,0.0,7521.285714285715,17187.3,0.2857142857142857,0.14285714285714285,0.3,0.0,5141.4340192199215,9117.805578875299,0.0,20444.974283791467,46719.92527027414,50784.473,1.9056671e+06
51,2024-08-29,3,8,0,51,3781,0.0,13975.866666666667,15032.72,20525.445,32938.564,0.0,0.26666666666666666,0.31,0.0,0.0,13308.366666666667,0.2857142857142857,0.0,0.26666666666666666,0.0,5039.626804533586,9027.081897522725,0.0,0.0,35459.56063488539,59031.64,1.9646988e+06
52,2024-08-30,4,8,0,52,3781,0.0,13975.866666666667,15032.72,20525.445,32938.564,0.0,0.26666666666666666,0.31,0.0,0.0,9755.133333333333,0.2857142857142857,0.0,0.23333333333333334,0.0,4939.835507764984,8937.2609318825,0.0,0.0,25477.44732443897,58347.594,2.0230464e+06
53,2024-08-31,5,8,0,53,3781,0.0,13975.866666666667,15032.72,20525.445,32938.564,0.0,0.26666666666666666,0.31,0.0,0.0,9755.133333333333,0.2857142857142857,0.0,0.23333333333333334,0.0,4842.020211064838,8848.333699783203,0.0,0.0,24972.96006665782,5610.0723,2.0286565e+06
54,2024-09-01,6,9,0,54,3781,0.0,13975.866666666667,15032.72,20525.445,32938.564,0.0,0.26666666666666666,0.31,0.0,2808.5714285714284,10410.466666666667,0.2857142857142857,0.14285714285714285,0.26666666666666666,0.0,4746.14178701025,8760.29130842752,0.0,7047.521295163945,26122.883961418833,8204.129,2.0368606e+06
55,2024-09-02,0,9,0,55,3781,0.0,13975.866666666667,15032.72,20525.445,32938.564,0.0,0.26666666666666666,0.31,0.0,2808.5714285714284,10410.466666666667,0.2857142857142857,0.14285714285714285,0.26666666666666666,0.0,4652.1618829532,8673.12495350295,0.0,6907.971023620805,25605.616201929057,64571.914,2.1014325e+06
56,2024-09-03,1,9,0,56,3781,0.0,13975.866666666667,15032.72,20525.445,32938.564,0.0,0.26666666666666666,0.31,0.0,9102.857142857143,11879.133333333333,0.2857142857142857,0.2857142857142857,0.3,0.0,4560.0429056789835,8586.825918301356,0.0,21946.075613272085,28639.399065824222,56221.5,2.157654e+06
57,2024-09-04,2,9,0,57,3781,0.0,13975.866666666667,15032.72,20525.445,32938.564,0.0,0.26666666666666666,0.31,0.0,9102.857142857143,11879.133333333333,0.2857142857142857,0.2857142857142857,0.3,0.0,4469.748006368422,8501.385572847305,0.0,21511.514200419035,28072.30096862363,54102.79,2.2117568e+06
58,2024-09-05,3,9,0,58,3781,0.0,13975.866666666667,15032.72,20525.445,32938.564,0.0,0.26666666666666666,0.31,0.0,9102.857142857143,11879.133333333333,0.2857142857142857,0.2857142857142857,0.3,0.0,4381.241065857841,8416.795373035051,0.0,21085.557680070164,27516.432166112823,53884.42,2.2656412e+06
59,2024-09-06,4,9,0,59,3781,0.0,13975.866666666667,15032.72,20525.445,32938.564,0.0,0.26666666666666666,0.31,0.0,9102.857142857143,11879.133333333333,0.2857142857142857,0.2857142857142857,0.3,0.0,4294.48668019093,8333.046859774118,0.0,20668.03566393784,26971.570303359116,53884.42,2.3195258e+06
60,2024-09-07,5,9,0,60,3781,0.0,13975.866666666667,15032.72,20525.445,32938.564,0.0,0.26666666666666666,0.31,0.0,9102.857142857143,11287.8,0.2857142857142857,0.2857142857142857,0.26666666666666666,0.0,4209.450146456682,8250.131658143393,0.0,20258.78113764858,25121.46089263728,7004.7173,2.3265305e+06
61,2024-09-08,6,9,0,61,3781,0.0,13975.866666666667,15032.72,20525.445,32938.564,0.0,0.26666666666666666,0.31,0.0,18594.0,14157.733333333334,0.2857142857142857,0.2857142857142857,0.3,0.0,4126.097448907766,8168.041476553614,0.0,40562.29530467355,30884.702608986066,6472.787,2.3330032e+06
62,2024-09-09,0,9,0,62,3781,0.0,13975.866666666667,15032.72,20525.445,32938.564,0.0,0.26666666666666666,0.31,0.0,25159.428571428572,15689.666666666666,0.2857142857142857,0.42857142857142855,0.3333333333333333,0.0,4044.3952453537795,8086.768105918214,0.0,53797.807835573956,33548.841140854915,50772.125,2.3837755e+06
63,2024-09-10,1,9,0,63,3781,0.0,13975.866666666667,15032.72,20525.445,32938.564,0.0,0.26666666666666666,0.31,0.0,25884.0,16306.066666666668,0.2857142857142857,0.42857142857142855,0.3333333333333333,0.0,3964.3108538239244,8006.303418832403,0.0,54251.19485717213,34176.46422837941,55317.266,2.4390928e+06
64,2024-09-11,2,9,0,64,3781,0.0,13975.866666666667,15032.72,20525.445,32938.564,0.0,0.26666666666666666,0.31,0.0,39496.71428571428,18609.7,0.2857142857142857,0.5714285714285714,0.3333333333333333,0.0,3885.812239493781,7926.639368760417,0.0,81143.3615398843,38232.38572011956,56628.582,2.4957212e+06
65,2024-09-12,3,9,0,65,3781,0.0,13975.866666666667,15032.72,20525.445,32938.564,0.0,0.26666666666666666,0.31,0.0,42531.0,19317.7,0.2857142857142857,0.7142857142857143,0.36666666666666664,0.0,3808.8680018709556,7847.767989230861,0.0,85646.91640142685,38901.07067710243,55106.035,2.5508272e+06
66,2024-09-13,4,9,0,66,3781,0.0,13975.866666666667,15032.72,20525.445,32938.564,0.0,0.26666666666666666,0.31,0.0,42531.0,19317.7,0.2857142857142857,0.7142857142857143,0.36666666666666664,0.0,3733.447362234462,7769.681393040056,0.0,83950.99382949318,38130.777867908124,55238.02,2.6060652e+06
67,2024-09-14,5,9,0,67,3781,0.0,13975.866666666667,15032.72,20525.445,32938.564,0.0,0.26666666666666666,0.31,0.0,42531.0,18305.033333333333,0.2857142857142857,0.7142857142857143,0.3333333333333333,0.0,3659.5201513228253,7692.371771463312,0.0,82288.65277445281,35416.438174307004,3027.8887,2.6090932e+06
68,2024-09-15,6,9,0,68,3781,0.0,13975.866666666667,15032.72,20525.445,32938.564,0.0,0.26666666666666666,0.31,0.0,30231.285714285714,18305.033333333333,0.2857142857142857,0.5714285714285714,0.3333333333333333,0.0,3587.05679726597,7615.831393474045,0.0,57333.055313947785,34715.14571170645,3577.4426,2.6126708e+06
69,2024-09-16,0,9,0,69,3781,0.0,13975.866666666667,15032.72,20525.445,32938.564,0.0,0.26666666666666666,0.31,0.0,29031.571428571428,19557.033333333333,0.2857142857142857,0.5714285714285714,0.36666666666666664,0.0,3516.0283137560823,7540.052604970674,0.0,53967.602227436495,36355.11767865697,47946.35,2.660617e+06
70,2024-09-17,1,9,0,70,3781,0.0,13975.866666666667,15032.72,20525.445,32938.564,0.0,0.26666666666666666,0.31,0.0,29498.428571428572,21303.7,0.2857142857142857,0.5714285714285714,0.4,0.0,3446.4062884527,7465.027828011198,0.0,53749.64128197655,38817.87228787928,53242.066,2.713859e+06
71,2024-09-18,2,9,0,71,3781,0.0,13975.866666666667,15032.72,20525.445,32938.564,0.0,0.26666666666666666,0.31,0.0,24267.14285714286,21399.566666666666,0.2857142857142857,0.5714285714285714,0.4,0.0,3378.162871617395,7390.749560055399,0.0,43342.049747359284,38220.44846806491,46845.3,2.7607042e+06
72,2024-09-19,3,9,0,72,3781,0.0,13975.866666666667,15032.72,20525.445,32938.564,0.0,0.26666666666666666,0.31,0.0,26282.285714285714,19935.4,0.2857142857142857,0.5714285714285714,0.4,0.0,3311.2707649735094,7317.210373214585,0.0,46011.67484492507,34900.3565624029,45296.82,2.806001e+06
73,2024-09-20,4,9,0,73,3781,0.0,13975.866666666667,15032.72,20525.445,32938.564,0.0,0.26666666666666666,0.31,0.0,26282.285714285714,19935.4,0.2857142857142857,0.5714285714285714,0.4,0.0,3245.703210786479,7244.402913508788,0.0,45100.58263961736,34209.28320040003,46888.184,2.8528892e+06
74,2024-09-21,5,9,0,74,3781,0.0,13975.866666666667,15032.72,20525.445,32938.564,0.0,0.26666666666666666,0.31,0.0,26282.285714285714,18180.433333333334,0.2857142857142857,0.5714285714285714,0.36666666666666664,0.0,3181.4339811603822,7172.319900131363,0.0,44207.531268714614,30579.99155017396,4714.3945,2.8576038e+06
75,2024-09-22,6,9,0,75,3781,0.0,13975.866666666667,15032.72,20525.445,32938.564,0.0,0.26666666666666666,0.31,0.0,26282.285714285714,18180.433333333334,0.2857142857142857,0.5714285714285714,0.36666666666666664,0.0,3118.4373675464353,7100.954124720906,0.0,43332.163499760965,29974.4671472123,4574.518,2.8621782e+06
76,2024-09-23,0,9,0,76,3781,0.0,13975.866666666667,15032.72,20525.445,32938.564,0.0,0.26666666666666666,0.31,0.0,24176.571428571428,18941.1,0.2857142857142857,0.5714285714285714,0.4,0.0,3056.6881704592265,7030.298450640403,0.0,39071.138218502354,30610.226859375813,50116.516,2.9122948e+06
77,2024-09-24,1,9,0,77,3781,0.0,13975.866666666667,15032.72,20525.445,32938.564,0.0,0.26666666666666666,0.31,0.0,16690.85714285714,18941.1,0.2857142857142857,0.42857142857142855,0.4,0.0,2996.161689396587,6960.345812263564,0.0,26439.552587259324,30004.10375717898,58377.94,2.9706728e+06
78,2024-09-25,2,9,0,78,3781,0.0,13975.866666666667,15032.72,20525.445,32938.564,0.0,0.26666666666666666,0.31,0.0,11009.42857142857,19571.1,0.2857142857142857,0.42857142857142855,0.43333333333333335,0.0,2936.833712959061,6891.08921426826,0.0,17094.419214542086,30388.188244207206,54750.508,3.0254232e+06
79,2024-09-26,3,9,0,79,3781,0.0,13975.866666666667,15032.72,20525.445,32938.564,0.0,0.26666666666666666,0.31,0.0,8480.0,20159.1,0.2857142857142857,0.42857142857142855,0.4666666666666667,0.0,2878.6805091650235,6822.5217309369755,0.0,12906.233991646013,30681.375195871595,51248.137,3.0766715e+06
80,2024-09-27,4,9,0,80,3781,0.0,13975.866666666667,15032.72,20525.445,32938.564,0.0,0.26666666666666666,0.31,0.0,8480.0,20159.1,0.2857142857142857,0.42857142857142855,0.4666666666666667,0.0,2821.6788159575713,6754.636505464238,0.0,12650.673435997973,30073.843262220133,52337.53,3.129009e+06
81,2024-09-28,5,9,0,81,3781,0.0,13975.866666666667,15032.72,20525.445,32938.564,0.0,0.26666666666666666,0.31,0.0,8480.0,20159.1,0.2857142857142857,0.42857142857142855,0.4666666666666667,0.0,2765.805831899387,6687.4267492709305,0.0,12400.173318402223,29478.341266863474,3881.9011,3.132891e+06
82,2024-09-29,6,9,0,82,3781,0.0,13975.866666666667,15032.72,20525.445,32938.564,0.0,0.26666666666666666,0.31,0.0,8480.0,20159.1,0.2857142857142857,0.42857142857142855,0.4666666666666667,0.0,2711.0392070518665,6620.885741325425,0.0,12154.633435471684,28894.63100106335,3742.0244,3.136633e+06
83,2024-09-30,0,9,0,83,3781,0.0,13975.866666666667,15032.72,20525.445,32938.564,0.0,0.26666666666666666,0.31,0.0,5220.0,20159.1,0.2857142857142857,0.2857142857142857,0.4666666666666667,0.0,2657.357034034838,6555.006827471475,0.0,7333.8264227419595,28322.47897293054,55062.1,3.191695e+06
84,2024-10-01,1,10,0,84,3781,0.0,13975.866666666667,15032.72,20525.445,32938.564,0.0,0.26666666666666666,0.31,0.0,11085.714285714286,20872.433333333334,0.2857142857142857,0.42857142857142855,0.4666666666666667,0.0,2604.737839263322,6489.783419762795,0.0,15266.444930352898,28744.007452584647,59681.094,3.251376e+06
85,2024-10-02,2,10,0,85,3781,0.0,13975.866666666667,15032.72,20525.445,32938.564,0.0,0.26666666666666666,0.31,0.0,33020.0,26620.433333333334,0.2857142857142857,0.42857142857142855,0.5,0.0,2553.1605743578125,6425.2089958042625,0.0,44572.33782615962,35933.82639648982,55177.227,3.3065532e+06
86,2024-10-03,3,10,0,86,3781,0.0,13975.866666666667,15032.72,20525.445,32938.564,0.0,0.26666666666666666,0.31,0.0,30500.0,25151.766666666666,0.2857142857142857,0.2857142857142857,0.4666666666666667,0.0,2502.604607724641,6361.277098099668,0.0,40355.459276291826,33279.052309621664,50844.453,3.3573978e+06
87,2024-10-04,4,10,0,87,3781,0.0,13975.866666666667,15032.72,20525.445,32938.564,0.0,0.26666666666666666,0.31,0.0,30500.0,25151.766666666666,0.2857142857142857,0.2857142857142857,0.4666666666666667,0.0,2453.049716303066,6297.981333405967,0.0,39556.36764330604,32620.08292279727,51107.273,3.408505e+06
88,2024-10-05,5,10,0,88,3781,0.0,13975.866666666667,15032.72,20525.445,32938.564,0.0,0.26666666666666666,0.31,0.0,30500.0,25151.766666666666,0.2857142857142857,0.2857142857142857,0.4666666666666667,0.0,2404.476077475778,6235.315372093942,0.0,38773.099084802845,31974.16200408223,2474.3467,3.4109792e+06
89,2024-10-06,6,10,0,89,3781,0.0,13975.866666666667,15032.72,20525.445,32938.564,0.0,0.26666666666666666,0.31,0.0,30500.0,25151.766666666666,0.2857142857142857,0.2857142857142857,0.4666666666666667,0.0,2356.864261139588,6173.272947515239,0.0,38005.34028291512,31341.031176496665,3603.0164,3.4145822e+06
90,2024-10-07,0,10,0,90,3781,0.0,13975.866666666667,15032.72,20525.445,32938.564,0.0,0.26666666666666666,0.31,0.0,30500.0,25151.766666666666,0.2857142857142857,0.2857142857142857,0.4666666666666667,0.0,2310.1952219331306,6111.847855375699,0.0,37252.78412388518,30720.437179267687,50626.76,3.465209e+06
91,2024-10-08,1,10,0,91,3781,0.0,13975.866666666667,15032.72,20525.445,32938.564,0.0,0.26666666666666666,0.31,0.0,24634.285714285714,22281.833333333332,0.2857142857142857,0.14285714285714285,0.43333333333333335,0.0,2264.4502916184597,6051.03395311492,0.0,29492.59458524642,26676.197748852985,60785.07,3.525994e+06
92,2024-10-09,2,10,0,92,3781,0.0,13975.866666666667,15032.72,20525.445,32938.564,0.0,0.26666666666666666,0.31,0.0,0.0,20749.9,0.2857142857142857,0.0,0.4,0.0,2219.611171613509,5990.825159291997,0.0,0.0,24350.233221992967,53059.426,3.5790535e+06
93,2024-10-10,3,10,0,93,3781,0.0,13975.866666666667,15032.72,20525.445,32938.564,0.0,0.26666666666666666,0.31,0.0,0.0,19112.166666666668,0.2857142857142857,0.0,0.36666666666666664,0.0,2175.659925672415,5931.215452977375,0.0,0.0,21984.22455605914,49128.586,3.628182e+06
94,2024-10-11,4,10,0,94,3781,0.0,13975.866666666667,15032.72,20525.445,32938.564,0.0,0.26666666666666666,0.31,0.0,0.0,15935.866666666667,0.2857142857142857,0.0,0.3333333333333333,0.0,2132.578972710775,5872.198873150747,0.0,0.0,17967.63949385539,48634.113,3.676816e+06
95,2024-10-12,5,10,0,95,3781,0.0,13975.866666666667,15032.72,20525.445,32938.564,0.0,0.26666666666666666,0.31,0.0,0.0,15227.866666666667,0.2857142857142857,0.0,0.3,0.0,2090.3510797729846,5813.769518104949,0.0,0.0,16829.395384333555,1262.6633,3.6780788e+06
96,2024-10-13,6,10,0,96,3781,0.0,13975.866666666667,15032.72,20525.445,32938.564,0.0,0.26666666666666666,0.31,0.0,0.0,15227.866666666667,0.2857142857142857,0.0,0.3,0.0,2048.959355138823,5755.921544855786,0.0,0.0,16496.15102827858,1122.7864,3.6792015e+06
97,2024-10-14,0,10,0,97,3781,0.0,13975.866666666667,15032.72,20525.445,32938.564,0.0,0.26666666666666666,0.31,0.0,0.0,15227.866666666667,0.2857142857142857,0.0,0.3,0.0,2008.3872415665392,5698.649168557726,0.0,0.0,16169.505352586531,52317.66,3.7315192e+06
98,2024-10-15,1,10,0,98,3781,0.0,13975.866666666667,15032.72,20525.445,32938.564,0.0,0.26666666666666666,0.31,0.0,0.0,15227.866666666667,0.2857142857142857,0.0,0.3,0.0,1968.6185096697354,5641.946661925411,0.0,0.0,15849.327694631795,54609.363,3.7861285e+06
99,2024-10-16,2,10,0,99,3781,0.0,13975.866666666667,15032.72,20525.445,32938.564,0.0,0.26666666666666666,0.31,0.0,0.0,13975.866666666667,0.2857142857142857,0.0,0.26666666666666666,0.0,1929.6372514253967,5585.808354660927,0.0,0.0,14258.197901368601,46402.977,3.8325315e+06
100,2024-10-17,3,10,0,100,3781,0.0,13975.866666666667,15032.72,20525.445,32938.564,0.0,0.26666666666666666,0.31,0.0,0.0,13975.866666666667,0.2857142857142857,0.2857142857142857,0.4666666666666667,0.0,1891.4278738104676,5530.228632886764,0.0,0.0,13975.866666666667,41934.45,3.874466e+06
101,2024-10-18,4,10,0,101,3781,0.0,13975.866666666667,15032.72,20525.445,32938.564,0.0,0.26666666666666666,0.31,0.0,0.0,13975.866666666667,0.2857142857142857,0.2857142857142857,0.4666666666666667,0.0,1853.975092564437,5475.20193858443,0.0,0.0,13699.12596497877,41934.45,3.9164005e+06
102,2024-10-19,5,10,0,102,3781,0.0,13975.866666666667,15032.72,20525.445,32938.564,0.0,0.26666666666666666,0.31,0.0,0.0,13975.866666666667,0.2857142857142857,0.2857142857142857,0.4666666666666667,0.0,1817.26392607543,5420.722769038637,0.0,0.0,13427.865096334315,-1504.1552,3.9148962e+06
103,2024-10-20,6,10,0,103,3781,0.0,13975.866666666667,15032.72,20525.445,32938.564,0.0,0.26666666666666666,0.31,0.0,0.0,13975.866666666667,0.2857142857142857,0.2857142857142857,0.4666666666666667,0.0,1781.2796893873622,5366.785676287033,0.0,0.0,13161.975552768983,-1498.1823,3.913398e+06
104,2024-10-21,0,10,0,104,3781,0.0,13975.866666666667,15032.72,20525.445,32938.564,0.0,0.26666666666666666,0.31,0.0,0.0,13975.866666666667,0.2857142857142857,0.2857142857142857,0.4666666666666667,0.0,1746.0079883257613,5313.385266575394,0.0,0.0,12901.350974920104,45078.81,3.9584768e+06
105,2024-10-22,1,10,0,105,3781,0.0,13975.866666666667,15032.72,20525.445,32938.564,0.0,0.26666666666666666,0.31,0.0,0.0,13975.866666666667,0.2857142857142857,0.2857142857142857,0.4666666666666667,0.0,1711.4347137399081,5260.516199818247,0.0,0.0,12645.887109481499,47324.12,4.0058008e+06
106,2024-10-23,2,10,0,106,3781,0.0,13975.866666666667,15032.72,20525.445,32938.564,0.0,0.26666666666666666,0.31,0.0,0.0,13975.866666666667,0.2857142857142857,0.2857142857142857,0.4666666666666667,0.0,1677.5460358589844,5208.173189064861,0.0,0.0,12395.481767500763,45205.41,4.0510062e+06
107,2024-10-24,3,10,0,107,3781,0.0,13975.866666666667,15032.72,20525.445,32938.564,0.0,0.26666666666666666,0.31,0.0,0.0,13975.866666666667,0.2857142857142857,0.2857142857142857,0.4666666666666667,0.0,1644.328398759983,5156.350999970539,0.0,0.0,12150.034783502324,40683.605,4.0916898e+06
108,2024-10-25,4,10,0,108,3781,0.0,13975.866666666667,15032.72,20525.445,32938.564,0.0,0.26666666666666666,0.31,0.0,0.0,13975.866666666667,0.2857142857142857,0.2857142857142857,0.4666666666666667,0.0,1611.7685149451565,5105.044450273189,0.0,0.0,11909.447975419907,40653.402,4.1323432e+06
109,2024-10-26,5,10,0,109,3781,0.0,13975.866666666667,15032.72,20525.445,32938.564,0.0,0.26666666666666666,0.31,0.0,0.0,13975.866666666667,0.2857142857142857,0.2857142857142857,0.4666666666666667,0.0,1579.8533600268418,5054.248409275085,0.0,0.0,11673.625105322417,-1580.7526,4.1307625e+06
110,2024-10-27,6,10,0,110,3781,0.0,13975.866666666667,15032.72,20525.445,32938.564,0.0,0.26666666666666666,0.31,0.0,0.0,13975.866666666667,0.2857142857142857,0.2857142857142857,0.4666666666666667,0.0,1548.5701675175299,5003.957797329795,0.0,0.0,11442.471840917464,-431.2583,4.1303312e+06
111,2024-10-28,0,10,0,111,3781,0.0,13975.866666666667,15032.72,20525.445,32938.564,0.0,0.26666666666666666,0.31,0.0,0.0,13975.866666666667,0.2857142857142857,0.2857142857142857,0.4666666666666667,0.0,1517.9064237231025,4954.167585334216,0.0,0.0,11215.895717817204,45413.14,4.1757445e+06
112,2024-10-29,1,10,0,112,3781,0.0,13975.866666666667,15032.72,20525.445,32938.564,0.0,0.26666666666666666,0.31,0.0,0.0,13975.866666666667,0.2857142857142857,0.2857142857142857,0.4666666666666667,0.0,1487.8498627371866,4904.872794225657,0.0,0.0,10993.806102551342,47704.844,4.2234495e+06
113,2024-10-30,2,10,0,113,3781,0.0,13975.866666666667,15032.72,20525.445,32938.564,0.0,0.26666666666666666,0.31,0.0,0.0,13975.866666666667,0.2857142857142857,0.2857142857142857,0.4666666666666667,0.0,1458.388461534629,4856.06849448393,0.0,0.0,10776.114156312535,45586.133,4.2690355e+06
114,2024-10-31,3,10,0,114,3781,0.0,13975.866666666667,15032.72,20525.445,32938.564,0.0,0.26666666666666666,0.31,0.0,0.0,13975.866666666667,0.2857142857142857,0.2857142857142857,0.4666666666666667,0.0,1429.510435162123,4807.749805638388,0.0,0.0,10562.732799419691,41064.33,4.3101e+06
115,2024-11-01,4,11,0,115,3781,0.0,13975.866666666667,15032.72,20525.445,32938.564,0.0,0.26666666666666666,0.31,0.0,0.0,13975.866666666667,0.2857142857142857,0.2857142857142857,0.4666666666666667,0.0,1401.2042320240755,4759.911895779882,0.0,0.0,10353.576676484932,44713.33,4.3548135e+06
116,2024-11-02,5,11,0,116,3781,0.0,13975.866666666667,15032.72,20525.445,32938.564,0.0,0.26666666666666666,0.31,0.0,0.0,13975.866666666667,0.2857142857142857,0.2857142857142857,0.4666666666666667,0.0,1373.4585292618096,4712.549981077558,0.0,0.0,10148.562122270296,3211.7722,4.3580255e+06
117,2024-11-03,6,11,0,117,3781,0.0,13975.866666666667,15032.72,20525.445,32938.564,0.0,0.26666666666666666,0.31,0.0,0.0,13975.866666666667,0.2857142857142857,0.2857142857142857,0.4666666666666667,0.0,1346.2622282242733,4665.659325300482,0.0,0.0,9947.60712822053,3217.7454,4.361243e+06
118,2024-11-04,0,11,0,118,3781,0.0,13975.866666666667,15032.72,20525.445,32938.564,0.0,0.26666666666666666,0.31,0.0,0.0,13975.866666666667,0.2857142857142857,0.2857142857142857,0.4666666666666667,0.0,1319.6044500284288,4619.235239343998,0.0,0.0,9750.631309658587,52741.22,4.413984e+06
119,2024-11-05,1,11,0,119,3781,0.0,13975.866666666667,15032.72,20525.445,32938.564,0.0,0.26666666666666666,0.31,0.0,0.0,13975.866666666667,0.2857142857142857,0.2857142857142857,0.4666666666666667,0.0,1293.4745312075565,4573.273080760823,0.0,0.0,9557.555873630658,63468.51,4.4774525e+06
120,2024-11-06,2,11,0,120,3781,0.0,13975.866666666667,15032.72,20525.445,32938.564,0.0,0.26666666666666666,0.31,0.0,0.0,13975.866666666667,0.2857142857142857,0.2857142857142857,0.4666666666666667,0.0,1267.862019445724,4527.768253296799,0.0,0.0,9368.303587387958,61349.8,4.5388025e+06
121,2024-11-07,3,11,0,121,3781,0.0,13975.866666666667,15032.72,20525.445,32938.564,0.0,0.26666666666666666,0.31,0.0,0.0,13975.866666666667,0.2857142857142857,0.2857142857142857,0.4666666666666667,0.0,1242.7566693967224,4482.716206431256,0.0,0.0,9182.79874749259,56827.996,4.5956305e+06
122,2024-11-08,4,11,0,122,3781,0.0,13975.866666666667,15032.72,20525.445,32938.564,0.0,0.26666666666666666,0.31,0.0,0.0,13975.866666666667,0.2857142857142857,0.2857142857142857,0.4666666666666667,0.0,1218.148438585789,4438.112434921967,0.0,0.0,9000.967149535174,55487.996,4.6511185e+06
123,2024-11-09,5,11,0,123,3781,0.0,13975.866666666667,15032.72,20525.445,32938.564,0.0,0.26666666666666666,0.31,0.0,0.0,13975.866666666667,0.2857142857142857,0.2857142857142857,0.4666666666666667,0.0,1194.027483392486,4393.9524783546085,0.0,0.0,8822.736058452063,4742.4985,4.655861e+06
124,2024-11-10,6,11,0,124,3781,0.0,13975.866666666667,15032.72,20525.445,32938.564,0.0,0.26666666666666666,0.31,0.0,0.0,13975.866666666667,0.2857142857142857,0.2857142857142857,0.4666666666666667,0.0,1170.3841551131186,4350.231920696725,0.0,0.0,8648.034179430384,4748.471,4.6606095e+06
125,2024-11-11,0,11,0,125,3781,0.0,13975.866666666667,15032.72,20525.445,32938.564,0.0,0.26666666666666666,0.31,0.0,0.0,13975.866666666667,0.2857142857142857,0.2857142857142857,0.4666666666666667,0.0,1147.2089961011266,4306.946389856116,0.0,0.0,8476.791629389136,60048.652,4.720658e+06
126,2024-11-12,1,11,0,126,3781,0.0,13975.866666666667,15032.72,20525.445,32938.564,0.0,0.26666666666666666,0.31,0.0,0.0,13975.866666666667,0.2857142857142857,0.2857142857142857,0.4666666666666667,0.0,1124.4927359838987,4264.091557243628,0.0,0.0,8308.93990902504,63468.51,4.7841265e+06
127,2024-11-13,2,11,0,127,3781,0.0,13975.866666666667,15032.72,20525.445,32938.564,0.0,0.26666666666666666,0.31,0.0,0.0,13975.866666666667,0.2857142857142857,0.2857142857142857,0.4666666666666667,0.0,1102.226287954501,4221.663137340285,0.0,0.0,8144.411875411896,65409.613,4.849536e+06
128,2024-11-14,3,11,0,128,3781,0.0,13975.866666666667,15032.72,20525.445,32938.564,0.0,0.26666666666666666,0.31,0.0,0.0,13975.866666666667,0.2857142857142857,0.2857142857142857,0.4666666666666667,0.0,1080.4007451368313,4179.65688726874,0.0,0.0,7983.141715142524,60887.81,4.910424e+06
129,2024-11-15,4,11,0,129,3781,0.0,13975.866666666667,15032.72,20525.445,32938.564,0.0,0.26666666666666666,0.31,0.0,0.0,13975.866666666667,0.2857142857142857,0.2857142857142857,0.4666666666666667,0.0,1059.007377022752,4138.068606368982,0.0,0.0,7825.064918002517,53321.402,4.9637455e+06
130,2024-11-16,5,11,0,130,3781,0.0,13975.866666666667,15032.72,20525.445,32938.564,0.0,0.26666666666666666,0.31,0.0,0.0,13975.866666666667,0.2857142857142857,0.2857142857142857,0.4666666666666667,0.0,1038.0376259797683,4096.894135778261,0.0,0.0,7670.118251165301,2430.5305,4.966176e+06
131,2024-11-17,6,11,0,131,3781,0.0,13975.866666666667,15032.72,20525.445,32938.564,0.0,0.26666666666666666,0.31,0.0,0.0,13975.866666666667,0.2857142857142857,0.2857142857142857,0.4666666666666667,0.0,1017.4831038278628,4056.129358015209,0.0,0.0,7518.239733898158,2436.5032,4.9686125e+06
132,2024-11-18,0,11,0,132,3781,0.0,13975.866666666667,15032.72,20525.445,32938.564,0.0,0.26666666666666666,0.31,0.0,0.0,13975.866666666667,0.2857142857142857,0.2857142857142857,0.4666666666666667,0.0,997.3355884841106,4015.7701965680776,0.0,0.0,7369.368612769107,54517.863,5.0231305e+06
133,2024-11-19,1,11,0,133,3781,0.0,13975.866666666667,15032.72,20525.445,32938.564,0.0,0.26666666666666666,0.31,0.0,0.0,13975.866666666667,0.2857142857142857,0.2857142857142857,0.4666666666666667,0.0,977.5870206737374,3975.8126154870897,0.0,0.0,7223.445337344722,57937.723,5.081068e+06
134,2024-11-20,2,11,0,134,3781,0.0,13975.866666666667,15032.72,20525.445,32938.564,0.0,0.26666666666666666,0.31,0.0,0.0,13975.866666666667,0.2857142857142857,0.2857142857142857,0.4666666666666667,0.0,958.2295007063009,3936.2526189808377,0.0,0.0,7080.411536369164,55819.01,5.136887e+06
135,2024-11-21,3,11,0,135,3781,0.0,13975.866666666667,15032.72,20525.445,32938.564,0.0,0.26666666666666666,0.31,0.0,0.0,13975.866666666667,0.2857142857142857,0.2857142857142857,0.4666666666666667,0.0,939.2552853157107,3897.0862510167062,0.0,0.0,6940.2099944149,51297.207,5.188184e+06
136,2024-11-22,4,11,0,136,3781,0.0,13975.866666666667,15032.72,20525.445,32938.564,0.0,0.26666666666666666,0.31,0.0,0.0,13975.866666666667,0.2857142857142857,0.2857142857142857,0.4666666666666667,0.0,920.6567845628174,3858.3095949252584,0.0,0.0,6802.78462899577,43490.35,5.2316745e+06
137,2024-11-23,5,11,0,137,3781,0.0,13975.866666666667,15032.72,20525.445,32938.564,0.0,0.26666666666666666,0.31,0.0,0.0,13975.866666666667,0.2857142857142857,0.2857142857142857,0.4666666666666667,0.0,902.4265587993368,3819.9187730085714,0.0,0.0,6668.08046813324,4520.771,5.2361955e+06
138,2024-11-24,6,11,0,138,3781,0.0,13975.866666666667,15032.72,20525.445,32938.564,0.0,0.26666666666666666,0.31,0.0,0.0,13975.866666666667,0.2857142857142857,0.2857142857142857,0.4666666666666667,0.0,884.557315691891,3781.909946152463,0.0,0.0,6536.0436283668905,4526.7437,5.240722e+06
139,2024-11-25,0,11,0,139,3781,0.0,13975.866666666667,15032.72,20525.445,32938.564,0.0,0.26666666666666666,0.31,0.0,0.0,13975.866666666667,0.2857142857142857,0.2857142857142857,0.4666666666666667,0.0,867.0419073049762,3744.279313442571,0.0,0.0,6406.621293200296,47087.566,5.2878095e+06
140,2024-11-26,1,11,0,140,3781,0.0,13975.866666666667,15032.72,20525.445,32938.564,0.0,0.26666666666666666,0.31,0.0,0.0,13975.866666666667,0.2857142857142857,0.2857142857142857,0.4666666666666667,0.0,849.8733272416964,3707.0231117842663,0.0,0.0,6279.761691973739,49379.27,5.337189e+06
141,2024-11-27,2,11,0,141,3781,0.0,13975.866666666667,15032.72,20525.445,32938.564,0.0,0.26666666666666666,0.31,0.0,0.0,13975.866666666667,0.2857142857142857,0.2857142857142857,0.4666666666666667,0.0,833.0447078411088,3670.137615526337,0.0,0.0,6155.414079155245,47260.56,5.3844495e+06
142,2024-11-28,3,11,0,142,3781,0.0,13975.866666666667,15032.72,20525.445,32938.564,0.0,0.26666666666666666,0.31,0.0,0.0,13975.866666666667,0.2857142857142857,0.2857142857142857,0.4666666666666667,0.0,816.5493174310683,3633.6191360884177,0.0,0.0,6033.528714041695,42738.754,5.4271885e+06
143,2024-11-29,4,11,0,143,3781,0.0,13975.866666666667,15032.72,20525.445,32938.564,0.0,0.26666666666666666,0.31,0.0,0.0,13975.866666666667,0.2857142857142857,0.2857142857142857,0.4666666666666667,0.0,800.3805576354697,3597.4640215921336,0.0,0.0,5914.056840861882,39532.57,5.466721e+06
144,2024-11-30,5,11,0,144,3781,0.0,13975.866666666667,15032.72,20525.445,32938.564,0.0,0.26666666666666666,0.31,0.0,0.0,13975.866666666667,0.2857142857142857,0.2857142857142857,0.4666666666666667,0.0,784.5319607348084,3561.6686564959055,0.0,0.0,5796.950669273557,7305.276,5.4740265e+06
145,2024-12-01,6,12,0,145,3781,0.0,13975.866666666667,15032.72,20525.445,32938.564,0.0,0.26666666666666666,0.31,0.0,0.0,13975.866666666667,0.2857142857142857,0.2857142857142857,0.4666666666666667,0.0,768.9971870790066,3526.2294612333935,0.0,0.0,5682.163355246647,8222.484,5.482249e+06
146,2024-12-02,0,12,0,146,3781,0.0,13975.866666666667,15032.72,20525.445,32938.564,0.0,0.26666666666666666,0.31,0.0,0.0,13975.866666666667,0.2857142857142857,0.2857142857142857,0.4666666666666667,0.0,753.770022551469,3491.14289185554,0.0,0.0,5569.648982325025,48751.984,5.531001e+06
147,2024-12-03,1,12,0,147,3781,0.0,13975.866666666667,15032.72,20525.445,32938.564,0.0,0.26666666666666666,0.31,0.0,0.0,13975.866666666667,0.2857142857142857,0.2857142857142857,0.4666666666666667,0.0,738.8443760833529,3456.405439676167,0.0,0.0,5459.36254325931,49966.445,5.5809675e+06
148,2024-12-04,2,12,0,148,3781,0.0,13975.866666666667,15032.72,20525.445,32938.564,0.0,0.26666666666666666,0.31,0.0,0.0,13975.866666666667,0.2857142857142857,0.2857142857142857,0.4666666666666667,0.0,724.2142772170599,3422.0136309211093,0.0,0.0,5351.25992200337,47847.734,5.628815e+06
149,2024-12-05,3,12,0,149,3781,0.0,13975.866666666667,15032.72,20525.445,32938.564,0.0,0.26666666666666666,0.31,0.0,0.0,13975.866666666667,0.2857142857142857,0.2857142857142857,0.4666666666666667,0.0,709.8738737179729,3387.964026380831,0.0,0.0,5245.297876067313,43325.93,5.672141e+06
150,2024-12-06,4,12,0,150,3781,0.0,13975.866666666667,15032.72,20525.445,32938.564,0.0,0.26666666666666666,0.31,0.0,0.0,13975.866666666667,0.2857142857142857,0.2857142857142857,0.4666666666666667,0.0,695.8174292334841,3354.2532210665036,0.0,0.0,5141.4340192199215,45458.633,5.7175995e+06
151,2024-12-07,5,12,0,151,3781,0.0,13975.866666666667,15032.72,20525.445,32938.564,0.0,0.26666666666666666,0.31,0.0,0.0,13975.866666666667,0.2857142857142857,0.2857142857142857,0.4666666666666667,0.0,682.0393209983782,3320.8778438695035,0.0,0.0,5039.626804533586,15164.377,5.732764e+06
152,2024-12-08,6,12,0,152,3781,0.0,13975.866666666667,15032.72,20525.445,32938.564,0.0,0.26666666666666666,0.31,0.0,0.0,13975.866666666667,0.2857142857142857,0.2857142857142857,0.4666666666666667,0.0,668.5340375856505,3287.8345572242974,0.0,0.0,4939.835507764984,14979.371,5.7477435e+06
153,2024-12-09,0,12,0,153,3781,0.0,13975.866666666667,15032.72,20525.445,32938.564,0.0,0.26666666666666666,0.31,0.0,0.0,13975.866666666667,0.2857142857142857,0.2857142857142857,0.4666666666666667,0.0,655.296176701863,3255.1200567746855,0.0,0.0,4842.020211064838,49981.89,5.7977255e+06
154,2024-12-10,1,12,0,154,3781,0.0,13975.866666666667,15032.72,20525.445,32938.564,0.0,0.26666666666666666,0.31,0.0,0.0,13975.866666666667,0.2857142857142857,0.2857142857142857,0.4666666666666667,0.0,642.3204430261553,3222.73107104336,0.0,0.0,4746.14178701025,51196.35,5.848922e+06
155,2024-12-11,2,12,0,155,3781,0.0,13975.866666666667,15032.72,20525.445,32938.564,0.0,0.26666666666666666,0.31,0.0,0.0,13975.866666666667,0.2857142857142857,0.2857142857142857,0.4666666666666667,0.0,629.6016460920447,3190.6643611047566,0.0,0.0,4652.1618829532,49807.973,5.89873e+06
156,2024-12-12,3,12,0,156,3781,0.0,13975.866666666667,15032.72,20525.445,32938.564,0.0,0.26666666666666666,0.31,0.0,0.0,13975.866666666667,0.2857142857142857,0.2857142857142857,0.4666666666666667,0.0,617.1346982111714,3158.9167202611598,0.0,0.0,4560.0429056789835,44724.36,5.9434545e+06
157,2024-12-13,4,12,0,157,3781,0.0,13975.866666666667,15032.72,20525.445,32938.564,0.0,0.26666666666666666,0.31,0.0,0.0,13975.866666666667,0.2857142857142857,0.2857142857142857,0.4666666666666667,0.0,604.9146124381551,3127.4849737220284,0.0,0.0,4469.748006368422,45458.633,5.988913e+06
158,2024-12-14,5,12,0,158,3781,0.0,13975.866666666667,15032.72,20525.445,32938.564,0.0,0.26666666666666666,0.31,0.0,0.0,13975.866666666667,0.2857142857142857,0.2857142857142857,0.4666666666666667,0.0,592.9365005757497,3096.365978286515,0.0,0.0,4381.241065857841,24579.043,6.013492e+06
159,2024-12-15,6,12,0,159,3781,0.0,13975.866666666667,15032.72,20525.445,32938.564,0.0,0.26666666666666666,0.31,0.0,0.0,13975.866666666667,0.2857142857142857,0.2857142857142857,0.4666666666666667,0.0,581.1955712194999,3065.556622029145,0.0,0.0,4294.48668019093,24717.084,6.038209e+06
160,2024-12-16,0,12,0,160,3781,0.0,13975.866666666667,15032.72,20525.445,32938.564,0.0,0.26666666666666666,0.31,0.0,0.0,13975.866666666667,0.2857142857142857,0.2857142857142857,0.4666666666666667,0.0,569.6871278411157,3035.053823988616,0.0,0.0,4209.450146456682,62914.914,6.101124e+06
161,2024-12-17,1,12,0,161,3781,0.0,13975.866666666667,15032.72,20525.445,32938.564,0.0,0.26666666666666666,0.31,0.0,0.0,13975.866666666667,0.2857142857142857,0.2857142857142857,0.4666666666666667,0.0,558.4065669097974,3004.854533859706,0.0,0.0,4126.097448907766,64129.375,6.1652535e+06
162,2024-12-18,2,12,0,162,3781,0.0,13975.866666666667,15032.72,20525.445,32938.564,0.0,0.26666666666666666,0.31,0.0,0.0,13975.866666666667,0.2857142857142857,0.2857142857142857,0.4666666666666667,0.0,547.3493760507633,2974.9557316882356,0.0,0.0,4044.3952453537795,62740.996,6.2279945e+06
163,2024-12-19,3,12,0,163,3781,0.0,13975.866666666667,15032.72,20525.445,32938.564,0.0,0.26666666666666666,0.31,0.0,0.0,13975.866666666667,0.2857142857142857,0.2857142857142857,0.4666666666666667,0.0,536.5111322402388,2945.354427569073,0.0,0.0,3964.3108538239244,64535.46,6.29253e+06
