,day_of_week,month,is_holiday,staleness,rolling_30_noise,x_stale_30
0,1,6,0,0.006134969325153374,,
1,2,6,0,0.012269938650306749,,
2,3,6,0,0.018404907975460124,,
3,4,6,0,0.024539877300613498,,
4,5,6,0,0.03067484662576687,,
5,6,6,0,0.03680981595092025,,
6,0,6,0,0.04294478527607362,,
7,1,6,0,0.049079754601226995,,
8,2,6,0,0.05521472392638037,,
9,3,6,0,0.06134969325153374,,
10,4,6,0,0.06748466257668712,,
11,5,6,0,0.0736196319018405,,
12,6,6,0,0.07975460122699386,,
13,0,6,0,0.08588957055214724,,
14,1,6,0,0.09202453987730061,,
15,2,6,0,0.09815950920245399,,
16,3,7,0,0.10429447852760736,,
17,4,7,0,0.11042944785276074,,
18,5,7,0,0.1165644171779141,,
19,6,7,0,0.12269938650306748,,
20,0,7,0,0.12883435582822086,,
21,1,7,0,0.13496932515337423,,
22,2,7,0,0.1411042944785276,,
23,3,7,0,0.147239263803681,,
24,4,7,0,0.15337423312883436,,
25,5,7,0,0.15950920245398773,,
26,6,7,0,0.1656441717791411,,
27,0,7,0,0.17177914110429449,,
28,1,7,0,0.0,,
29,2,7,0,0.006134969325153374,,
30,3,7,0,0.012269938650306749,,
31,4,7,0,0.018404907975460124,,
32,5,7,0,0.024539877300613498,,
33,6,7,0,0.03067484662576687,,
34,0,7,0,0.03680981595092025,,
35,1,7,0,0.04294478527607362,,
36,2,7,0,0.049079754601226995,,
37,3,7,0,0.05521472392638037,,
38,4,7,0,0.06134969325153374,,
39,5,7,0,0.06748466257668712,,
40,6,7,0,0.0736196319018405,,
41,0,7,0,0.07975460122699386,,
42,1,7,0,0.08588957055214724,,
43,2,7,0,0.09202453987730061,,
44,3,7,0,0.09815950920245399,,
45,4,7,0,0.10429447852760736,,
46,5,7,0,0.11042944785276074,,
47,6,8,0,0.1165644171779141,,
48,0,8,0,0.12269938650306748,,
49,1,8,0,0.12883435582822086,,
50,2,8,0,0.13496932515337423,,
51,3,8,0,0.1411042944785276,,
52,4,8,0,0.147239263803681,,
53,5,8,0,0.15337423312883436,,
54,6,8,0,0.15950920245398773,,
55,0,8,0,0.1656441717791411,,
56,1,8,0,0.17177914110429449,,
57,2,8,0,0.17791411042944785,,
58,3,8,0,0.18404907975460122,,
59,4,8,0,0.1901840490797546,,
60,5,8,0,0.19631901840490798,,
61,6,8,0,0.20245398773006135,,
62,0,8,0,0.2085889570552147,,
63,1,8,0,0.2147239263803681,,
64,2,8,0,0.22085889570552147,,
65,3,8,0,0.22699386503067484,,
66,4,8,0,0.2331288343558282,,
67,5,8,0,0.2392638036809816,,
68,6,8,0,0.24539877300613497,,
69,0,8,0,0.25153374233128833,,
70,1,8,0,0.25766871165644173,,
71,2,8,0,0.26380368098159507,,
72,3,8,0,0.26993865030674846,,
73,4,8,0,0.27607361963190186,,
74,5,8,0,0.0,0.0,0.0
75,6,8,0,0.006134969325153374,0.0,0.0
76,0,8,0,0.012269938650306749,0.0,0.0
77,1,8,0,0.018404907975460124,0.0,0.0
78,2,9,0,0.024539877300613498,0.0,0.0
79,3,9,0,0.03067484662576687,0.0,0.0
80,4,9,0,0.03680981595092025,0.0,0.0
81,5,9,0,0.04294478527607362,0.0,0.0
82,6,9,0,0.049079754601226995,0.0,0.0
83,0,9,0,0.05521472392638037,0.0,0.0
84,1,9,0,0.06134969325153374,0.0,0.0
85,2,9,0,0.06748466257668712,0.0,0.0
86,3,9,0,0.0736196319018405,0.0,0.0
87,4,9,0,0.07975460122699386,0.0,0.0
88,5,9,0,0.08588957055214724,0.0,0.0
89,6,9,0,0.09202453987730061,0.0,0.0
90,0,9,0,0.09815950920245399,0.0,0.0
91,1,9,0,0.10429447852760736,0.0,0.0
92,2,9,0,0.11042944785276074,0.0,0.0
93,3,9,0,0.1165644171779141,0.0,0.0
94,4,9,0,0.12269938650306748,0.0,0.0
95,5,9,0,0.12883435582822086,0.0,0.0
96,6,9,0,0.13496932515337423,0.0,0.0
97,0,9,0,0.1411042944785276,0.0,0.0
98,1,9,0,0.147239263803681,0.0,0.0
99,2,9,0,0.15337423312883436,0.0,0.0
100,3,9,0,0.15950920245398773,0.0,0.0
101,4,9,0,0.1656441717791411,0.0,0.0
102,5,9,0,0.0,0.0,0.0
103,6,9,0,0.006134969325153374,0.0,0.0
104,0,9,0,0.012269938650306749,0.0,0.0
105,1,9,0,0.018404907975460124,0.0,0.0
106,2,9,0,0.024539877300613498,0.0,0.0
107,3,9,0,0.03067484662576687,0.0,0.0
108,4,10,0,0.03680981595092025,0.0,0.0
109,5,10,0,0.04294478527607362,0.0,0.0
110,6,10,0,0.049079754601226995,0.0,0.0
111,0,10,0,0.05521472392638037,0.0,0.0
112,1,10,0,0.06134969325153374,0.0,0.0
113,2,10,0,0.06748466257668712,0.0,0.0
114,3,10,0,0.0736196319018405,0.0,0.0
115,4,10,0,0.07975460122699386,0.0,0.0
116,5,10,0,0.08588957055214724,0.0,0.0
117,6,10,0,0.09202453987730061,0.0,0.0
118,0,10,0,0.09815950920245399,0.0,0.0
119,1,10,0,0.10429447852760736,0.0,0.0
120,2,10,0,0.11042944785276074,0.0,0.0
121,3,10,0,0.1165644171779141,0.0,0.0
122,4,10,0,0.12269938650306748,0.0,0.0
123,5,10,0,0.12883435582822086,0.0,0.0
124,6,10,0,0.13496932515337423,0.0,0.0
125,0,10,0,0.1411042944785276,0.0,0.0
126,1,10,0,0.147239263803681,0.0,0.0
127,2,10,0,0.15337423312883436,0.0,0.0
128,3,10,0,0.15950920245398773,0.0,0.0
129,4,10,0,0.1656441717791411,0.0,0.0
130,5,10,0,0.17177914110429449,0.0,0.0
131,6,10,0,0.17791411042944785,0.0,0.0
132,0,10,0,0.18404907975460122,0.0,0.0
133,1,10,0,0.1901840490797546,0.0,0.0
134,2,10,0,0.19631901840490798,0.0,0.0
135,3,10,0,0.20245398773006135,0.0,0.0
136,4,10,0,0.2085889570552147,0.0,0.0
137,5,10,0,0.2147239263803681,0.0,0.0
138,6,10,0,0.22085889570552147,0.0,0.0
139,0,11,0,0.22699386503067484,0.0,0.0
140,1,11,0,0.2331288343558282,0.0,0.0
141,2,11,0,0.2392638036809816,0.0,0.0
142,3,11,0,0.24539877300613497,0.0,0.0
143,4,11,0,0.25153374233128833,0.0,0.0
144,5,11,0,0.25766871165644173,0.0,0.0
145,6,11,0,0.26380368098159507,0.0,0.0
146,0,11,0,0.26993865030674846,0.0,0.0
147,1,11,0,0.27607361963190186,0.0,0.0
148,2,11,0,0.2822085889570552,0.0,0.0
149,3,11,0,0.2883435582822086,0.0,0.0
150,4,11,0,0.294478527607362,0.0,0.0
151,5,11,0,0.3006134969325153,0.0,0.0
152,6,11,0,0.3067484662576687,0.0,0.0
153,0,11,0,0.3128834355828221,0.0,0.0
154,1,11,0,0.31901840490797545,0.0,0.0
155,2,11,0,0.32515337423312884,0.0,0.0
156,3,11,0,0.3312883435582822,0.0,0.0
157,4,11,0,0.3374233128834356,0.0,0.0
158,5,11,0,0.34355828220858897,0.0,0.0
159,6,11,0,0.3496932515337423,0.0,0.0
160,0,11,0,0.3558282208588957,0.0,0.0
161,1,11,0,0.3619631901840491,0.0,0.0
162,2,11,0,0.36809815950920244,0.0,0.0
163,3,11,0,0.37423312883435583,0.0,0.0
164,4,11,0,0.3803680981595092,0.0,0.0
165,5,11,0,0.38650306748466257,0.0,0.0
166,6,11,0,0.39263803680981596,0.0,0.0
167,0,11,0,0.3987730061349693,0.0,0.0
168,1,11,0,0.4049079754601227,0.0,0.0
169,2,12,0,0.4110429447852761,0.0,0.0
170,3,12,0,0.4171779141104294,0.0,0.0
171,4,12,0,0.4233128834355828,0.0,0.0
172,5,12,0,0.4294478527607362,0.0,0.0
173,6,12,0,0.43558282208588955,0.0,0.0
174,0,12,0,0.44171779141104295,0.0,0.0
175,1,12,0,0.44785276073619634,0.0,0.0
176,2,12,0,0.4539877300613497,0.0,0.0
177,3,12,0,0.4601226993865031,0.0,0.0
178,4,12,0,0.4662576687116564,0.0,0.0
179,5,12,0,0.4723926380368098,0.0,0.0
180,6,12,0,0.4785276073619632,0.0,0.0
181,0,12,0,0.48466257668711654,0.0,0.0
182,1,12,0,0.49079754601226994,0.0,0.0
183,2,12,0,0.49693251533742333,0.0,0.0
184,3,12,0,0.5030674846625767,0.0,0.0
185,4,12,0,0.50920245398773,0.0,0.0
186,5,12,0,0.5153374233128835,0.0,0.0
187,6,12,0,0.5214723926380368,0.0,0.0
188,0,12,0,0.5276073619631901,0.0,0.0
189,1,12,0,0.5337423312883436,0.0,0.0
190,2,12,0,0.5398773006134969,0.0,0.0
191,3,12,0,0.5460122699386503,0.0,0.0
192,4,12,0,0.5521472392638037,0.0,0.0
193,5,12,1,0.558282208588957,0.0,0.0
194,6,12,1,0.5644171779141104,0.0,0.0
195,0,12,0,0.5705521472392638,0.0,0.0
196,1,12,0,0.5766871165644172,0.0,0.0
197,2,12,0,0.5828220858895705,0.0,0.0
198,3,12,0,0.588957055214724,0.0,0.0
199,4,12,0,0.0,0.0,0.0
200,5,1,1,0.006134969325153374,0.0,0.0
201,6,1,0,0.012269938650306749,0.0,0.0
202,0,1,0,0.018404907975460124,0.0,0.0
203,1,1,0,0.024539877300613498,0.0,0.0
204,2,1,0,0.03067484662576687,0.0,0.0
205,3,1,0,0.03680981595092025,0.0,0.0
206,4,1,0,0.04294478527607362,0.0,0.0
207,5,1,0,0.049079754601226995,0.0,0.0
208,6,1,0,0.05521472392638037,0.0,0.0
209,0,1,0,0.06134969325153374,0.0,0.0
210,1,1,0,0.06748466257668712,0.0,0.0
211,2,1,0,0.0736196319018405,0.0,0.0
212,3,1,0,0.07975460122699386,0.0,0.0
213,4,1,0,0.08588957055214724,0.0,0.0
214,5,1,0,0.09202453987730061,0.0,0.0
215,6,1,0,0.09815950920245399,0.0,0.0
216,0,1,0,0.10429447852760736,0.0,0.0
217,1,1,0,0.11042944785276074,0.0,0.0
218,2,1,0,0.0,0.0,0.0
219,3,1,0,0.006134969325153374,0.0,0.0
220,4,1,0,0.012269938650306749,0.0,0.0
221,5,1,0,0.018404907975460124,0.0,0.0
222,6,1,0,0.024539877300613498,0.0,0.0
223,0,1,0,0.03067484662576687,0.0,0.0
224,1,1,0,0.03680981595092025,0.0,0.0
225,2,1,0,0.04294478527607362,0.0,0.0
226,3,1,0,0.049079754601226995,0.0,0.0
227,4,1,0,0.05521472392638037,0.0,0.0
228,5,1,0,0.06134969325153374,0.0,0.0
229,6,1,0,0.06748466257668712,0.0,0.0
230,0,1,0,0.0736196319018405,0.0,0.0
231,1,2,0,0.07975460122699386,0.0,0.0
232,2,2,0,0.08588957055214724,0.0,0.0
233,3,2,0,0.09202453987730061,0.0,0.0
234,4,2,0,0.09815950920245399,0.0,0.0
235,5,2,0,0.10429447852760736,0.0,0.0
236,6,2,0,0.11042944785276074,0.0,0.0
237,0,2,0,0.1165644171779141,0.0,0.0
238,1,2,0,0.12269938650306748,0.0,0.0
239,2,2,0,0.12883435582822086,0.0,0.0
240,3,2,0,0.13496932515337423,0.0,0.0
241,4,2,0,0.1411042944785276,0.0,0.0
242,5,2,0,0.147239263803681,0.0,0.0
243,6,2,0,0.15337423312883436,0.0,0.0
244,0,2,0,0.15950920245398773,0.0,0.0
245,1,2,0,0.1656441717791411,0.0,0.0
246,2,2,0,0.17177914110429449,0.0,0.0
247,3,2,0,0.17791411042944785,0.0,0.0
248,4,2,0,0.18404907975460122,0.0,0.0
249,5,2,0,0.1901840490797546,0.0,0.0
250,6,2,0,0.19631901840490798,0.0,0.0
251,0,2,0,0.20245398773006135,0.0,0.0
252,1,2,0,0.2085889570552147,0.0,0.0
253,2,2,0,0.2147239263803681,0.0,0.0
254,3,2,0,0.22085889570552147,0.0,0.0
255,4,2,0,0.22699386503067484,0.0,0.0
256,5,2,0,0.2331288343558282,0.0,0.0
257,6,2,0,0.2392638036809816,0.0,0.0
258,0,2,0,0.24539877300613497,0.0,0.0
259,1,3,0,0.25153374233128833,0.0,0.0
260,2,3,0,0.25766871165644173,0.0,0.0
261,3,3,0,0.26380368098159507,0.0,0.0
262,4,3,0,0.26993865030674846,0.0,0.0
263,5,3,0,0.27607361963190186,0.0,0.0
264,6,3,0,0.2822085889570552,0.0,0.0
265,0,3,0,0.2883435582822086,0.0,0.0
266,1,3,0,0.294478527607362,0.0,0.0
267,2,3,0,0.3006134969325153,0.0,0.0
268,3,3,0,0.3067484662576687,0.0,0.0
269,4,3,0,0.3128834355828221,0.0,0.0
270,5,3,0,0.31901840490797545,0.0,0.0
271,6,3,0,0.32515337423312884,0.0,0.0
272,0,3,0,0.3312883435582822,0.0,0.0
273,1,3,0,0.3374233128834356,0.0,0.0
274,2,3,0,0.34355828220858897,0.0,0.0
275,3,3,0,0.3496932515337423,0.0,0.0
276,4,3,0,0.3558282208588957,0.0,0.0
277,5,3,0,0.3619631901840491,0.0,0.0
278,6,3,0,0.36809815950920244,0.0,0.0
279,0,3,0,0.37423312883435583,0.0,0.0
280,1,3,0,0.3803680981595092,0.0,0.0
281,2,3,0,0.38650306748466257,0.0,0.0
282,3,3,1,0.39263803680981596,0.0,0.0
283,4,3,1,0.3987730061349693,0.0,0.0
284,5,3,0,0.4049079754601227,0.0,0.0
285,6,3,1,0.4110429447852761,0.0,0.0
286,0,3,1,0.4171779141104294,0.0,0.0
287,1,3,0,0.4233128834355828,0.0,0.0
288,2,3,0,0.4294478527607362,0.0,0.0
289,3,3,0,0.43558282208588955,0.0,0.0
290,4,4,0,0.44171779141104295,0.0,0.0
291,5,4,0,0.44785276073619634,0.0,0.0
292,6,4,0,0.4539877300613497,0.0,0.0
293,0,4,0,0.4601226993865031,0.0,0.0
294,1,4,0,0.4662576687116564,0.0,0.0
295,2,4,0,0.4723926380368098,0.0,0.0
296,3,4,0,0.4785276073619632,0.0,0.0
297,4,4,0,0.48466257668711654,0.0,0.0
298,5,4,0,0.49079754601226994,0.0,0.0
299,6,4,0,0.49693251533742333,0.0,0.0
300,0,4,0,0.5030674846625767,0.0,0.0
301,1,4,0,0.50920245398773,0.0,0.0
302,2,4,0,0.5153374233128835,0.0,0.0
303,3,4,0,0.5214723926380368,0.0,0.0
304,4,4,0,0.5276073619631901,0.0,0.0
305,5,4,0,0.5337423312883436,0.0,0.0
306,6,4,0,0.5398773006134969,0.0,0.0
307,0,4,0,0.5460122699386503,0.0,0.0
308,1,4,0,0.5521472392638037,0.0,0.0
309,2,4,0,0.558282208588957,0.0,0.0
310,3,4,0,0.5644171779141104,0.0,0.0
311,4,4,0,0.0,0.0,0.0
312,5,4,0,0.006134969325153374,0.0,0.0
313,6,4,0,0.012269938650306749,0.0,0.0
314,0,4,0,0.018404907975460124,0.0,0.0
315,1,4,0,0.024539877300613498,0.0,0.0
316,2,4,0,0.03067484662576687,0.0,0.0
317,3,4,0,0.03680981595092025,0.0,0.0
318,4,4,0,0.04294478527607362,0.0,0.0
319,5,4,0,0.049079754601226995,0.0,0.0
320,6,5,1,0.05521472392638037,0.0,0.0
321,0,5,0,0.06134969325153374,0.0,0.0
322,1,5,0,0.06748466257668712,0.0,0.0
323,2,5,0,0.0736196319018405,0.0,0.0
324,3,5,1,0.07975460122699386,0.0,0.0
325,4,5,0,0.08588957055214724,0.0,0.0
326,5,5,0,0.09202453987730061,0.0,0.0
327,6,5,0,0.09815950920245399,0.0,0.0
328,0,5,0,0.10429447852760736,0.0,0.0
329,1,5,0,0.11042944785276074,0.0,0.0
330,2,5,0,0.1165644171779141,0.0,0.0
331,3,5,0,0.12269938650306748,0.0,0.0
332,4,5,0,0.12883435582822086,0.0,0.0
333,5,5,0,0.13496932515337423,0.0,0.0
334,6,5,1,0.1411042944785276,0.0,0.0
335,0,5,1,0.147239263803681,0.0,0.0
336,1,5,1,0.15337423312883436,0.0,0.0
337,2,5,0,0.15950920245398773,0.0,0.0
338,3,5,0,0.1656441717791411,0.0,0.0
339,4,5,0,0.17177914110429449,0.0,0.0
340,5,5,0,0.17791411042944785,0.0,0.0
341,6,5,0,0.18404907975460122,0.0,0.0
342,0,5,0,0.1901840490797546,0.0,0.0
343,1,5,0,0.19631901840490798,0.0,0.0
344,2,5,0,0.20245398773006135,0.0,0.0
345,3,5,0,0.2085889570552147,0.0,0.0
346,4,5,0,0.2147239263803681,0.0,0.0
347,5,5,0,0.0,0.0,0.0
348,6,5,0,0.006134969325153374,0.0,0.0
349,0,5,0,0.012269938650306749,0.0,0.0
350,1,5,0,0.018404907975460124,0.0,0.0
351,2,6,0,0.024539877300613498,0.0,0.0
352,3,6,0,0.03067484662576687,0.0,0.0
353,4,6,0,0.03680981595092025,0.0,0.0
354,5,6,0,0.0,0.0,0.0
355,6,6,0,0.006134969325153374,0.0,0.0
356,0,6,0,0.012269938650306749,0.0,0.0
357,1,6,0,0.018404907975460124,0.0,0.0
358,2,6,0,0.024539877300613498,0.0,0.0
359,3,6,0,0.03067484662576687,0.0,0.0
360,4,6,0,0.03680981595092025,0.0,0.0
361,5,6,0,0.04294478527607362,0.0,0.0
362,6,6,0,0.049079754601226995,0.0,0.0
363,0,6,0,0.05521472392638037,0.0,0.0
364,1,6,0,0.06134969325153374,0.0,0.0
365,2,6,0,0.06748466257668712,0.0,0.0
366,3,6,0,0.0736196319018405,0.0,0.0
367,4,6,0,0.07975460122699386,0.0,0.0
368,5,6,0,0.08588957055214724,0.0,0.0
369,6,6,0,0.09202453987730061,0.0,0.0
370,0,6,0,0.09815950920245399,0.0,0.0
371,1,6,0,0.10429447852760736,0.0,0.0
372,2,6,0,0.11042944785276074,0.0,0.0
373,3,6,0,0.1165644171779141,0.0,0.0
374,4,6,0,0.12269938650306748,0.0,0.0
375,5,6,0,0.12883435582822086,0.0,0.0
376,6,6,0,0.13496932515337423,0.0,0.0
377,0,6,0,0.1411042944785276,0.0,0.0
378,1,6,0,0.147239263803681,0.0,0.0
379,2,6,0,0.15337423312883436,0.0,0.0
380,3,6,0,0.15950920245398773,0.0,0.0
381,4,7,0,0.1656441717791411,0.0,0.0
382,5,7,0,0.17177914110429449,0.0,0.0
383,6,7,0,0.17791411042944785,0.0,0.0
384,0,7,0,0.18404907975460122,0.0,0.0
385,1,7,0,0.1901840490797546,0.0,0.0
386,2,7,0,0.19631901840490798,0.0,0.0
387,3,7,0,0.20245398773006135,0.0,0.0
388,4,7,0,0.2085889570552147,0.0,0.0
389,5,7,0,0.2147239263803681,0.0,0.0
390,6,7,0,0.22085889570552147,0.0,0.0
391,0,7,0,0.22699386503067484,0.0,0.0
392,1,7,0,0.2331288343558282,0.0,0.0
393,2,7,0,0.2392638036809816,0.0,0.0
394,3,7,0,0.24539877300613497,0.0,0.0
395,4,7,0,0.25153374233128833,0.0,0.0
396,5,7,0,0.25766871165644173,0.0,0.0
397,6,7,0,0.26380368098159507,0.0,0.0
398,0,7,0,0.26993865030674846,0.0,0.0
399,1,7,0,0.27607361963190186,0.0,0.0
400,2,7,0,0.2822085889570552,0.0,0.0
401,3,7,0,0.2883435582822086,0.0,0.0
402,4,7,0,0.294478527607362,0.0,0.0
403,5,7,0,0.3006134969325153,0.0,0.0
404,6,7,0,0.3067484662576687,0.0,0.0
405,0,7,0,0.3128834355828221,0.0,0.0
406,1,7,0,0.31901840490797545,0.0,0.0
407,2,7,0,0.32515337423312884,0.0,0.0
408,3,7,0,0.3312883435582822,0.0,0.0
409,4,7,0,0.3374233128834356,0.0,0.0
410,5,7,0,0.34355828220858897,0.0,0.0
411,6,7,0,0.3496932515337423,0.0,0.0
412,0,8,0,0.3558282208588957,0.0,0.0
413,1,8,0,0.3619631901840491,0.0,0.0
414,2,8,0,0.36809815950920244,0.0,0.0
415,3,8,0,0.37423312883435583,0.0,0.0
416,4,8,0,0.3803680981595092,0.0,0.0
417,5,8,0,0.38650306748466257,0.0,0.0
418,6,8,0,0.39263803680981596,0.0,0.0
419,0,8,0,0.3987730061349693,0.0,0.0
420,1,8,0,0.4049079754601227,0.0,0.0
421,2,8,0,0.4110429447852761,0.0,0.0
422,3,8,0,0.4171779141104294,0.0,0.0
423,4,8,0,0.4233128834355828,0.0,0.0
424,5,8,0,0.4294478527607362,0.0,0.0
425,6,8,0,0.43558282208588955,0.0,0.0
426,0,8,0,0.44171779141104295,0.0,0.0
427,1,8,0,0.44785276073619634,0.0,0.0
428,2,8,0,0.4539877300613497,0.0,0.0
429,3,8,0,0.4601226993865031,0.0,0.0
430,4,8,0,0.4662576687116564,0.0,0.0
431,5,8,0,0.4723926380368098,0.0,0.0
432,6,8,0,0.4785276073619632,0.0,0.0
433,0,8,0,0.48466257668711654,0.0,0.0
434,1,8,0,0.49079754601226994,0.0,0.0
435,2,8,0,0.49693251533742333,0.0,0.0
436,3,8,0,0.5030674846625767,0.0,0.0
437,4,8,0,0.50920245398773,0.0,0.0
438,5,8,0,0.5153374233128835,0.0,0.0
439,6,8,0,0.5214723926380368,0.0,0.0
440,0,8,0,0.5276073619631901,0.0,0.0
441,1,8,0,0.5337423312883436,0.0,0.0
442,2,8,0,0.5398773006134969,0.0,0.0
443,3,9,0,0.5460122699386503,0.0,0.0
444,4,9,0,0.5521472392638037,0.0,0.0
445,5,9,0,0.558282208588957,0.0,0.0
446,6,9,0,0.5644171779141104,0.0,0.0
447,0,9,0,0.5705521472392638,0.0,0.0
448,1,9,0,0.5766871165644172,0.0,0.0
449,2,9,0,0.5828220858895705,0.0,0.0
450,3,9,0,0.588957055214724,0.0,0.0
451,4,9,0,0.5950920245398773,0.0,0.0
452,5,9,0,0.6012269938650306,0.0,0.0
453,6,9,0,0.6073619631901841,0.0,0.0
454,0,9,0,0.6134969325153374,0.0,0.0
455,1,9,0,0.6196319018404908,0.0,0.0
456,2,9,0,0.6257668711656442,0.0,0.0
457,3,9,0,0.6319018404907976,0.0,0.0
458,4,9,0,0.6380368098159509,0.0,0.0
459,5,9,0,0.6441717791411042,0.0,0.0
460,6,9,0,0.6503067484662577,0.0,0.0
461,0,9,0,0.656441717791411,0.0,0.0
462,1,9,0,0.6625766871165644,0.0,0.0
463,2,9,0,0.6687116564417178,0.0,0.0
464,3,9,0,0.6748466257668712,0.0,0.0
465,4,9,0,0.6809815950920245,0.0,0.0
466,5,9,0,0.6871165644171779,0.0,0.0
467,6,9,0,0.6932515337423313,0.0,0.0
468,0,9,0,0.6993865030674846,0.0,0.0
469,1,9,0,0.7055214723926381,0.0,0.0
470,2,9,0,0.7116564417177914,0.0,0.0
471,3,9,0,0.7177914110429447,0.0,0.0
472,4,9,0,0.7239263803680982,0.0,0.0
473,5,10,0,0.7300613496932515,0.0,0.0
474,6,10,0,0.7361963190184049,0.0,0.0
475,0,10,0,0.0,0.0,0.0
476,1,10,0,0.006134969325153374,0.0,0.0
477,2,10,0,0.012269938650306749,0.0,0.0
478,3,10,0,0.018404907975460124,0.0,0.0
479,4,10,0,0.024539877300613498,0.0,0.0
480,5,10,0,0.03067484662576687,0.0,0.0
481,6,10,0,0.03680981595092025,0.0,0.0
482,0,10,0,0.04294478527607362,0.0,0.0
483,1,10,0,0.049079754601226995,0.0,0.0
484,2,10,0,0.05521472392638037,0.0,0.0
485,3,10,0,0.0,0.0,0.0
486,4,10,0,0.006134969325153374,0.0,0.0
487,5,10,0,0.012269938650306749,0.0,0.0
488,6,10,0,0.018404907975460124,0.0,0.0
489,0,10,0,0.024539877300613498,0.0,0.0
490,1,10,0,0.03067484662576687,0.0,0.0
491,2,10,0,0.03680981595092025,0.0,0.0
492,3,10,0,0.04294478527607362,0.0,0.0
493,4,10,0,0.049079754601226995,0.0,0.0
494,5,10,0,0.05521472392638037,0.0,0.0
495,6,10,0,0.06134969325153374,0.0,0.0
496,0,10,0,0.06748466257668712,0.0,0.0
497,1,10,0,0.0736196319018405,0.0,0.0
498,2,10,0,0.07975460122699386,0.0,0.0
499,3,10,0,0.08588957055214724,0.0,0.0
500,4,10,0,0.09202453987730061,0.0,0.0
501,5,10,0,0.09815950920245399,0.0,0.0
502,6,10,0,0.10429447852760736,0.0,0.0
503,0,10,0,0.0,0.0,0.0
504,1,11,0,0.006134969325153374,0.0,0.0
505,2,11,0,0.012269938650306749,0.0,0.0
506,3,11,0,0.018404907975460124,0.0,0.0
507,4,11,0,0.024539877300613498,0.0,0.0
508,5,11,0,0.03067484662576687,0.0,0.0
509,6,11,0,0.03680981595092025,0.0,0.0
510,0,11,0,0.04294478527607362,0.0,0.0
511,1,11,0,0.049079754601226995,0.0,0.0
512,2,11,0,0.05521472392638037,0.0,0.0
513,3,11,0,0.06134969325153374,0.0,0.0
514,4,11,0,0.06748466257668712,0.0,0.0
515,5,11,0,0.0736196319018405,0.0,0.0
516,6,11,0,0.07975460122699386,0.0,0.0
517,0,11,0,0.08588957055214724,0.0,0.0
518,1,11,0,0.09202453987730061,0.0,0.0
519,2,11,0,0.09815950920245399,0.0,0.0
520,3,11,0,0.10429447852760736,0.0,0.0
521,4,11,0,0.11042944785276074,0.0,0.0
522,5,11,0,0.1165644171779141,0.0,0.0
523,6,11,0,0.12269938650306748,0.0,0.0
524,0,11,0,0.12883435582822086,0.0,0.0
525,1,11,0,0.13496932515337423,0.0,0.0
526,2,11,0,0.1411042944785276,0.0,0.0
527,3,11,0,0.147239263803681,0.0,0.0
528,4,11,0,0.15337423312883436,0.0,0.0
529,5,11,0,0.15950920245398773,0.0,0.0
530,6,11,0,0.1656441717791411,0.0,0.0
531,0,11,0,0.17177914110429449,0.0,0.0
532,1,11,0,0.17791411042944785,0.0,0.0
533,2,11,0,0.18404907975460122,0.0,0.0
534,3,12,0,0.1901840490797546,0.0,0.0
535,4,12,0,0.19631901840490798,0.0,0.0
536,5,12,0,0.20245398773006135,0.0,0.0
537,6,12,0,0.2085889570552147,0.0,0.0
538,0,12,0,0.2147239263803681,0.0,0.0
539,1,12,0,0.22085889570552147,0.0,0.0
540,2,12,0,0.22699386503067484,0.0,0.0
541,3,12,0,0.2331288343558282,0.0,0.0
542,4,12,0,0.2392638036809816,0.0,0.0
543,5,12,0,0.24539877300613497,0.0,0.0
544,6,12,0,0.25153374233128833,0.0,0.0
545,0,12,0,0.25766871165644173,0.0,0.0
546,1,12,0,0.26380368098159507,0.0,0.0
547,2,12,0,0.26993865030674846,0.0,0.0
548,3,12,0,0.27607361963190186,0.0,0.0
549,4,12,0,0.2822085889570552,0.0,0.0
550,5,12,0,0.2883435582822086,0.0,0.0
551,6,12,0,0.294478527607362,0.0,0.0
552,0,12,0,0.3006134969325153,0.0,0.0
553,1,12,0,0.3067484662576687,0.0,0.0
554,2,12,0,0.3128834355828221,0.0,0.0
555,3,12,0,0.31901840490797545,0.0,0.0
556,4,12,0,0.32515337423312884,0.0,0.0
557,5,12,0,0.3312883435582822,0.0,0.0
558,6,12,1,0.3374233128834356,0.0,0.0
559,0,12,1,0.34355828220858897,0.0,0.0
560,1,12,0,0.3496932515337423,0.0,0.0
561,2,12,0,0.3558282208588957,0.0,0.0
562,3,12,0,0.3619631901840491,0.0,0.0
563,4,12,0,0.36809815950920244,0.0,0.0
564,5,12,0,0.37423312883435583,0.0,0.0
565,6,1,1,0.3803680981595092,0.0,0.0
566,0,1,0,0.38650306748466257,0.0,0.0
567,1,1,0,0.39263803680981596,0.0,0.0
568,2,1,0,0.3987730061349693,0.0,0.0
569,3,1,0,0.4049079754601227,0.0,0.0
570,4,1,0,0.4110429447852761,0.0,0.0
571,5,1,0,0.4171779141104294,0.0,0.0
572,6,1,0,0.4233128834355828,0.0,0.0
573,0,1,0,0.4294478527607362,0.0,0.0
574,1,1,0,0.43558282208588955,0.0,0.0
575,2,1,0,0.44171779141104295,0.0,0.0
576,3,1,0,0.44785276073619634,0.0,0.0
577,4,1,0,0.4539877300613497,0.0,0.0
578,5,1,0,0.4601226993865031,0.0,0.0
579,6,1,0,0.4662576687116564,0.0,0.0
580,0,1,0,0.4723926380368098,0.0,0.0
581,1,1,0,0.4785276073619632,0.0,0.0
582,2,1,0,0.48466257668711654,0.0,0.0
583,3,1,0,0.49079754601226994,0.0,0.0
584,4,1,0,0.49693251533742333,0.0,0.0
585,5,1,0,0.5030674846625767,0.0,0.0
586,6,1,0,0.50920245398773,0.0,0.0
587,0,1,0,0.5153374233128835,0.0,0.0
588,1,1,0,0.5214723926380368,0.0,0.0
589,2,1,0,0.5276073619631901,0.0,0.0
590,3,1,0,0.5337423312883436,0.0,0.0
591,4,1,0,0.5398773006134969,0.0,0.0
592,5,1,0,0.5460122699386503,0.0,0.0
593,6,1,0,0.5521472392638037,0.0,0.0
594,0,1,0,0.558282208588957,0.0,0.0
595,1,1,0,0.5644171779141104,0.0,0.0
596,2,2,0,0.5705521472392638,0.0,0.0
597,3,2,0,0.5766871165644172,0.0,0.0
598,4,2,0,0.5828220858895705,0.0,0.0
599,5,2,0,0.588957055214724,0.0,0.0
600,6,2,0,0.5950920245398773,0.0,0.0
601,0,2,0,0.6012269938650306,0.0,0.0
602,1,2,0,0.6073619631901841,0.0,0.0
603,2,2,0,0.6134969325153374,0.0,0.0
604,3,2,0,0.6196319018404908,0.0,0.0
605,4,2,0,0.6257668711656442,0.0,0.0
606,5,2,0,0.6319018404907976,0.0,0.0
607,6,2,0,0.6380368098159509,0.0,0.0
608,0,2,0,0.6441717791411042,0.0,0.0
609,1,2,0,0.6503067484662577,0.0,0.0
610,2,2,0,0.656441717791411,0.0,0.0
611,3,2,0,0.6625766871165644,0.0,0.0
612,4,2,0,0.6687116564417178,0.0,0.0
613,5,2,0,0.6748466257668712,0.0,0.0
614,6,2,0,0.6809815950920245,0.0,0.0
615,0,2,0,0.6871165644171779,0.0,0.0
616,1,2,0,0.6932515337423313,0.0,0.0
617,2,2,0,0.6993865030674846,0.0,0.0
618,3,2,0,0.7055214723926381,0.0,0.0
619,4,2,0,0.7116564417177914,0.0,0.0
620,5,2,0,0.7177914110429447,0.0,0.0
621,6,2,0,0.7239263803680982,0.0,0.0
622,0,2,0,0.7300613496932515,0.0,0.0
623,1,2,0,0.7361963190184049,0.0,0.0
624,2,3,0,0.7423312883435583,0.0,0.0
625,3,3,0,0.7484662576687117,0.0,0.0
626,4,3,0,0.754601226993865,0.0,0.0
627,5,3,0,0.7607361963190185,0.0,0.0
628,6,3,0,0.7668711656441718,0.0,0.0
629,0,3,0,0.7730061349693251,0.0,0.0
630,1,3,0,0.7791411042944786,0.0,0.0
631,2,3,0,0.7852760736196319,0.0,0.0
632,3,3,0,0.7914110429447853,0.0,0.0
633,4,3,0,0.7975460122699386,0.0,0.0
634,5,3,0,0.803680981595092,0.0,0.0
635,6,3,0,0.8098159509202454,0.0,0.0
636,0,3,0,0.8159509202453987,0.0,0.0
637,1,3,0,0.8220858895705522,0.0,0.0
638,2,3,0,0.8282208588957055,0.0,0.0
639,3,3,0,0.8343558282208589,0.0,0.0
640,4,3,0,0.8404907975460123,0.0,0.0
641,5,3,0,0.8466257668711656,0.0,0.0
642,6,3,0,0.852760736196319,0.0,0.0
643,0,3,0,0.8588957055214724,0.0,0.0
644,1,3,0,0.8650306748466258,0.0,0.0
645,2,3,0,0.8711656441717791,0.0,0.0
646,3,3,0,0.8773006134969326,0.0,0.0
647,4,3,0,0.8834355828220859,0.0,0.0
648,5,3,0,0.8895705521472392,0.0,0.0
649,6,3,0,0.8957055214723927,0.0,0.0
650,0,3,0,0.901840490797546,0.0,0.0
651,1,3,0,0.9079754601226994,0.0,0.0
652,2,3,0,0.9141104294478528,0.0,0.0
653,3,3,0,0.9202453987730062,0.0,0.0
654,4,3,0,0.9263803680981595,0.0,0.0
655,5,4,0,0.9325153374233128,0.0,0.0
656,6,4,0,0.9386503067484663,0.0,0.0
657,0,4,0,0.9447852760736196,0.0,0.0
658,1,4,0,0.950920245398773,0.0,0.0
659,2,4,0,0.9570552147239264,0.0,0.0
660,3,4,0,0.9631901840490797,0.0,0.0
661,4,4,0,0.9693251533742331,0.0,0.0
662,5,4,0,0.9754601226993865,0.0,0.0
663,6,4,0,0.9815950920245399,0.0,0.0
664,0,4,0,0.9877300613496932,0.0,0.0
665,1,4,0,0.9938650306748467,0.0,0.0
666,2,4,0,1.0,0.0,0.0
667,3,4,1,1.0061349693251533,0.0,0.0
668,4,4,1,1.0122699386503067,0.0,0.0
669,5,4,0,1.01840490797546,0.0,0.0
670,6,4,1,1.0245398773006136,0.0,0.0
671,0,4,1,1.030674846625767,0.0,0.0
672,1,4,0,1.0368098159509203,0.0,0.0
673,2,4,0,1.0429447852760736,0.0,0.0
674,3,4,0,1.049079754601227,0.0,0.0
675,4,4,0,1.0552147239263803,0.0,0.0
676,5,4,0,1.0613496932515338,0.0,0.0
677,6,4,0,1.0674846625766872,0.0,0.0
678,0,4,0,1.0736196319018405,0.0,0.0
679,1,4,0,1.0797546012269938,0.0,0.0
680,2,4,0,1.0858895705521472,0.0,0.0
681,3,4,0,1.0920245398773005,0.0,0.0
682,4,4,0,1.098159509202454,0.0,0.0
683,5,4,0,1.1042944785276074,0.0,0.0
684,6,4,0,1.1104294478527608,0.0,0.0
685,0,5,1,1.116564417177914,0.0,0.0
686,1,5,0,1.1226993865030674,0.0,0.0
687,2,5,0,1.1288343558282208,0.0,0.0
688,3,5,0,1.1349693251533743,0.0,0.0
689,4,5,0,1.1411042944785277,0.0,0.0
690,5,5,0,1.147239263803681,0.0,0.0
691,6,5,0,1.1533742331288344,0.0,0.0
692,0,5,0,1.1595092024539877,0.0,0.0
693,1,5,0,1.165644171779141,0.0,0.0
694,2,5,0,1.1717791411042944,0.0,0.0
695,3,5,0,1.177914110429448,0.0,0.0
696,4,5,0,1.1840490797546013,0.0,0.0
697,5,5,0,1.1901840490797546,0.0,0.0
698,6,5,0,1.196319018404908,0.0,0.0
699,0,5,0,1.2024539877300613,0.0,0.0
700,1,5,0,1.2085889570552146,0.0,0.0
701,2,5,1,1.2147239263803682,0.0,0.0
702,3,5,0,1.2208588957055215,0.0,0.0
703,4,5,0,1.2269938650306749,0.0,0.0
704,5,5,0,1.2331288343558282,0.0,0.0
705,6,5,0,1.2392638036809815,0.0,0.0
706,0,5,0,1.2453987730061349,0.0,0.0
707,1,5,0,1.2515337423312884,0.0,0.0
708,2,5,0,1.2576687116564418,0.0,0.0
709,3,5,1,1.2638036809815951,0.0,0.0
710,4,5,0,1.2699386503067485,0.0,0.0
711,5,5,0,1.2760736196319018,0.0,0.0
712,6,5,0,0.0,0.0,0.0
713,0,5,0,0.006134969325153374,0.0,0.0
714,1,5,0,0.012269938650306749,0.0,0.0
715,2,5,0,0.018404907975460124,0.0,0.0
716,3,6,0,0.024539877300613498,0.0,0.0
717,4,6,0,0.03067484662576687,0.0,0.0
718,5,6,0,0.03680981595092025,0.0,0.0
719,6,6,1,0.04294478527607362,0.0,0.0
720,0,6,1,0.049079754601226995,0.0,0.0
721,1,6,0,0.05521472392638037,0.0,0.0
722,2,6,0,0.06134969325153374,0.0,0.0
723,3,6,0,0.06748466257668712,0.0,0.0
724,4,6,0,0.0736196319018405,0.0,0.0
725,5,6,0,0.07975460122699386,0.0,0.0
726,6,6,0,0.08588957055214724,0.0,0.0
727,0,6,0,0.09202453987730061,0.0,0.0
728,1,6,0,0.09815950920245399,0.0,0.0
729,2,6,0,0.10429447852760736,0.0,0.0
730,3,6,0,0.11042944785276074,0.0,0.0
731,4,6,0,0.1165644171779141,0.0,0.0
732,5,6,0,0.12269938650306748,0.0,0.0
733,6,6,0,0.12883435582822086,0.0,0.0
734,0,6,0,0.13496932515337423,0.0,0.0
735,1,6,0,0.1411042944785276,0.0,0.0
736,2,6,0,0.147239263803681,0.0,0.0
737,3,6,0,0.15337423312883436,0.0,0.0
738,4,6,0,0.15950920245398773,0.0,0.0
739,5,6,0,0.1656441717791411,0.0,0.0
740,6,6,0,0.17177914110429449,0.0,0.0
741,0,6,0,0.17791411042944785,0.0,0.0
742,1,6,0,0.18404907975460122,0.0,0.0
743,2,6,0,0.1901840490797546,0.0,0.0
744,3,6,0,0.19631901840490798,0.0,0.0
745,4,6,0,0.20245398773006135,0.0,0.0
746,5,7,0,0.2085889570552147,0.0,0.0
747,6,7,0,0.2147239263803681,0.0,0.0
748,0,7,0,0.22085889570552147,0.0,0.0
749,1,7,0,0.22699386503067484,0.0,0.0
750,2,7,0,0.2331288343558282,0.0,0.0
751,3,7,0,0.2392638036809816,0.0,0.0
752,4,7,0,0.24539877300613497,0.0,0.0
753,5,7,0,0.25153374233128833,0.0,0.0
754,6,7,0,0.25766871165644173,0.0,0.0
755,0,7,0,0.26380368098159507,0.0,0.0
756,1,7,0,0.26993865030674846,0.0,0.0
757,2,7,0,0.27607361963190186,0.0,0.0
758,3,7,0,0.2822085889570552,0.0,0.0
759,4,7,0,0.2883435582822086,0.0,0.0
760,5,7,0,0.294478527607362,0.0,0.0
761,6,7,0,0.3006134969325153,0.0,0.0
762,0,7,0,0.3067484662576687,0.0,0.0
763,1,7,0,0.3128834355828221,0.0,0.0
764,2,7,0,0.31901840490797545,0.0,0.0
765,3,7,0,0.32515337423312884,0.0,0.0
766,4,7,0,0.3312883435582822,0.0,0.0
767,5,7,0,0.3374233128834356,0.0,0.0
768,6,7,0,0.34355828220858897,0.0,0.0
769,0,7,0,0.3496932515337423,0.0,0.0
770,1,7,0,0.3558282208588957,0.0,0.0
771,2,7,0,0.3619631901840491,0.0,0.0
772,3,7,0,0.36809815950920244,0.0,0.0
773,4,7,0,0.0,0.0,0.0
774,5,7,0,0.006134969325153374,0.0,0.0
775,6,7,0,0.012269938650306749,0.0,0.0
776,0,7,0,0.018404907975460124,0.0,0.0
777,1,8,0,0.024539877300613498,0.0,0.0
778,2,8,0,0.03067484662576687,0.0,0.0
779,3,8,0,0.03680981595092025,0.0,0.0
780,4,8,0,0.04294478527607362,0.0,0.0
781,5,8,0,0.049079754601226995,0.0,0.0
782,6,8,0,0.0,0.0,0.0
783,0,8,0,0.006134969325153374,0.0,0.0
784,1,8,0,0.012269938650306749,0.0,0.0
785,2,8,0,0.018404907975460124,0.0,0.0
786,3,8,0,0.024539877300613498,0.0,0.0
787,4,8,0,0.03067484662576687,0.0,0.0
788,5,8,0,0.03680981595092025,0.0,0.0
789,6,8,0,0.04294478527607362,0.0,0.0
790,0,8,0,0.049079754601226995,0.0,0.0
791,1,8,0,0.05521472392638037,0.0,0.0
792,2,8,0,0.06134969325153374,0.0,0.0
793,3,8,0,0.06748466257668712,0.0,0.0
794,4,8,0,0.0736196319018405,0.0,0.0
795,5,8,0,0.07975460122699386,0.0,0.0
796,6,8,0,0.08588957055214724,0.0,0.0
797,0,8,0,0.09202453987730061,0.0,0.0
798,1,8,0,0.09815950920245399,0.0,0.0
799,2,8,0,0.10429447852760736,0.0,0.0
800,3,8,0,0.11042944785276074,0.0,0.0
801,4,8,0,0.1165644171779141,0.0,0.0
802,5,8,0,0.12269938650306748,0.0,0.0
803,6,8,0,0.12883435582822086,0.0,0.0
804,0,8,0,0.13496932515337423,0.0,0.0
805,1,8,0,0.1411042944785276,0.0,0.0
806,2,8,0,0.147239263803681,0.0,0.0
807,3,8,0,0.15337423312883436,0.0,0.0
808,4,9,0,0.15950920245398773,0.0,0.0
809,5,9,0,0.0,0.0,0.0
810,6,9,0,0.006134969325153374,0.0,0.0
811,0,9,0,0.012269938650306749,0.0,0.0
812,1,9,0,0.018404907975460124,0.0,0.0
813,2,9,0,0.024539877300613498,0.0,0.0
814,3,9,0,0.03067484662576687,0.0,0.0
815,4,9,0,0.03680981595092025,0.0,0.0
816,5,9,0,0.04294478527607362,0.0,0.0
817,6,9,0,0.049079754601226995,0.0,0.0
818,0,9,0,0.05521472392638037,0.0,0.0
819,1,9,0,0.06134969325153374,0.0,0.0
820,2,9,0,0.06748466257668712,0.0,0.0
821,3,9,0,0.0736196319018405,0.0,0.0
822,4,9,0,0.07975460122699386,0.0,0.0
823,5,9,0,0.08588957055214724,0.0,0.0
824,6,9,0,0.09202453987730061,0.0,0.0
825,0,9,0,0.0,0.0,0.0
826,1,9,0,0.006134969325153374,0.0,0.0
827,2,9,0,0.012269938650306749,0.0,0.0
828,3,9,0,0.018404907975460124,0.0,0.0
829,4,9,0,0.024539877300613498,0.0,0.0
830,5,9,0,0.03067484662576687,0.0,0.0
831,6,9,0,0.03680981595092025,0.0,0.0
832,0,9,0,0.04294478527607362,0.0,0.0
833,1,9,0,0.049079754601226995,0.0,0.0
834,2,9,0,0.0,0.0,0.0
835,3,9,0,0.006134969325153374,0.0,0.0
836,4,9,0,0.012269938650306749,0.0,0.0
837,5,9,0,0.018404907975460124,0.0,0.0
838,6,10,0,0.024539877300613498,0.0,0.0
839,0,10,0,0.03067484662576687,0.0,0.0
840,1,10,0,0.03680981595092025,0.0,0.0
841,2,10,0,0.04294478527607362,0.0,0.0
842,3,10,0,0.049079754601226995,0.0,0.0
843,4,10,0,0.05521472392638037,0.0,0.0
844,5,10,0,0.06134969325153374,0.0,0.0
845,6,10,0,0.06748466257668712,0.0,0.0
846,0,10,0,0.0736196319018405,0.0,0.0
847,1,10,0,0.07975460122699386,0.0,0.0
848,2,10,0,0.08588957055214724,0.0,0.0
849,3,10,0,0.09202453987730061,0.0,0.0
850,4,10,0,0.09815950920245399,0.0,0.0
851,5,10,0,0.10429447852760736,0.0,0.0
852,6,10,0,0.11042944785276074,0.0,0.0
853,0,10,0,0.1165644171779141,0.0,0.0
854,1,10,0,0.12269938650306748,0.0,0.0
855,2,10,0,0.12883435582822086,0.0,0.0
856,3,10,0,0.13496932515337423,0.0,0.0
857,4,10,0,0.1411042944785276,0.0,0.0
858,5,10,0,0.147239263803681,0.0,0.0
859,6,10,0,0.15337423312883436,0.0,0.0
860,0,10,0,0.15950920245398773,0.0,0.0
861,1,10,0,0.1656441717791411,0.0,0.0
862,2,10,0,0.17177914110429449,0.0,0.0
863,3,10,0,0.17791411042944785,0.0,0.0
864,4,10,0,0.18404907975460122,0.0,0.0
865,5,10,0,0.1901840490797546,0.0,0.0
866,6,10,0,0.19631901840490798,0.0,0.0
867,0,10,0,0.20245398773006135,0.0,0.0
868,1,10,0,0.2085889570552147,0.0,0.0
869,2,11,0,0.2147239263803681,0.0,0.0
870,3,11,0,0.22085889570552147,0.0,0.0
871,4,11,0,0.22699386503067484,0.0,0.0
872,5,11,0,0.2331288343558282,0.0,0.0
873,6,11,0,0.2392638036809816,0.0,0.0
874,0,11,0,0.24539877300613497,0.0,0.0
875,1,11,0,0.25153374233128833,0.0,0.0
876,2,11,0,0.25766871165644173,0.0,0.0
877,3,11,0,0.26380368098159507,0.0,0.0
878,4,11,0,0.26993865030674846,0.0,0.0
879,5,11,0,0.27607361963190186,0.0,0.0
880,6,11,0,0.2822085889570552,0.0,0.0
881,0,11,0,0.2883435582822086,0.0,0.0
882,1,11,0,0.294478527607362,0.0,0.0
883,2,11,0,0.0,0.0,0.0
884,3,11,0,0.006134969325153374,0.0,0.0
885,4,11,0,0.012269938650306749,0.0,0.0
886,5,11,0,0.018404907975460124,0.0,0.0
887,6,11,0,0.024539877300613498,0.0,0.0
888,0,11,0,0.03067484662576687,0.0,0.0
889,1,11,0,0.03680981595092025,0.0,0.0
890,2,11,0,0.04294478527607362,0.0,0.0
891,3,11,0,0.049079754601226995,0.0,0.0
892,4,11,0,0.05521472392638037,0.0,0.0
893,5,11,0,0.06134969325153374,0.0,0.0
894,6,11,0,0.06748466257668712,0.0,0.0
895,0,11,0,0.0736196319018405,0.0,0.0
896,1,11,0,0.07975460122699386,0.0,0.0
897,2,11,0,0.08588957055214724,0.0,0.0
898,3,11,0,0.09202453987730061,0.0,0.0
899,4,12,0,0.09815950920245399,0.0,0.0
900,5,12,0,0.10429447852760736,0.0,0.0
901,6,12,0,0.11042944785276074,0.0,0.0
902,0,12,0,0.1165644171779141,0.0,0.0
903,1,12,0,0.12269938650306748,0.0,0.0
904,2,12,0,0.12883435582822086,0.0,0.0
905,3,12,0,0.13496932515337423,0.0,0.0
906,4,12,0,0.1411042944785276,0.0,0.0
907,5,12,0,0.147239263803681,0.0,0.0
908,6,12,0,0.15337423312883436,0.0,0.0
909,0,12,0,0.15950920245398773,0.0,0.0
910,1,12,0,0.1656441717791411,0.0,0.0
911,2,12,0,0.17177914110429449,0.0,0.0
912,3,12,0,0.17791411042944785,0.0,0.0
913,4,12,0,0.18404907975460122,0.0,0.0
914,5,12,0,0.1901840490797546,0.0,0.0
915,6,12,0,0.19631901840490798,0.0,0.0
916,0,12,0,0.20245398773006135,0.0,0.0
917,1,12,0,0.2085889570552147,0.0,0.0
918,2,12,0,0.2147239263803681,0.0,0.0
919,3,12,0,0.22085889570552147,0.0,0.0
920,4,12,0,0.22699386503067484,0.0,0.0
921,5,12,0,0.2331288343558282,0.0,0.0
922,6,12,0,0.2392638036809816,0.0,0.0
923,0,12,1,0.24539877300613497,0.0,0.0
924,1,12,1,0.25153374233128833,0.0,0.0
925,2,12,0,0.25766871165644173,0.0,0.0
926,3,12,0,0.26380368098159507,0.0,0.0
927,4,12,0,0.26993865030674846,0.0,0.0
928,5,12,0,0.27607361963190186,0.0,0.0
929,6,12,0,0.2822085889570552,0.0,0.0
930,0,1,1,0.2883435582822086,0.0,0.0
931,1,1,0,0.294478527607362,0.0,0.0
932,2,1,0,0.3006134969325153,0.0,0.0
933,3,1,0,0.3067484662576687,0.0,0.0
934,4,1,0,0.3128834355828221,0.0,0.0
935,5,1,0,0.31901840490797545,0.0,0.0
936,6,1,0,0.32515337423312884,0.0,0.0
937,0,1,0,0.3312883435582822,0.0,0.0
938,1,1,0,0.3374233128834356,0.0,0.0
939,2,1,0,0.34355828220858897,0.0,0.0
940,3,1,0,0.3496932515337423,0.0,0.0
941,4,1,0,0.3558282208588957,0.0,0.0
942,5,1,0,0.3619631901840491,0.0,0.0
943,6,1,0,0.36809815950920244,0.0,0.0
944,0,1,0,0.37423312883435583,0.0,0.0
945,1,1,0,0.3803680981595092,0.0,0.0
946,2,1,0,0.38650306748466257,0.0,0.0
947,3,1,0,0.39263803680981596,0.0,0.0
948,4,1,0,0.3987730061349693,0.0,0.0
949,5,1,0,0.4049079754601227,0.0,0.0
950,6,1,0,0.4110429447852761,0.0,0.0
951,0,1,0,0.4171779141104294,0.0,0.0
952,1,1,0,0.4233128834355828,0.0,0.0
953,2,1,0,0.4294478527607362,0.0,0.0
954,3,1,0,0.43558282208588955,0.0,0.0
955,4,1,0,0.44171779141104295,0.0,0.0
956,5,1,0,0.44785276073619634,0.0,0.0
957,6,1,0,0.4539877300613497,0.0,0.0
958,0,1,0,0.4601226993865031,0.0,0.0
959,1,1,0,0.4662576687116564,0.0,0.0
960,2,1,0,0.4723926380368098,0.0,0.0
961,3,2,0,0.4785276073619632,0.0,0.0
962,4,2,0,0.48466257668711654,0.0,0.0
963,5,2,0,0.49079754601226994,0.0,0.0
964,6,2,0,0.49693251533742333,0.0,0.0
965,0,2,0,0.5030674846625767,0.0,0.0
966,1,2,0,0.50920245398773,0.0,0.0
967,2,2,0,0.5153374233128835,0.0,0.0
968,3,2,0,0.5214723926380368,0.0,0.0
969,4,2,0,0.5276073619631901,0.0,0.0
970,5,2,0,0.5337423312883436,0.0,0.0
971,6,2,0,0.5398773006134969,0.0,0.0
972,0,2,0,0.5460122699386503,0.0,0.0
973,1,2,0,0.5521472392638037,0.0,0.0
974,2,2,0,0.558282208588957,0.0,0.0
975,3,2,0,0.5644171779141104,0.0,0.0
976,4,2,0,0.5705521472392638,0.0,0.0
977,5,2,0,0.5766871165644172,0.0,0.0
978,6,2,0,0.5828220858895705,0.0,0.0
979,0,2,0,0.588957055214724,0.0,0.0
980,1,2,0,0.5950920245398773,0.0,0.0
981,2,2,0,0.6012269938650306,0.0,0.0
982,3,2,0,0.6073619631901841,0.0,0.0
983,4,2,0,0.6134969325153374,0.0,0.0
984,5,2,0,0.6196319018404908,0.0,0.0
985,6,2,0,0.6257668711656442,0.0,0.0
986,0,2,0,0.6319018404907976,0.0,0.0
987,1,2,0,0.6380368098159509,0.0,0.0
988,2,2,0,0.6441717791411042,0.0,0.0
989,3,3,0,0.6503067484662577,0.0,0.0
990,4,3,0,0.656441717791411,0.0,0.0
991,5,3,0,0.6625766871165644,0.0,0.0
992,6,3,0,0.6687116564417178,0.0,0.0
993,0,3,0,0.6748466257668712,0.0,0.0
994,1,3,0,0.6809815950920245,0.0,0.0
995,2,3,0,0.6871165644171779,0.0,0.0
996,3,3,0,0.6932515337423313,0.0,0.0
997,4,3,0,0.6993865030674846,0.0,0.0
998,5,3,0,0.7055214723926381,0.0,0.0
999,6,3,0,0.7116564417177914,0.0,0.0
1000,0,3,0,0.7177914110429447,0.0,0.0
1001,1,3,0,0.7239263803680982,0.0,0.0
1002,2,3,0,0.7300613496932515,0.0,0.0
1003,3,3,0,0.7361963190184049,0.0,0.0
1004,4,3,0,0.7423312883435583,0.0,0.0
1005,5,3,0,0.7484662576687117,0.0,0.0
1006,6,3,0,0.754601226993865,0.0,0.0
1007,0,3,0,0.7607361963190185,0.0,0.0
1008,1,3,0,0.7668711656441718,0.0,0.0
1009,2,3,0,0.7730061349693251,0.0,0.0
1010,3,3,0,0.7791411042944786,0.0,0.0
1011,4,3,0,0.7852760736196319,0.0,0.0
1012,5,3,0,0.7914110429447853,0.0,0.0
1013,6,3,0,0.7975460122699386,0.0,0.0
1014,0,3,0,0.803680981595092,0.0,0.0
1015,1,3,0,0.8098159509202454,0.0,0.0
1016,2,3,0,0.8159509202453987,0.0,0.0
1017,3,3,0,0.8220858895705522,0.0,0.0
1018,4,3,0,0.8282208588957055,0.0,0.0
1019,5,3,0,0.8343558282208589,0.0,0.0
1020,6,4,0,0.8404907975460123,0.0,0.0
1021,0,4,0,0.8466257668711656,0.0,0.0
1022,1,4,0,0.852760736196319,0.0,0.0
1023,2,4,0,0.8588957055214724,0.0,0.0
1024,3,4,1,0.8650306748466258,0.0,0.0
1025,4,4,1,0.8711656441717791,0.0,0.0
1026,5,4,0,0.8773006134969326,0.0,0.0
1027,6,4,1,0.8834355828220859,0.0,0.0
1028,0,4,1,0.8895705521472392,0.0,0.0
1029,1,4,0,0.8957055214723927,0.0,0.0
1030,2,4,0,0.901840490797546,0.0,0.0
1031,3,4,0,0.9079754601226994,0.0,0.0
1032,4,4,0,0.9141104294478528,0.0,0.0
1033,5,4,0,0.9202453987730062,0.0,0.0
1034,6,4,0,0.9263803680981595,0.0,0.0
1035,0,4,0,0.9325153374233128,0.0,0.0
1036,1,4,0,0.9386503067484663,0.0,0.0
1037,2,4,0,0.9447852760736196,0.0,0.0
1038,3,4,0,0.950920245398773,0.0,0.0
1039,4,4,0,0.9570552147239264,0.0,0.0
1040,5,4,0,0.9631901840490797,0.0,0.0
1041,6,4,0,0.9693251533742331,0.0,0.0
1042,0,4,0,0.9754601226993865,0.0,0.0
1043,1,4,0,0.9815950920245399,0.0,0.0
1044,2,4,0,0.9877300613496932,0.0,0.0
1045,3,4,0,0.9938650306748467,0.0,0.0
1046,4,4,0,1.0,0.0,0.0
1047,5,4,0,1.0061349693251533,0.0,0.0
1048,6,4,0,1.0122699386503067,0.0,0.0
1049,0,4,0,1.01840490797546,0.0,0.0
1050,1,5,1,1.0245398773006136,0.0,0.0
1051,2,5,0,1.030674846625767,0.0,0.0
1052,3,5,0,1.0368098159509203,0.0,0.0
1053,4,5,0,1.0429447852760736,0.0,0.0
1054,5,5,0,1.049079754601227,0.0,0.0
1055,6,5,0,1.0552147239263803,0.0,0.0
1056,0,5,0,1.0613496932515338,0.0,0.0
1057,1,5,0,1.0674846625766872,0.0,0.0
1058,2,5,0,1.0736196319018405,0.0,0.0
1059,3,5,0,1.0797546012269938,0.0,0.0
1060,4,5,0,1.0858895705521472,0.0,0.0
1061,5,5,0,1.0920245398773005,0.0,0.0
1062,6,5,0,1.098159509202454,0.0,0.0
1063,0,5,0,1.1042944785276074,0.0,0.0
1064,1,5,0,1.1104294478527608,0.0,0.0
1065,2,5,0,1.116564417177914,0.0,0.0
1066,3,5,1,1.1226993865030674,0.0,0.0
1067,4,5,0,1.1288343558282208,0.0,0.0
1068,5,5,0,1.1349693251533743,0.0,0.0
1069,6,5,0,1.1411042944785277,0.0,0.0
1070,0,5,0,1.147239263803681,0.0,0.0
1071,1,5,0,1.1533742331288344,0.0,0.0
1072,2,5,0,1.1595092024539877,0.0,0.0
1073,3,5,0,1.165644171779141,0.0,0.0
1074,4,5,0,1.1717791411042944,0.0,0.0
1075,5,5,0,1.177914110429448,0.0,0.0
1076,6,5,1,1.1840490797546013,0.0,0.0
1077,0,5,1,1.1901840490797546,0.0,0.0
1078,1,5,0,1.196319018404908,0.0,0.0
1079,2,5,0,1.2024539877300613,0.0,0.0
1080,3,5,0,1.2085889570552146,0.0,0.0
1081,4,6,0,1.2147239263803682,0.0,0.0
1082,5,6,0,1.2208588957055215,0.0,0.0
1083,6,6,0,1.2269938650306749,0.0,0.0
1084,0,6,0,1.2331288343558282,0.0,0.0
1085,1,6,0,1.2392638036809815,0.0,0.0
1086,2,6,0,1.2453987730061349,0.0,0.0
1087,3,6,0,1.2515337423312884,0.0,0.0
1088,4,6,0,1.2576687116564418,0.0,0.0
1089,5,6,0,1.2638036809815951,0.0,0.0
1090,6,6,0,1.2699386503067485,0.0,0.0
1091,0,6,0,1.2760736196319018,0.0,0.0
1092,1,6,0,1.2822085889570551,0.0,0.0
1093,2,6,0,1.2883435582822085,0.0,0.0
1094,3,6,0,1.294478527607362,0.0,0.0
1095,4,6,0,1.3006134969325154,0.0,0.0
1096,5,6,0,1.3067484662576687,0.0,0.0
1097,6,6,0,1.312883435582822,0.0,0.0
1098,0,6,0,1.3190184049079754,0.0,0.0
1099,1,6,0,1.3251533742331287,0.0,0.0
1100,2,6,0,1.3312883435582823,0.0,0.0
1101,3,6,0,1.3374233128834356,0.0,0.0
1102,4,6,0,1.343558282208589,0.0,0.0
1103,5,6,0,1.3496932515337423,0.0,0.0
1104,6,6,0,1.3558282208588956,0.0,0.0
1105,0,6,0,1.361963190184049,0.0,0.0
1106,1,6,0,1.3680981595092025,0.0,0.0
1107,2,6,0,1.3742331288343559,0.0,0.0
1108,3,6,0,1.3803680981595092,0.0,0.0
1109,4,6,0,1.3865030674846626,0.0,0.0
1110,5,6,0,1.392638036809816,0.0,0.0
1111,6,7,0,1.3987730061349692,0.0,0.0
1112,0,7,0,1.4049079754601228,0.0,0.0
1113,1,7,0,1.4110429447852761,0.0,0.0
1114,2,7,0,1.4171779141104295,0.0,0.0
1115,3,7,0,0.0,0.0,0.0
1116,4,7,0,0.0,0.0,0.0
1117,5,7,0,0.006134969325153374,0.0,0.0
1118,6,7,0,0.012269938650306749,0.0,0.0
1119,0,7,0,0.018404907975460124,0.0,0.0
1120,1,7,0,0.024539877300613498,0.0,0.0
1121,2,7,0,0.03067484662576687,0.0,0.0
1122,3,7,0,0.03680981595092025,0.0,0.0
1123,4,7,0,0.04294478527607362,0.0,0.0
1124,5,7,0,0.049079754601226995,0.0,0.0
1125,6,7,0,0.05521472392638037,0.0,0.0
1126,0,7,0,0.06134969325153374,0.0,0.0
1127,1,7,0,0.06748466257668712,0.0,0.0
1128,2,7,0,0.0736196319018405,0.0,0.0
1129,3,7,0,0.07975460122699386,0.0,0.0
1130,4,7,0,0.08588957055214724,0.0,0.0
1131,5,7,0,0.09202453987730061,0.0,0.0
1132,6,7,0,0.09815950920245399,0.0,0.0
1133,0,7,0,0.10429447852760736,0.0,0.0
1134,1,7,0,0.11042944785276074,0.0,0.0
1135,2,7,0,0.1165644171779141,0.0,0.0
1136,3,7,0,0.12269938650306748,0.0,0.0
1137,4,7,0,0.12883435582822086,0.0,0.0
1138,5,7,0,0.13496932515337423,0.0,0.0
1139,6,7,0,0.1411042944785276,0.0,0.0
1140,0,7,0,0.147239263803681,0.0,0.0
1141,1,7,0,0.15337423312883436,0.0,0.0
1142,2,8,0,0.15950920245398773,0.0,0.0
1143,3,8,0,0.1656441717791411,0.0,0.0
1144,4,8,0,0.17177914110429449,0.0,0.0
1145,5,8,0,0.17791411042944785,0.0,0.0
1146,6,8,0,0.18404907975460122,0.0,0.0
1147,0,8,0,0.1901840490797546,0.0,0.0
1148,1,8,0,0.19631901840490798,0.0,0.0
1149,2,8,0,0.0,0.0,0.0
1150,3,8,0,0.006134969325153374,0.0,0.0
1151,4,8,0,0.012269938650306749,0.0,0.0
1152,5,8,0,0.018404907975460124,0.0,0.0
1153,6,8,0,0.024539877300613498,0.0,0.0
1154,0,8,0,0.03067484662576687,0.0,0.0
1155,1,8,0,0.03680981595092025,0.0,0.0
1156,2,8,0,0.04294478527607362,0.0,0.0
1157,3,8,0,0.049079754601226995,0.0,0.0
1158,4,8,0,0.05521472392638037,0.0,0.0
1159,5,8,0,0.06134969325153374,0.0,0.0
1160,6,8,0,0.06748466257668712,0.0,0.0
1161,0,8,0,0.0736196319018405,0.0,0.0
1162,1,8,0,0.07975460122699386,0.0,0.0
1163,2,8,0,0.08588957055214724,0.0,0.0
1164,3,8,0,0.09202453987730061,0.0,0.0
1165,4,8,0,0.09815950920245399,0.0,0.0
1166,5,8,0,0.10429447852760736,0.0,0.0
1167,6,8,0,0.11042944785276074,0.0,0.0
1168,0,8,0,0.1165644171779141,0.0,0.0
1169,1,8,0,0.12269938650306748,0.0,0.0
1170,2,8,0,0.12883435582822086,0.0,0.0
1171,3,8,0,0.13496932515337423,0.0,0.0
1172,4,8,0,0.1411042944785276,0.0,0.0
1173,5,9,0,0.147239263803681,0.0,0.0
1174,6,9,0,0.15337423312883436,0.0,0.0
1175,0,9,0,0.15950920245398773,0.0,0.0
1176,1,9,0,0.1656441717791411,0.0,0.0
1177,2,9,0,0.17177914110429449,0.0,0.0
1178,3,9,0,0.17791411042944785,0.0,0.0
1179,4,9,0,0.18404907975460122,0.0,0.0
1180,5,9,0,0.1901840490797546,0.0,0.0
1181,6,9,0,0.19631901840490798,0.0,0.0
1182,0,9,0,0.20245398773006135,0.0,0.0
1183,1,9,0,0.2085889570552147,0.0,0.0
1184,2,9,0,0.2147239263803681,0.0,0.0
1185,3,9,0,0.22085889570552147,0.0,0.0
1186,4,9,0,0.22699386503067484,0.0,0.0
1187,5,9,0,0.2331288343558282,0.0,0.0
1188,6,9,0,0.2392638036809816,0.0,0.0
1189,0,9,0,0.24539877300613497,0.0,0.0
1190,1,9,0,0.25153374233128833,0.0,0.0
1191,2,9,0,0.25766871165644173,0.0,0.0
1192,3,9,0,0.26380368098159507,0.0,0.0
1193,4,9,0,0.26993865030674846,0.0,0.0
1194,5,9,0,0.27607361963190186,0.0,0.0
1195,6,9,0,0.2822085889570552,0.0,0.0
1196,0,9,0,0.2883435582822086,0.0,0.0
1197,1,9,0,0.294478527607362,0.0,0.0
1198,2,9,0,0.3006134969325153,0.0,0.0
1199,3,9,0,0.3067484662576687,0.0,0.0
1200,4,9,0,0.3128834355828221,0.0,0.0
1201,5,9,0,0.31901840490797545,0.0,0.0
1202,6,9,0,0.32515337423312884,0.0,0.0
1203,0,10,0,0.3312883435582822,0.0,0.0
1204,1,10,0,0.3374233128834356,0.0,0.0
1205,2,10,0,0.34355828220858897,0.0,0.0
1206,3,10,0,0.3496932515337423,0.0,0.0
1207,4,10,0,0.3558282208588957,0.0,0.0
1208,5,10,0,0.3619631901840491,0.0,0.0
1209,6,10,0,0.36809815950920244,0.0,0.0
1210,0,10,0,0.37423312883435583,0.0,0.0
1211,1,10,0,0.3803680981595092,0.0,0.0
1212,2,10,0,0.38650306748466257,0.0,0.0
1213,3,10,0,0.39263803680981596,0.0,0.0
1214,4,10,0,0.3987730061349693,0.0,0.0
1215,5,10,0,0.4049079754601227,0.0,0.0
1216,6,10,0,0.4110429447852761,0.0,0.0
1217,0,10,0,0.4171779141104294,0.0,0.0
1218,1,10,0,0.4233128834355828,0.0,0.0
1219,2,10,0,0.4294478527607362,0.0,0.0
1220,3,10,0,0.43558282208588955,0.0,0.0
1221,4,10,0,0.44171779141104295,0.0,0.0
1222,5,10,0,0.44785276073619634,0.0,0.0
1223,6,10,0,0.4539877300613497,0.0,0.0
1224,0,10,0,0.4601226993865031,0.0,0.0
1225,1,10,0,0.4662576687116564,0.0,0.0
1226,2,10,0,0.4723926380368098,0.0,0.0
1227,3,10,0,0.4785276073619632,0.0,0.0
1228,4,10,0,0.48466257668711654,0.0,0.0
1229,5,10,0,0.49079754601226994,0.0,0.0
1230,6,10,0,0.49693251533742333,0.0,0.0
1231,0,10,0,0.5030674846625767,0.0,0.0
1232,1,10,0,0.50920245398773,0.0,0.0
1233,2,10,0,0.5153374233128835,0.0,0.0
1234,3,11,0,0.5214723926380368,0.0,0.0
1235,4,11,0,0.5276073619631901,0.0,0.0
1236,5,11,0,0.5337423312883436,0.0,0.0
1237,6,11,0,0.5398773006134969,0.0,0.0
1238,0,11,0,0.5460122699386503,0.0,0.0
1239,1,11,0,0.5521472392638037,0.0,0.0
1240,2,11,0,0.558282208588957,0.0,0.0
1241,3,11,0,0.5644171779141104,0.0,0.0
1242,4,11,0,0.5705521472392638,0.0,0.0
1243,5,11,0,0.5766871165644172,0.0,0.0
1244,6,11,0,0.5828220858895705,0.0,0.0
1245,0,11,0,0.588957055214724,0.0,0.0
1246,1,11,0,0.5950920245398773,0.0,0.0
1247,2,11,0,0.6012269938650306,0.0,0.0
1248,3,11,0,0.6073619631901841,0.0,0.0
1249,4,11,0,0.6134969325153374,0.0,0.0
1250,5,11,0,0.6196319018404908,0.0,0.0
1251,6,11,0,0.6257668711656442,0.0,0.0
1252,0,11,0,0.6319018404907976,0.0,0.0
1253,1,11,0,0.6380368098159509,0.0,0.0
1254,2,11,0,0.6441717791411042,0.0,0.0
1255,3,11,0,0.6503067484662577,0.0,0.0
1256,4,11,0,0.656441717791411,0.0,0.0
1257,5,11,0,0.6625766871165644,0.0,0.0
1258,6,11,0,0.6687116564417178,0.0,0.0
1259,0,11,0,0.6748466257668712,0.0,0.0
1260,1,11,0,0.6809815950920245,0.0,0.0
1261,2,11,0,0.6871165644171779,0.0,0.0
1262,3,11,0,0.6932515337423313,0.0,0.0
1263,4,11,0,0.6993865030674846,0.0,0.0
1264,5,12,0,0.7055214723926381,0.0,0.0
1265,6,12,0,0.7116564417177914,0.0,0.0
1266,0,12,0,0.7177914110429447,0.0,0.0
1267,1,12,0,0.7239263803680982,0.0,0.0
1268,2,12,0,0.7300613496932515,0.0,0.0
1269,3,12,0,0.0,0.0,0.0
1270,4,12,0,0.006134969325153374,0.0,0.0
1271,5,12,0,0.012269938650306749,0.0,0.0
1272,6,12,0,0.018404907975460124,0.0,0.0
1273,0,12,0,0.024539877300613498,0.0,0.0
1274,1,12,0,0.03067484662576687,0.0,0.0
1275,2,12,0,0.03680981595092025,0.0,0.0
1276,3,12,0,0.04294478527607362,0.0,0.0
1277,4,12,0,0.049079754601226995,0.0,0.0
1278,5,12,0,0.05521472392638037,0.0,0.0
1279,6,12,0,0.06134969325153374,0.0,0.0
1280,0,12,0,0.06748466257668712,0.0,0.0
1281,1,12,0,0.0736196319018405,0.0,0.0
1282,2,12,0,0.07975460122699386,0.0,0.0
1283,3,12,0,0.08588957055214724,0.0,0.0
1284,4,12,0,0.09202453987730061,0.0,0.0
1285,5,12,0,0.09815950920245399,0.0,0.0
1286,6,12,0,0.10429447852760736,0.0,0.0
1287,0,12,0,0.11042944785276074,0.0,0.0
1288,1,12,1,0.1165644171779141,0.0,0.0
1289,2,12,1,0.12269938650306748,0.0,0.0
1290,3,12,0,0.12883435582822086,0.0,0.0
1291,4,12,0,0.13496932515337423,0.0,0.0
1292,5,12,0,0.1411042944785276,0.0,0.0
1293,6,12,0,0.147239263803681,0.0,0.0
1294,0,12,0,0.0,0.0,0.0
1295,1,1,1,0.006134969325153374,0.0,0.0
1296,2,1,0,0.012269938650306749,0.0,0.0
1297,3,1,0,0.018404907975460124,0.0,0.0
1298,4,1,0,0.024539877300613498,0.0,0.0
1299,5,1,0,0.03067484662576687,0.0,0.0
1300,6,1,0,0.03680981595092025,0.0,0.0
1301,0,1,0,0.04294478527607362,0.0,0.0
1302,1,1,0,0.049079754601226995,0.0,0.0
1303,2,1,0,0.05521472392638037,0.0,0.0
1304,3,1,0,0.06134969325153374,0.0,0.0
1305,4,1,0,0.06748466257668712,0.0,0.0
1306,5,1,0,0.0736196319018405,0.0,0.0
1307,6,1,0,0.07975460122699386,0.0,0.0
1308,0,1,0,0.08588957055214724,0.0,0.0
1309,1,1,0,0.09202453987730061,0.0,0.0
1310,2,1,0,0.09815950920245399,0.0,0.0
1311,3,1,0,0.10429447852760736,0.0,0.0
1312,4,1,0,0.11042944785276074,0.0,0.0
1313,5,1,0,0.1165644171779141,0.0,0.0
1314,6,1,0,0.12269938650306748,0.0,0.0
1315,0,1,0,0.12883435582822086,0.0,0.0
1316,1,1,0,0.13496932515337423,0.0,0.0
1317,2,1,0,0.1411042944785276,0.0,0.0
1318,3,1,0,0.147239263803681,0.0,0.0
1319,4,1,0,0.15337423312883436,0.0,0.0
1320,5,1,0,0.15950920245398773,0.0,0.0
1321,6,1,0,0.0,0.0,0.0
1322,0,1,0,0.006134969325153374,0.0,0.0
1323,1,1,0,0.012269938650306749,0.0,0.0
1324,2,1,0,0.018404907975460124,0.0,0.0
1325,3,1,0,0.024539877300613498,0.0,0.0
1326,4,2,0,0.03067484662576687,0.0,0.0
1327,5,2,0,0.03680981595092025,0.0,0.0
1328,6,2,0,0.04294478527607362,0.0,0.0
1329,0,2,0,0.049079754601226995,0.0,0.0
1330,1,2,0,0.05521472392638037,0.0,0.0
1331,2,2,0,0.06134969325153374,0.0,0.0
1332,3,2,0,0.06748466257668712,0.0,0.0
1333,4,2,0,0.0736196319018405,0.0,0.0
1334,5,2,0,0.07975460122699386,0.0,0.0
1335,6,2,0,0.08588957055214724,0.0,0.0
1336,0,2,0,0.09202453987730061,0.0,0.0
1337,1,2,0,0.09815950920245399,0.0,0.0
1338,2,2,0,0.10429447852760736,0.0,0.0
1339,3,2,0,0.11042944785276074,0.0,0.0
1340,4,2,0,0.1165644171779141,0.0,0.0
1341,5,2,0,0.12269938650306748,0.0,0.0
1342,6,2,0,0.12883435582822086,0.0,0.0
1343,0,2,0,0.13496932515337423,0.0,0.0
1344,1,2,0,0.1411042944785276,0.0,0.0
1345,2,2,0,0.147239263803681,0.0,0.0
1346,3,2,0,0.15337423312883436,0.0,0.0
1347,4,2,0,0.15950920245398773,0.0,0.0
1348,5,2,0,0.1656441717791411,0.0,0.0
1349,6,2,0,0.17177914110429449,0.0,0.0
1350,0,2,0,0.17791411042944785,0.0,0.0
1351,1,2,0,0.18404907975460122,0.0,0.0
1352,2,2,0,0.1901840490797546,0.0,0.0
1353,3,2,0,0.19631901840490798,0.0,0.0
1354,4,2,0,0.20245398773006135,0.0,0.0
1355,5,3,0,0.2085889570552147,0.0,0.0
1356,6,3,0,0.2147239263803681,0.0,0.0
1357,0,3,0,0.22085889570552147,0.0,0.0
1358,1,3,0,0.22699386503067484,0.0,0.0
1359,2,3,0,0.2331288343558282,0.0,0.0
1360,3,3,0,0.2392638036809816,0.0,0.0
1361,4,3,0,0.24539877300613497,0.0,0.0
1362,5,3,0,0.25153374233128833,0.0,0.0
1363,6,3,0,0.25766871165644173,0.0,0.0
1364,0,3,0,0.26380368098159507,0.0,0.0
1365,1,3,0,0.26993865030674846,0.0,0.0
1366,2,3,0,0.27607361963190186,0.0,0.0
1367,3,3,0,0.2822085889570552,0.0,0.0
1368,4,3,0,0.2883435582822086,0.0,0.0
1369,5,3,0,0.294478527607362,0.0,0.0
1370,6,3,0,0.3006134969325153,0.0,0.0
1371,0,3,0,0.3067484662576687,0.0,0.0
1372,1,3,0,0.3128834355828221,0.0,0.0
1373,2,3,0,0.31901840490797545,0.0,0.0
1374,3,3,1,0.32515337423312884,0.0,0.0
1375,4,3,1,0.3312883435582822,0.0,0.0
1376,5,3,0,0.3374233128834356,0.0,0.0
1377,6,3,1,0.34355828220858897,0.0,0.0
1378,0,3,1,0.3496932515337423,0.0,0.0
1379,1,3,0,0.3558282208588957,0.0,0.0
1380,2,3,0,0.3619631901840491,0.0,0.0
1381,3,3,0,0.36809815950920244,0.0,0.0
1382,4,3,0,0.37423312883435583,0.0,0.0
1383,5,3,0,0.3803680981595092,0.0,0.0
1384,6,3,0,0.38650306748466257,0.0,0.0
1385,0,3,0,0.39263803680981596,0.0,0.0
1386,1,4,0,0.3987730061349693,0.0,0.0
1387,2,4,0,0.4049079754601227,0.0,0.0
1388,3,4,0,0.4110429447852761,0.0,0.0
1389,4,4,0,0.4171779141104294,0.0,0.0
1390,5,4,0,0.4233128834355828,0.0,0.0
1391,6,4,0,0.4294478527607362,0.0,0.0
1392,0,4,0,0.43558282208588955,0.0,0.0
1393,1,4,0,0.44171779141104295,0.0,0.0
1394,2,4,0,0.44785276073619634,0.0,0.0
1395,3,4,0,0.4539877300613497,0.0,0.0
1396,4,4,0,0.4601226993865031,0.0,0.0
1397,5,4,0,0.4662576687116564,0.0,0.0
1398,6,4,0,0.4723926380368098,0.0,0.0
1399,0,4,0,0.4785276073619632,0.0,0.0
1400,1,4,0,0.48466257668711654,0.0,0.0
1401,2,4,0,0.49079754601226994,0.0,0.0
1402,3,4,0,0.49693251533742333,0.0,0.0
1403,4,4,0,0.5030674846625767,0.0,0.0
1404,5,4,0,0.50920245398773,0.0,0.0
1405,6,4,0,0.5153374233128835,0.0,0.0
1406,0,4,0,0.5214723926380368,0.0,0.0
1407,1,4,0,0.5276073619631901,0.0,0.0
1408,2,4,0,0.5337423312883436,0.0,0.0
1409,3,4,0,0.5398773006134969,0.0,0.0
1410,4,4,0,0.5460122699386503,0.0,0.0
1411,5,4,0,0.5521472392638037,0.0,0.0
1412,6,4,0,0.558282208588957,0.0,0.0
1413,0,4,0,0.5644171779141104,0.0,0.0
1414,1,4,0,0.5705521472392638,0.0,0.0
1415,2,4,0,0.5766871165644172,0.0,0.0
1416,3,5,1,0.5828220858895705,0.0,0.0
1417,4,5,0,0.588957055214724,0.0,0.0
1418,5,5,0,0.5950920245398773,0.0,0.0
1419,6,5,0,0.6012269938650306,0.0,0.0
1420,0,5,0,0.6073619631901841,0.0,0.0
1421,1,5,0,0.6134969325153374,0.0,0.0
1422,2,5,0,0.6196319018404908,0.0,0.0
1423,3,5,0,0.6257668711656442,0.0,0.0
1424,4,5,0,0.6319018404907976,0.0,0.0
1425,5,5,0,0.6380368098159509,0.0,0.0
1426,6,5,1,0.6441717791411042,0.0,0.0
1427,0,5,1,0.6503067484662577,0.0,0.0
1428,1,5,0,0.656441717791411,0.0,0.0
1429,2,5,0,0.6625766871165644,0.0,0.0
1430,3,5,0,0.6687116564417178,0.0,0.0
1431,4,5,0,0.6748466257668712,0.0,0.0
1432,5,5,1,0.6809815950920245,0.0,0.0
1433,6,5,0,0.6871165644171779,0.0,0.0
1434,0,5,0,0.6932515337423313,0.0,0.0
1435,1,5,0,0.6993865030674846,0.0,0.0
1436,2,5,0,0.7055214723926381,0.0,0.0
1437,3,5,0,0.7116564417177914,0.0,0.0
1438,4,5,0,0.7177914110429447,0.0,0.0
1439,5,5,0,0.7239263803680982,0.0,0.0
1440,6,5,0,0.7300613496932515,0.0,0.0
1441,0,5,0,0.7361963190184049,0.0,0.0
1442,1,5,0,0.7423312883435583,0.0,0.0
1443,2,5,0,0.7484662576687117,0.0,0.0
1444,3,5,0,0.754601226993865,0.0,0.0
1445,4,5,0,0.7607361963190185,0.0,0.0
1446,5,5,0,0.7668711656441718,0.0,0.0
1447,6,6,0,0.7730061349693251,0.0,0.0
1448,0,6,0,0.7791411042944786,0.0,0.0
1449,1,6,0,0.7852760736196319,0.0,0.0
1450,2,6,0,0.7914110429447853,0.0,0.0
1451,3,6,0,0.7975460122699386,0.0,0.0
1452,4,6,0,0.803680981595092,0.0,0.0
1453,5,6,0,0.8098159509202454,0.0,0.0
1454,6,6,0,0.8159509202453987,0.0,0.0
1455,0,6,0,0.8220858895705522,0.0,0.0
1456,1,6,0,0.8282208588957055,0.0,0.0
1457,2,6,0,0.8343558282208589,0.0,0.0
1458,3,6,0,0.8404907975460123,0.0,0.0
1459,4,6,0,0.8466257668711656,0.0,0.0
1460,5,6,0,0.852760736196319,0.0,0.0
1461,6,6,0,0.0,0.0,0.0
1462,0,6,0,0.006134969325153374,0.0,0.0
1463,1,6,0,0.012269938650306749,0.0,0.0
1464,2,6,0,0.018404907975460124,0.0,0.0
1465,3,6,0,0.024539877300613498,0.0,0.0
1466,4,6,0,0.03067484662576687,0.0,0.0
1467,5,6,0,0.03680981595092025,0.0,0.0
1468,6,6,0,0.04294478527607362,0.0,0.0
1469,0,6,0,0.0,0.0,0.0
1470,1,6,0,0.006134969325153374,0.0,0.0
1471,2,6,0,0.012269938650306749,0.0,0.0
1472,3,6,0,0.018404907975460124,0.0,0.0
1473,4,6,0,0.024539877300613498,0.0,0.0
1474,5,6,0,0.03067484662576687,0.0,0.0
1475,6,6,0,0.03680981595092025,0.0,0.0
1476,0,6,0,0.04294478527607362,0.0,0.0
1477,1,7,0,0.049079754601226995,0.0,0.0
1478,2,7,0,0.05521472392638037,0.0,0.0
1479,3,7,0,0.06134969325153374,0.0,0.0
1480,4,7,0,0.06748466257668712,0.0,0.0
1481,5,7,0,0.0736196319018405,0.0,0.0
1482,6,7,0,0.07975460122699386,0.0,0.0
1483,0,7,0,0.08588957055214724,0.0,0.0
1484,1,7,0,0.09202453987730061,0.0,0.0
1485,2,7,0,0.09815950920245399,0.0,0.0
1486,3,7,0,0.10429447852760736,0.0,0.0
1487,4,7,0,0.11042944785276074,0.0,0.0
1488,5,7,0,0.1165644171779141,0.0,0.0
1489,6,7,0,0.12269938650306748,0.0,0.0
1490,0,7,0,0.12883435582822086,0.0,0.0
1491,1,7,0,0.13496932515337423,0.0,0.0
1492,2,7,0,0.1411042944785276,0.0,0.0
1493,3,7,0,0.147239263803681,0.0,0.0
1494,4,7,0,0.15337423312883436,0.0,0.0
1495,5,7,0,0.15950920245398773,0.0,0.0
1496,6,7,0,0.1656441717791411,0.0,0.0
1497,0,7,0,0.17177914110429449,0.0,0.0
1498,1,7,0,0.17791411042944785,0.0,0.0
1499,2,7,0,0.18404907975460122,0.0,0.0
1500,3,7,0,0.1901840490797546,0.0,0.0
1501,4,7,0,0.19631901840490798,0.0,0.0
1502,5,7,0,0.20245398773006135,0.0,0.0
1503,6,7,0,0.2085889570552147,0.0,0.0
1504,0,7,0,0.2147239263803681,0.0,0.0
1505,1,7,0,0.22085889570552147,0.0,0.0
1506,2,7,0,0.22699386503067484,0.0,0.0
1507,3,7,0,0.2331288343558282,0.0,0.0
1508,4,8,0,0.2392638036809816,0.0,0.0
1509,5,8,0,0.24539877300613497,0.0,0.0
1510,6,8,0,0.25153374233128833,0.0,0.0
1511,0,8,0,0.25766871165644173,0.0,0.0
1512,1,8,0,0.0,0.0,0.0
1513,2,8,0,0.006134969325153374,0.0,0.0
1514,3,8,0,0.012269938650306749,0.0,0.0
1515,4,8,0,0.018404907975460124,0.0,0.0
1516,5,8,0,0.024539877300613498,0.0,0.0
1517,6,8,0,0.03067484662576687,0.0,0.0
1518,0,8,0,0.03680981595092025,0.0,0.0
1519,1,8,0,0.04294478527607362,0.0,0.0
1520,2,8,0,0.049079754601226995,0.0,0.0
1521,3,8,0,0.05521472392638037,0.0,0.0
1522,4,8,0,0.06134969325153374,0.0,0.0
1523,5,8,0,0.06748466257668712,0.0,0.0
1524,6,8,0,0.0736196319018405,0.0,0.0
1525,0,8,0,0.07975460122699386,0.0,0.0
1526,1,8,0,0.08588957055214724,0.0,0.0
1527,2,8,0,0.09202453987730061,0.0,0.0
1528,3,8,0,0.09815950920245399,0.0,0.0
1529,4,8,0,0.10429447852760736,0.0,0.0
1530,5,8,0,0.11042944785276074,0.0,0.0
1531,6,8,0,0.1165644171779141,0.0,0.0
1532,0,8,0,0.12269938650306748,0.0,0.0
1533,1,8,0,0.12883435582822086,0.0,0.0
1534,2,8,0,0.13496932515337423,0.0,0.0
1535,3,8,0,0.1411042944785276,0.0,0.0
1536,4,8,0,0.147239263803681,0.0,0.0
1537,5,8,0,0.15337423312883436,0.0,0.0
1538,6,8,0,0.15950920245398773,0.0,0.0
1539,0,9,0,0.1656441717791411,0.0,0.0
1540,1,9,0,0.17177914110429449,0.0,0.0
1541,2,9,0,0.17791411042944785,0.0,0.0
1542,3,9,0,0.18404907975460122,0.0,0.0
1543,4,9,0,0.1901840490797546,0.0,0.0
1544,5,9,0,0.19631901840490798,0.0,0.0
1545,6,9,0,0.20245398773006135,0.0,0.0
1546,0,9,0,0.2085889570552147,0.0,0.0
1547,1,9,0,0.2147239263803681,0.0,0.0
1548,2,9,0,0.22085889570552147,0.0,0.0
1549,3,9,0,0.22699386503067484,0.0,0.0
1550,4,9,0,0.2331288343558282,0.0,0.0
1551,5,9,0,0.2392638036809816,0.0,0.0
1552,6,9,0,0.24539877300613497,0.0,0.0
1553,0,9,0,0.25153374233128833,0.0,0.0
1554,1,9,0,0.25766871165644173,0.0,0.0
1555,2,9,0,0.26380368098159507,0.0,0.0
1556,3,9,0,0.26993865030674846,0.0,0.0
1557,4,9,0,0.27607361963190186,0.0,0.0
1558,5,9,0,0.2822085889570552,0.0,0.0
1559,6,9,0,0.2883435582822086,0.0,0.0
1560,0,9,0,0.294478527607362,0.0,0.0
1561,1,9,0,0.0,0.0,0.0
1562,2,9,0,0.006134969325153374,0.0,0.0
1563,3,9,0,0.012269938650306749,0.0,0.0
1564,4,9,0,0.018404907975460124,0.0,0.0
1565,5,9,0,0.024539877300613498,0.0,0.0
1566,6,9,0,0.03067484662576687,0.0,0.0
1567,0,9,0,0.03680981595092025,0.0,0.0
1568,1,9,0,0.04294478527607362,0.0,0.0
1569,2,10,0,0.049079754601226995,0.0,0.0
1570,3,10,0,0.05521472392638037,0.0,0.0
1571,4,10,0,0.06134969325153374,0.0,0.0
1572,5,10,0,0.06748466257668712,0.0,0.0
1573,6,10,0,0.0736196319018405,0.0,0.0
1574,0,10,0,0.07975460122699386,0.0,0.0
1575,1,10,0,0.08588957055214724,0.0,0.0
1576,2,10,0,0.09202453987730061,0.0,0.0
1577,3,10,0,0.09815950920245399,0.0,0.0
1578,4,10,0,0.10429447852760736,0.0,0.0
1579,5,10,0,0.11042944785276074,0.0,0.0
1580,6,10,0,0.1165644171779141,0.0,0.0
1581,0,10,0,0.12269938650306748,0.0,0.0
1582,1,10,0,0.12883435582822086,0.0,0.0
1583,2,10,0,0.13496932515337423,0.0,0.0
1584,3,10,0,0.1411042944785276,0.0,0.0
1585,4,10,0,0.147239263803681,0.0,0.0
1586,5,10,0,0.15337423312883436,0.0,0.0
1587,6,10,0,0.15950920245398773,0.0,0.0
1588,0,10,0,0.1656441717791411,0.0,0.0
1589,1,10,0,0.17177914110429449,0.0,0.0
1590,2,10,0,0.17791411042944785,0.0,0.0
1591,3,10,0,0.18404907975460122,0.0,0.0
1592,4,10,0,0.1901840490797546,0.0,0.0
1593,5,10,0,0.19631901840490798,0.0,0.0
1594,6,10,0,0.20245398773006135,0.0,0.0
1595,0,10,0,0.2085889570552147,0.0,0.0
1596,1,10,0,0.2147239263803681,0.0,0.0
1597,2,10,0,0.22085889570552147,0.0,0.0
1598,3,10,0,0.22699386503067484,0.0,0.0
1599,4,10,0,0.2331288343558282,0.0,0.0
1600,5,11,0,0.2392638036809816,0.0,0.0
1601,6,11,0,0.24539877300613497,0.0,0.0
1602,0,11,0,0.25153374233128833,0.0,0.0
1603,1,11,0,0.25766871165644173,0.0,0.0
1604,2,11,0,0.26380368098159507,0.0,0.0
1605,3,11,0,0.26993865030674846,0.0,0.0
1606,4,11,0,0.27607361963190186,0.0,0.0
1607,5,11,0,0.2822085889570552,0.0,0.0
1608,6,11,0,0.2883435582822086,0.0,0.0
1609,0,11,0,0.294478527607362,0.0,0.0
1610,1,11,0,0.3006134969325153,0.0,0.0
1611,2,11,0,0.3067484662576687,0.0,0.0
1612,3,11,0,0.3128834355828221,0.0,0.0
1613,4,11,0,0.31901840490797545,0.0,0.0
1614,5,11,0,0.32515337423312884,0.0,0.0
1615,6,11,0,0.3312883435582822,0.0,0.0
1616,0,11,0,0.3374233128834356,0.0,0.0
1617,1,11,0,0.34355828220858897,0.0,0.0
1618,2,11,0,0.3496932515337423,0.0,0.0
1619,3,11,0,0.3558282208588957,0.0,0.0
1620,4,11,0,0.3619631901840491,0.0,0.0
1621,5,11,0,0.36809815950920244,0.0,0.0
1622,6,11,0,0.37423312883435583,0.0,0.0
1623,0,11,0,0.3803680981595092,0.0,0.0
1624,1,11,0,0.38650306748466257,0.0,0.0
1625,2,11,0,0.39263803680981596,0.0,0.0
1626,3,11,0,0.3987730061349693,0.0,0.0
1627,4,11,0,0.4049079754601227,0.0,0.0
1628,5,11,0,0.4110429447852761,0.0,0.0
1629,6,11,0,0.4171779141104294,0.0,0.0
1630,0,12,0,0.4233128834355828,0.0,0.0
1631,1,12,0,0.4294478527607362,0.0,0.0
1632,2,12,0,0.43558282208588955,0.0,0.0
1633,3,12,0,0.44171779141104295,0.0,0.0
1634,4,12,0,0.44785276073619634,0.0,0.0
1635,5,12,0,0.4539877300613497,0.0,0.0
1636,6,12,0,0.4601226993865031,0.0,0.0
1637,0,12,0,0.4662576687116564,0.0,0.0
1638,1,12,0,0.4723926380368098,0.0,0.0
1639,2,12,0,0.4785276073619632,0.0,0.0
1640,3,12,0,0.48466257668711654,0.0,0.0
1641,4,12,0,0.49079754601226994,0.0,0.0
1642,5,12,0,0.49693251533742333,0.0,0.0
1643,6,12,0,0.5030674846625767,0.0,0.0
1644,0,12,0,0.50920245398773,0.0,0.0
1645,1,12,0,0.5153374233128835,0.0,0.0
1646,2,12,0,0.5214723926380368,0.0,0.0
1647,3,12,0,0.5276073619631901,0.0,0.0
1648,4,12,0,0.5337423312883436,0.0,0.0
1649,5,12,0,0.5398773006134969,0.0,0.0
1650,6,12,0,0.5460122699386503,0.0,0.0
1651,0,12,0,0.5521472392638037,0.0,0.0
1652,1,12,0,0.558282208588957,0.0,0.0
1653,2,12,0,0.5644171779141104,0.0,0.0
1654,3,12,1,0.5705521472392638,0.0,0.0
1655,4,12,1,0.5766871165644172,0.0,0.0
1656,5,12,0,0.5828220858895705,0.0,0.0
1657,6,12,0,0.588957055214724,0.0,0.0
1658,0,12,0,0.5950920245398773,0.0,0.0
1659,1,12,0,0.6012269938650306,0.0,0.0
1660,2,12,0,0.6073619631901841,0.0,0.0
1661,3,1,1,0.6134969325153374,0.0,0.0
1662,4,1,0,0.6196319018404908,0.0,0.0
1663,5,1,0,0.6257668711656442,0.0,0.0
1664,6,1,0,0.6319018404907976,0.0,0.0
1665,0,1,0,0.6380368098159509,0.0,0.0
1666,1,1,0,0.6441717791411042,0.0,0.0
1667,2,1,0,0.6503067484662577,0.0,0.0
1668,3,1,0,0.656441717791411,0.0,0.0
1669,4,1,0,0.6625766871165644,0.0,0.0
1670,5,1,0,0.6687116564417178,0.0,0.0
1671,6,1,0,0.6748466257668712,0.0,0.0
1672,0,1,0,0.6809815950920245,0.0,0.0
1673,1,1,0,0.6871165644171779,0.0,0.0
1674,2,1,0,0.6932515337423313,0.0,0.0
1675,3,1,0,0.6993865030674846,0.0,0.0
1676,4,1,0,0.7055214723926381,0.0,0.0
1677,5,1,0,0.7116564417177914,0.0,0.0
1678,6,1,0,0.7177914110429447,0.0,0.0
1679,0,1,0,0.7239263803680982,0.0,0.0
1680,1,1,0,0.7300613496932515,0.0,0.0
1681,2,1,0,0.7361963190184049,0.0,0.0
1682,3,1,0,0.7423312883435583,0.0,0.0
1683,4,1,0,0.7484662576687117,0.0,0.0
1684,5,1,0,0.754601226993865,0.0,0.0
1685,6,1,0,0.7607361963190185,0.0,0.0
1686,0,1,0,0.7668711656441718,0.0,0.0
1687,1,1,0,0.7730061349693251,0.0,0.0
1688,2,1,0,0.7791411042944786,0.0,0.0
1689,3,1,0,0.7852760736196319,0.0,0.0
1690,4,1,0,0.7914110429447853,0.0,0.0
1691,5,1,0,0.7975460122699386,0.0,0.0
1692,6,2,0,0.803680981595092,0.0,0.0
1693,0,2,0,0.8098159509202454,0.0,0.0
1694,1,2,0,0.8159509202453987,0.0,0.0
1695,2,2,0,0.8220858895705522,0.0,0.0
1696,3,2,0,0.8282208588957055,0.0,0.0
1697,4,2,0,0.8343558282208589,0.0,0.0
1698,5,2,0,0.8404907975460123,0.0,0.0
1699,6,2,0,0.8466257668711656,0.0,0.0
1700,0,2,0,0.852760736196319,0.0,0.0
1701,1,2,0,0.8588957055214724,0.0,0.0
1702,2,2,0,0.8650306748466258,0.0,0.0
1703,3,2,0,0.8711656441717791,0.0,0.0
1704,4,2,0,0.8773006134969326,0.0,0.0
1705,5,2,0,0.8834355828220859,0.0,0.0
1706,6,2,0,0.8895705521472392,0.0,0.0
1707,0,2,0,0.8957055214723927,0.0,0.0
1708,1,2,0,0.901840490797546,0.0,0.0
1709,2,2,0,0.9079754601226994,0.0,0.0
1710,3,2,0,0.9141104294478528,0.0,0.0
1711,4,2,0,0.9202453987730062,0.0,0.0
1712,5,2,0,0.9263803680981595,0.0,0.0
1713,6,2,0,0.9325153374233128,0.0,0.0
1714,0,2,0,0.9386503067484663,0.0,0.0
1715,1,2,0,0.9447852760736196,0.0,0.0
1716,2,2,0,0.950920245398773,0.0,0.0
1717,3,2,0,0.9570552147239264,0.0,0.0
1718,4,2,0,0.9631901840490797,0.0,0.0
1719,5,2,0,0.9693251533742331,0.0,0.0
1720,6,3,0,0.9754601226993865,0.0,0.0
1721,0,3,0,0.9815950920245399,0.0,0.0
1722,1,3,0,0.9877300613496932,0.0,0.0
1723,2,3,0,0.9938650306748467,0.0,0.0
1724,3,3,0,1.0,0.0,0.0
1725,4,3,0,1.0061349693251533,0.0,0.0
1726,5,3,0,1.0122699386503067,0.0,0.0
1727,6,3,0,1.01840490797546,0.0,0.0
1728,0,3,0,1.0245398773006136,0.0,0.0
1729,1,3,0,1.030674846625767,0.0,0.0
1730,2,3,0,1.0368098159509203,0.0,0.0
1731,3,3,0,1.0429447852760736,0.0,0.0
1732,4,3,0,1.049079754601227,0.0,0.0
1733,5,3,0,1.0552147239263803,0.0,0.0
1734,6,3,0,1.0613496932515338,0.0,0.0
1735,0,3,0,1.0674846625766872,0.0,0.0
1736,1,3,0,1.0736196319018405,0.0,0.0
1737,2,3,0,1.0797546012269938,0.0,0.0
1738,3,3,0,0.0,0.0,0.0
1739,4,3,0,0.006134969325153374,0.0,0.0
1740,5,3,0,0.012269938650306749,0.0,0.0
1741,6,3,0,0.018404907975460124,0.0,0.0
1742,0,3,0,0.024539877300613498,0.0,0.0
1743,1,3,0,0.03067484662576687,0.0,0.0
1744,2,3,0,0.03680981595092025,0.0,0.0
1745,3,3,0,0.04294478527607362,0.0,0.0
1746,4,3,0,0.049079754601226995,0.0,0.0
1747,5,3,0,0.05521472392638037,0.0,0.0
1748,6,3,0,0.06134969325153374,0.0,0.0
1749,0,3,0,0.06748466257668712,0.0,0.0
1750,1,3,0,0.0736196319018405,0.0,0.0
1751,2,4,0,0.07975460122699386,0.0,0.0
1752,3,4,0,0.08588957055214724,0.0,0.0
1753,4,4,0,0.09202453987730061,0.0,0.0
1754,5,4,0,0.09815950920245399,0.0,0.0
1755,6,4,0,0.10429447852760736,0.0,0.0
1756,0,4,0,0.11042944785276074,0.0,0.0
1757,1,4,0,0.1165644171779141,0.0,0.0
1758,2,4,0,0.12269938650306748,0.0,0.0
1759,3,4,1,0.12883435582822086,0.0,0.0
1760,4,4,1,0.13496932515337423,0.0,0.0
1761,5,4,0,0.1411042944785276,0.0,0.0
1762,6,4,1,0.147239263803681,0.0,0.0
1763,0,4,1,0.15337423312883436,0.0,0.0
1764,1,4,0,0.15950920245398773,0.0,0.0
1765,2,4,0,0.1656441717791411,0.0,0.0
1766,3,4,0,0.17177914110429449,0.0,0.0
1767,4,4,0,0.17791411042944785,0.0,0.0
1768,5,4,0,0.18404907975460122,0.0,0.0
1769,6,4,0,0.1901840490797546,0.0,0.0
1770,0,4,0,0.19631901840490798,0.0,0.0
1771,1,4,0,0.20245398773006135,0.0,0.0
1772,2,4,0,0.2085889570552147,0.0,0.0
1773,3,4,0,0.2147239263803681,0.0,0.0
1774,4,4,0,0.22085889570552147,0.0,0.0
1775,5,4,0,0.22699386503067484,0.0,0.0
1776,6,4,0,0.2331288343558282,0.0,0.0
1777,0,4,0,0.2392638036809816,0.0,0.0
1778,1,4,0,0.24539877300613497,0.0,0.0
1779,2,4,0,0.25153374233128833,0.0,0.0
1780,3,4,0,0.0,0.0,0.0
1781,4,5,1,0.006134969325153374,0.0,0.0
1782,5,5,0,0.012269938650306749,0.0,0.0
1783,6,5,0,0.018404907975460124,0.0,0.0
1784,0,5,0,0.024539877300613498,0.0,0.0
1785,1,5,0,0.03067484662576687,0.0,0.0
1786,2,5,0,0.03680981595092025,0.0,0.0
1787,3,5,0,0.04294478527607362,0.0,0.0
1788,4,5,0,0.049079754601226995,0.0,0.0
1789,5,5,0,0.05521472392638037,0.0,0.0
1790,6,5,0,0.06134969325153374,0.0,0.0
1791,0,5,0,0.06748466257668712,0.0,0.0
1792,1,5,0,0.0736196319018405,0.0,0.0
1793,2,5,0,0.07975460122699386,0.0,0.0
1794,3,5,0,0.08588957055214724,0.0,0.0
1795,4,5,0,0.09202453987730061,0.0,0.0
1796,5,5,0,0.09815950920245399,0.0,0.0
1797,6,5,1,0.10429447852760736,0.0,0.0
1798,0,5,0,0.11042944785276074,0.0,0.0
1799,1,5,0,0.1165644171779141,0.0,0.0
1800,2,5,0,0.12269938650306748,0.0,0.0
1801,3,5,1,0.12883435582822086,0.0,0.0
1802,4,5,0,0.13496932515337423,0.0,0.0
1803,5,5,0,0.1411042944785276,0.0,0.0
1804,6,5,0,0.147239263803681,0.0,0.0
1805,0,5,0,0.15337423312883436,0.0,0.0
1806,1,5,0,0.15950920245398773,0.0,0.0
1807,2,5,0,0.1656441717791411,0.0,0.0
1808,3,5,0,0.17177914110429449,0.0,0.0
1809,4,5,0,0.17791411042944785,0.0,0.0
1810,5,5,0,0.18404907975460122,0.0,0.0
1811,6,5,1,0.1901840490797546,0.0,0.0
1812,0,6,1,0.19631901840490798,0.0,0.0
1813,1,6,0,0.20245398773006135,0.0,0.0
1814,2,6,0,0.2085889570552147,0.0,0.0
1815,3,6,0,0.2147239263803681,0.0,0.0
1816,4,6,0,0.22085889570552147,0.0,0.0
1817,5,6,0,0.22699386503067484,0.0,0.0
1818,6,6,0,0.2331288343558282,0.0,0.0
1819,0,6,0,0.2392638036809816,0.0,0.0
1820,1,6,0,0.24539877300613497,0.0,0.0
1821,2,6,0,0.25153374233128833,0.0,0.0
1822,3,6,0,0.25766871165644173,0.0,0.0
1823,4,6,0,0.26380368098159507,0.0,0.0
1824,5,6,0,0.26993865030674846,0.0,0.0
1825,6,6,0,0.27607361963190186,0.0,0.0
1826,0,6,0,0.2822085889570552,0.0,0.0
1827,1,6,0,0.2883435582822086,0.0,0.0
1828,2,6,0,0.294478527607362,0.0,0.0
1829,3,6,0,0.3006134969325153,0.0,0.0
1830,4,6,0,0.3067484662576687,0.0,0.0
1831,5,6,0,0.3128834355828221,0.0,0.0
1832,6,6,0,0.31901840490797545,0.0,0.0
1833,0,6,0,0.32515337423312884,0.0,0.0
1834,1,6,0,0.3312883435582822,0.0,0.0
1835,2,6,0,0.3374233128834356,0.0,0.0
1836,3,6,0,0.34355828220858897,0.0,0.0
1837,4,6,0,0.3496932515337423,0.0,0.0
1838,5,6,0,0.3558282208588957,0.0,0.0
1839,6,6,0,0.3619631901840491,0.0,0.0
1840,0,6,0,0.36809815950920244,0.0,0.0
1841,1,6,0,0.37423312883435583,0.0,0.0
1842,2,7,0,0.3803680981595092,0.0,0.0
1843,3,7,0,0.38650306748466257,0.0,0.0
1844,4,7,0,0.39263803680981596,0.0,0.0
1845,5,7,0,0.3987730061349693,0.0,0.0
1846,6,7,0,0.4049079754601227,0.0,0.0
1847,0,7,0,0.4110429447852761,0.0,0.0
1848,1,7,0,0.4171779141104294,0.0,0.0
1849,2,7,0,0.4233128834355828,0.0,0.0
1850,3,7,0,0.4294478527607362,0.0,0.0
1851,4,7,0,0.43558282208588955,0.0,0.0
1852,5,7,0,0.44171779141104295,0.0,0.0
1853,6,7,0,0.44785276073619634,0.0,0.0
1854,0,7,0,0.4539877300613497,0.0,0.0
1855,1,7,0,0.4601226993865031,0.0,0.0
1856,2,7,0,0.4662576687116564,0.0,0.0
1857,3,7,0,0.4723926380368098,0.0,0.0
1858,4,7,0,0.4785276073619632,0.0,0.0
1859,5,7,0,0.48466257668711654,0.0,0.0
1860,6,7,0,0.49079754601226994,0.0,0.0
1861,0,7,0,0.49693251533742333,0.0,0.0
1862,1,7,0,0.5030674846625767,0.0,0.0
1863,2,7,0,0.50920245398773,0.0,0.0
1864,3,7,0,0.5153374233128835,0.0,0.0
1865,4,7,0,0.5214723926380368,0.0,0.0
1866,5,7,0,0.5276073619631901,0.0,0.0
1867,6,7,0,0.5337423312883436,0.0,0.0
1868,0,7,0,0.5398773006134969,0.0,0.0
1869,1,7,0,0.5460122699386503,0.0,0.0
1870,2,7,0,0.5521472392638037,0.0,0.0
1871,3,7,0,0.558282208588957,0.0,0.0
1872,4,7,0,0.5644171779141104,0.0,0.0
1873,5,8,0,0.5705521472392638,0.0,0.0
1874,6,8,0,0.5766871165644172,0.0,0.0
1875,0,8,0,0.5828220858895705,0.0,0.0
1876,1,8,0,0.588957055214724,0.0,0.0
1877,2,8,0,0.5950920245398773,0.0,0.0
1878,3,8,0,0.6012269938650306,0.0,0.0
1879,4,8,0,0.6073619631901841,0.0,0.0
1880,5,8,0,0.6134969325153374,0.0,0.0
1881,6,8,0,0.6196319018404908,0.0,0.0
1882,0,8,0,0.6257668711656442,0.0,0.0
1883,1,8,0,0.6319018404907976,0.0,0.0
1884,2,8,0,0.6380368098159509,0.0,0.0
1885,3,8,0,0.6441717791411042,0.0,0.0
1886,4,8,0,0.6503067484662577,0.0,0.0
1887,5,8,0,0.656441717791411,0.0,0.0
1888,6,8,0,0.0,0.0,0.0
1889,0,8,0,0.006134969325153374,0.0,0.0
1890,1,8,0,0.012269938650306749,0.0,0.0
1891,2,8,0,0.018404907975460124,0.0,0.0
1892,3,8,0,0.024539877300613498,0.0,0.0
1893,4,8,0,0.03067484662576687,0.0,0.0
1894,5,8,0,0.03680981595092025,0.0,0.0
1895,6,8,0,0.04294478527607362,0.0,0.0
1896,0,8,0,0.049079754601226995,0.0,0.0
1897,1,8,0,0.05521472392638037,0.0,0.0
1898,2,8,0,0.06134969325153374,0.0,0.0
1899,3,8,0,0.06748466257668712,0.0,0.0
1900,4,8,0,0.0736196319018405,0.0,0.0
1901,5,8,0,0.07975460122699386,0.0,0.0
1902,6,8,0,0.08588957055214724,0.0,0.0
1903,0,8,0,0.09202453987730061,0.0,0.0
1904,1,9,0,0.0,0.0,0.0
1905,2,9,0,0.006134969325153374,0.0,0.0
1906,3,9,0,0.012269938650306749,0.0,0.0
1907,4,9,0,0.018404907975460124,0.0,0.0
1908,5,9,0,0.024539877300613498,0.0,0.0
1909,6,9,0,0.03067484662576687,0.0,0.0
1910,0,9,0,0.0,0.0,0.0
1911,1,9,0,0.006134969325153374,0.0,0.0
1912,2,9,0,0.012269938650306749,0.0,0.0
1913,3,9,0,0.018404907975460124,0.0,0.0
1914,4,9,0,0.024539877300613498,0.0,0.0
1915,5,9,0,0.03067484662576687,0.0,0.0
1916,6,9,0,0.03680981595092025,0.0,0.0
1917,0,9,0,0.04294478527607362,0.0,0.0
1918,1,9,0,0.0,0.0,0.0
1919,2,9,0,0.006134969325153374,0.0,0.0
1920,3,9,0,0.012269938650306749,0.0,0.0
1921,4,9,0,0.018404907975460124,0.0,0.0
1922,5,9,0,0.024539877300613498,0.0,0.0
1923,6,9,0,0.03067484662576687,0.0,0.0
1924,0,9,0,0.03680981595092025,0.0,0.0
1925,1,9,0,0.04294478527607362,0.0,0.0
1926,2,9,0,0.049079754601226995,0.0,0.0
1927,3,9,0,0.05521472392638037,0.0,0.0
1928,4,9,0,0.06134969325153374,0.0,0.0
1929,5,9,0,0.06748466257668712,0.0,0.0
1930,6,9,0,0.0736196319018405,0.0,0.0
1931,0,9,0,0.07975460122699386,0.0,0.0
1932,1,9,0,0.08588957055214724,0.0,0.0
1933,2,9,0,0.09202453987730061,0.0,0.0
1934,3,10,0,0.09815950920245399,0.0,0.0
1935,4,10,0,0.10429447852760736,0.0,0.0
1936,5,10,0,0.11042944785276074,0.0,0.0
1937,6,10,0,0.1165644171779141,0.0,0.0
1938,0,10,0,0.12269938650306748,0.0,0.0
1939,1,10,0,0.12883435582822086,0.0,0.0
1940,2,10,0,0.13496932515337423,0.0,0.0
1941,3,10,0,0.1411042944785276,0.0,0.0
1942,4,10,0,0.147239263803681,0.0,0.0
1943,5,10,0,0.15337423312883436,0.0,0.0
1944,6,10,0,0.15950920245398773,0.0,0.0
1945,0,10,0,0.0,0.0,0.0
1946,1,10,0,0.006134969325153374,0.0,0.0
1947,2,10,0,0.012269938650306749,0.0,0.0
1948,3,10,0,0.018404907975460124,0.0,0.0
1949,4,10,0,0.024539877300613498,0.0,0.0
1950,5,10,0,0.03067484662576687,0.0,0.0
1951,6,10,0,0.03680981595092025,0.0,0.0
1952,0,10,0,0.04294478527607362,0.0,0.0
1953,1,10,0,0.049079754601226995,0.0,0.0
1954,2,10,0,0.05521472392638037,0.0,0.0
1955,3,10,0,0.06134969325153374,0.0,0.0
1956,4,10,0,0.06748466257668712,0.0,0.0
1957,5,10,0,0.0736196319018405,0.0,0.0
1958,6,10,0,0.07975460122699386,0.0,0.0
1959,0,10,0,0.08588957055214724,0.0,0.0
1960,1,10,0,0.09202453987730061,0.0,0.0
1961,2,10,0,0.09815950920245399,0.0,0.0
1962,3,10,0,0.10429447852760736,0.0,0.0
1963,4,10,0,0.11042944785276074,0.0,0.0
1964,5,10,0,0.0,0.0,0.0
1965,6,11,0,0.006134969325153374,0.0,0.0
1966,0,11,0,0.012269938650306749,0.0,0.0
1967,1,11,0,0.018404907975460124,0.0,0.0
1968,2,11,0,0.024539877300613498,0.0,0.0
1969,3,11,0,0.03067484662576687,0.0,0.0
1970,4,11,0,0.03680981595092025,0.0,0.0
1971,5,11,0,0.04294478527607362,0.0,0.0
1972,6,11,0,0.049079754601226995,0.0,0.0
1973,0,11,0,0.05521472392638037,0.0,0.0
1974,1,11,0,0.06134969325153374,0.0,0.0
1975,2,11,0,0.06748466257668712,0.0,0.0
1976,3,11,0,0.0736196319018405,0.0,0.0
1977,4,11,0,0.07975460122699386,0.0,0.0
1978,5,11,0,0.08588957055214724,0.0,0.0
1979,6,11,0,0.09202453987730061,0.0,0.0
1980,0,11,0,0.09815950920245399,0.0,0.0
1981,1,11,0,0.10429447852760736,0.0,0.0
1982,2,11,0,0.11042944785276074,0.0,0.0
1983,3,11,0,0.1165644171779141,0.0,0.0
1984,4,11,0,0.12269938650306748,0.0,0.0
1985,5,11,0,0.12883435582822086,0.0,0.0
1986,6,11,0,0.13496932515337423,0.0,0.0
1987,0,11,0,0.1411042944785276,0.0,0.0
1988,1,11,0,0.147239263803681,0.0,0.0
1989,2,11,0,0.15337423312883436,0.0,0.0
1990,3,11,0,0.15950920245398773,0.0,0.0
1991,4,11,0,0.1656441717791411,0.0,0.0
1992,5,11,0,0.17177914110429449,0.0,0.0
1993,6,11,0,0.17791411042944785,0.0,0.0
1994,0,11,0,0.18404907975460122,0.0,0.0
1995,1,12,0,0.1901840490797546,0.0,0.0
1996,2,12,0,0.19631901840490798,0.0,0.0
1997,3,12,0,0.20245398773006135,0.0,0.0
1998,4,12,0,0.2085889570552147,0.0,0.0
1999,5,12,0,0.2147239263803681,0.0,0.0
2000,6,12,0,0.22085889570552147,0.0,0.0
2001,0,12,0,0.22699386503067484,0.0,0.0
2002,1,12,0,0.2331288343558282,0.0,0.0
2003,2,12,0,0.2392638036809816,0.0,0.0
2004,3,12,0,0.24539877300613497,0.0,0.0
2005,4,12,0,0.25153374233128833,0.0,0.0
2006,5,12,0,0.25766871165644173,0.0,0.0
2007,6,12,0,0.26380368098159507,0.0,0.0
2008,0,12,0,0.26993865030674846,0.0,0.0
2009,1,12,0,0.27607361963190186,0.0,0.0
2010,2,12,0,0.2822085889570552,0.0,0.0
2011,3,12,0,0.2883435582822086,0.0,0.0
2012,4,12,0,0.294478527607362,0.0,0.0
2013,5,12,0,0.3006134969325153,0.0,0.0
2014,6,12,0,0.3067484662576687,0.0,0.0
2015,0,12,0,0.3128834355828221,0.0,0.0
2016,1,12,0,0.31901840490797545,0.0,0.0
2017,2,12,0,0.32515337423312884,0.0,0.0
2018,3,12,0,0.3312883435582822,0.0,0.0
2019,4,12,1,0.3374233128834356,0.0,0.0
2020,5,12,1,0.34355828220858897,0.0,0.0
2021,6,12,0,0.3496932515337423,0.0,0.0
2022,0,12,0,0.3558282208588957,0.0,0.0
2023,1,12,0,0.3619631901840491,0.0,0.0
2024,2,12,0,0.36809815950920244,0.0,0.0
2025,3,12,0,0.37423312883435583,0.0,0.0
2026,4,1,1,0.3803680981595092,0.0,0.0
2027,5,1,0,0.38650306748466257,0.0,0.0
2028,6,1,0,0.39263803680981596,0.0,0.0
2029,0,1,0,0.3987730061349693,0.0,0.0
2030,1,1,0,0.4049079754601227,0.0,0.0
2031,2,1,0,0.4110429447852761,0.0,0.0
2032,3,1,0,0.4171779141104294,0.0,0.0
2033,4,1,0,0.4233128834355828,0.0,0.0
2034,5,1,0,0.4294478527607362,0.0,0.0
2035,6,1,0,0.43558282208588955,0.0,0.0
2036,0,1,0,0.44171779141104295,0.0,0.0
2037,1,1,0,0.44785276073619634,0.0,0.0
2038,2,1,0,0.4539877300613497,0.0,0.0
2039,3,1,0,0.4601226993865031,0.0,0.0
2040,4,1,0,0.4662576687116564,0.0,0.0
2041,5,1,0,0.4723926380368098,0.0,0.0
2042,6,1,0,0.4785276073619632,0.0,0.0
2043,0,1,0,0.48466257668711654,0.0,0.0
2044,1,1,0,0.49079754601226994,0.0,0.0
2045,2,1,0,0.49693251533742333,0.0,0.0
2046,3,1,0,0.5030674846625767,0.0,0.0
2047,4,1,0,0.50920245398773,0.0,0.0
2048,5,1,0,0.5153374233128835,0.0,0.0
2049,6,1,0,0.5214723926380368,0.0,0.0
2050,0,1,0,0.5276073619631901,0.0,0.0
2051,1,1,0,0.5337423312883436,0.0,0.0
2052,2,1,0,0.5398773006134969,0.0,0.0
2053,3,1,0,0.5460122699386503,0.0,0.0
2054,4,1,0,0.5521472392638037,0.0,0.0
2055,5,1,0,0.558282208588957,0.0,0.0
2056,6,1,0,0.5644171779141104,0.0,0.0
2057,0,2,0,0.5705521472392638,0.0,0.0
2058,1,2,0,0.5766871165644172,0.0,0.0
2059,2,2,0,0.5828220858895705,0.0,0.0
2060,3,2,0,0.588957055214724,0.0,0.0
2061,4,2,0,0.5950920245398773,0.0,0.0
2062,5,2,0,0.6012269938650306,0.0,0.0
2063,6,2,0,0.6073619631901841,0.0,0.0
2064,0,2,0,0.6134969325153374,0.0,0.0
2065,1,2,0,0.6196319018404908,0.0,0.0
2066,2,2,0,0.6257668711656442,0.0,0.0
2067,3,2,0,0.6319018404907976,0.0,0.0
2068,4,2,0,0.6380368098159509,0.0,0.0
2069,5,2,0,0.6441717791411042,0.0,0.0
2070,6,2,0,0.6503067484662577,0.0,0.0
2071,0,2,0,0.656441717791411,0.0,0.0
2072,1,2,0,0.6625766871165644,0.0,0.0
2073,2,2,0,0.6687116564417178,0.0,0.0
2074,3,2,0,0.6748466257668712,0.0,0.0
2075,4,2,0,0.6809815950920245,0.0,0.0
2076,5,2,0,0.6871165644171779,0.0,0.0
2077,6,2,0,0.6932515337423313,0.0,0.0
2078,0,2,0,0.6993865030674846,0.0,0.0
2079,1,2,0,0.7055214723926381,0.0,0.0
2080,2,2,0,0.7116564417177914,0.0,0.0
2081,3,2,0,0.7177914110429447,0.0,0.0
2082,4,2,0,0.7239263803680982,0.0,0.0
2083,5,2,0,0.7300613496932515,0.0,0.0
2084,6,2,0,0.7361963190184049,0.0,0.0
2085,0,3,0,0.7423312883435583,0.0,0.0
2086,1,3,0,0.7484662576687117,0.0,0.0
2087,2,3,0,0.754601226993865,0.0,0.0
2088,3,3,0,0.7607361963190185,0.0,0.0
2089,4,3,0,0.7668711656441718,0.0,0.0
2090,5,3,0,0.7730061349693251,0.0,0.0
2091,6,3,0,0.7791411042944786,0.0,0.0
2092,0,3,0,0.7852760736196319,0.0,0.0
2093,1,3,0,0.7914110429447853,0.0,0.0
2094,2,3,0,0.7975460122699386,0.0,0.0
2095,3,3,0,0.803680981595092,0.0,0.0
2096,4,3,0,0.8098159509202454,0.0,0.0
2097,5,3,0,0.8159509202453987,0.0,0.0
2098,6,3,0,0.8220858895705522,0.0,0.0
2099,0,3,0,0.8282208588957055,0.0,0.0
2100,1,3,0,0.8343558282208589,0.0,0.0
2101,2,3,0,0.8404907975460123,0.0,0.0
2102,3,3,0,0.8466257668711656,0.0,0.0
2103,4,3,0,0.852760736196319,0.0,0.0
2104,5,3,0,0.8588957055214724,0.0,0.0
2105,6,3,0,0.8650306748466258,0.0,0.0
2106,0,3,0,0.8711656441717791,0.0,0.0
2107,1,3,0,0.8773006134969326,0.0,0.0
2108,2,3,0,0.8834355828220859,0.0,0.0
2109,3,3,0,0.8895705521472392,0.0,0.0
2110,4,3,0,0.8957055214723927,0.0,0.0
2111,5,3,0,0.901840490797546,0.0,0.0
2112,6,3,0,0.9079754601226994,0.0,0.0
2113,0,3,0,0.9141104294478528,0.0,0.0
2114,1,3,0,0.9202453987730062,0.0,0.0
2115,2,3,0,0.9263803680981595,0.0,0.0
2116,3,4,1,0.9325153374233128,0.0,0.0
2117,4,4,1,0.9386503067484663,0.0,0.0
2118,5,4,0,0.9447852760736196,0.0,0.0
2119,6,4,1,0.950920245398773,0.0,0.0
2120,0,4,1,0.9570552147239264,0.0,0.0
2121,1,4,0,0.9631901840490797,0.0,0.0
2122,2,4,0,0.9693251533742331,0.0,0.0
2123,3,4,0,0.9754601226993865,0.0,0.0
2124,4,4,0,0.9815950920245399,0.0,0.0
2125,5,4,0,0.9877300613496932,0.0,0.0
2126,6,4,0,0.9938650306748467,0.0,0.0
2127,0,4,0,1.0,0.0,0.0
2128,1,4,0,1.0061349693251533,0.0,0.0
2129,2,4,0,0.0,0.0,0.0
2130,3,4,0,0.006134969325153374,0.0,0.0
2131,4,4,0,0.012269938650306749,0.0,0.0
2132,5,4,0,0.018404907975460124,0.0,0.0
2133,6,4,0,0.024539877300613498,0.0,0.0
2134,0,4,0,0.03067484662576687,0.0,0.0
2135,1,4,0,0.03680981595092025,0.0,0.0
2136,2,4,0,0.04294478527607362,0.0,0.0
2137,3,4,0,0.049079754601226995,0.0,0.0
2138,4,4,0,0.05521472392638037,0.0,0.0
2139,5,4,0,0.06134969325153374,0.0,0.0
2140,6,4,0,0.06748466257668712,0.0,0.0
2141,0,4,0,0.0736196319018405,0.0,0.0
2142,1,4,0,0.07975460122699386,0.0,0.0
2143,2,4,0,0.08588957055214724,0.0,0.0
2144,3,4,0,0.09202453987730061,0.0,0.0
2145,4,4,0,0.09815950920245399,0.0,0.0
2146,5,5,1,0.10429447852760736,0.0,0.0
2147,6,5,0,0.11042944785276074,0.0,0.0
2148,0,5,0,0.1165644171779141,0.0,0.0
2149,1,5,0,0.12269938650306748,0.0,0.0
2150,2,5,0,0.12883435582822086,0.0,0.0
2151,3,5,0,0.13496932515337423,0.0,0.0
2152,4,5,0,0.1411042944785276,0.0,0.0
2153,5,5,0,0.147239263803681,0.0,0.0
2154,6,5,0,0.15337423312883436,0.0,0.0
2155,0,5,0,0.15950920245398773,0.0,0.0
2156,1,5,0,0.1656441717791411,0.0,0.0
2157,2,5,0,0.17177914110429449,0.0,0.0
2158,3,5,1,0.17791411042944785,0.0,0.0
2159,4,5,0,0.18404907975460122,0.0,0.0
2160,5,5,0,0.1901840490797546,0.0,0.0
2161,6,5,0,0.19631901840490798,0.0,0.0
2162,0,5,1,0.20245398773006135,0.0,0.0
2163,1,5,0,0.2085889570552147,0.0,0.0
2164,2,5,0,0.2147239263803681,0.0,0.0
2165,3,5,0,0.22085889570552147,0.0,0.0
2166,4,5,0,0.22699386503067484,0.0,0.0
2167,5,5,0,0.2331288343558282,0.0,0.0
2168,6,5,1,0.2392638036809816,0.0,0.0
2169,0,5,1,0.24539877300613497,0.0,0.0
2170,1,5,0,0.25153374233128833,0.0,0.0
2171,2,5,0,0.25766871165644173,0.0,0.0
2172,3,5,0,0.26380368098159507,0.0,0.0
2173,4,5,0,0.26993865030674846,0.0,0.0
2174,5,5,0,0.27607361963190186,0.0,0.0
2175,6,5,0,0.2822085889570552,0.0,0.0
2176,0,5,0,0.2883435582822086,0.0,0.0
2177,1,6,0,0.294478527607362,0.0,0.0
2178,2,6,0,0.3006134969325153,0.0,0.0
2179,3,6,0,0.3067484662576687,0.0,0.0
2180,4,6,0,0.3128834355828221,0.0,0.0
2181,5,6,0,0.31901840490797545,0.0,0.0
2182,6,6,0,0.32515337423312884,0.0,0.0
2183,0,6,0,0.3312883435582822,0.0,0.0
2184,1,6,0,0.3374233128834356,0.0,0.0
2185,2,6,0,0.34355828220858897,0.0,0.0
2186,3,6,0,0.3496932515337423,0.0,0.0
2187,4,6,0,0.3558282208588957,0.0,0.0
2188,5,6,0,0.3619631901840491,0.0,0.0
2189,6,6,0,0.36809815950920244,0.0,0.0
2190,0,6,0,0.37423312883435583,0.0,0.0
2191,1,6,0,0.3803680981595092,0.0,0.0
2192,2,6,0,0.38650306748466257,0.0,0.0
2193,3,6,0,0.39263803680981596,0.0,0.0
2194,4,6,0,0.3987730061349693,0.0,0.0
2195,5,6,0,0.4049079754601227,0.0,0.0
2196,6,6,0,0.4110429447852761,0.0,0.0
2197,0,6,0,0.4171779141104294,0.0,0.0
2198,1,6,0,0.4233128834355828,0.0,0.0
2199,2,6,0,0.4294478527607362,0.0,0.0
2200,3,6,0,0.43558282208588955,0.0,0.0
2201,4,6,0,0.44171779141104295,0.0,0.0
2202,5,6,0,0.44785276073619634,0.0,0.0
2203,6,6,0,0.4539877300613497,0.0,0.0
2204,0,6,0,0.4601226993865031,0.0,0.0
2205,1,6,0,0.4662576687116564,0.0,0.0
2206,2,6,0,0.4723926380368098,0.0,0.0
2207,3,7,0,0.4785276073619632,0.0,0.0
2208,4,7,0,0.48466257668711654,0.0,0.0
2209,5,7,0,0.49079754601226994,0.0,0.0
2210,6,7,0,0.49693251533742333,0.0,0.0
2211,0,7,0,0.5030674846625767,0.0,0.0
2212,1,7,0,0.50920245398773,0.0,0.0
2213,2,7,0,0.5153374233128835,0.0,0.0
2214,3,7,0,0.5214723926380368,0.0,0.0
2215,4,7,0,0.5276073619631901,0.0,0.0
2216,5,7,0,0.5337423312883436,0.0,0.0
2217,6,7,0,0.5398773006134969,0.0,0.0
2218,0,7,0,0.5460122699386503,0.0,0.0
2219,1,7,0,0.5521472392638037,0.0,0.0
2220,2,7,0,0.0,0.0,0.0
2221,3,7,0,0.006134969325153374,0.0,0.0
2222,4,7,0,0.012269938650306749,0.0,0.0
2223,5,7,0,0.018404907975460124,0.0,0.0
2224,6,7,0,0.024539877300613498,0.0,0.0
2225,0,7,0,0.03067484662576687,0.0,0.0
2226,1,7,0,0.03680981595092025,0.0,0.0
2227,2,7,0,0.04294478527607362,0.0,0.0
2228,3,7,0,0.049079754601226995,0.0,0.0
2229,4,7,0,0.05521472392638037,0.0,0.0
2230,5,7,0,0.06134969325153374,0.0,0.0
2231,6,7,0,0.06748466257668712,0.0,0.0
2232,0,7,0,0.0736196319018405,0.0,0.0
2233,1,7,0,0.07975460122699386,0.0,0.0
2234,2,7,0,0.08588957055214724,0.0,0.0
2235,3,7,0,0.09202453987730061,0.0,0.0
2236,4,7,0,0.09815950920245399,0.0,0.0
2237,5,7,0,0.10429447852760736,0.0,0.0
2238,6,8,0,0.11042944785276074,0.0,0.0
2239,0,8,0,0.1165644171779141,0.0,0.0
2240,1,8,0,0.12269938650306748,0.0,0.0
2241,2,8,0,0.12883435582822086,0.0,0.0
2242,3,8,0,0.13496932515337423,0.0,0.0
2243,4,8,0,0.1411042944785276,0.0,0.0
2244,5,8,0,0.147239263803681,0.0,0.0
2245,6,8,0,0.15337423312883436,0.0,0.0
2246,0,8,0,0.15950920245398773,0.0,0.0
2247,1,8,0,0.1656441717791411,0.0,0.0
2248,2,8,0,0.17177914110429449,0.0,0.0
2249,3,8,0,0.17791411042944785,0.0,0.0
2250,4,8,0,0.18404907975460122,0.0,0.0
2251,5,8,0,0.1901840490797546,0.0,0.0
2252,6,8,0,0.19631901840490798,0.0,0.0
2253,0,8,0,0.20245398773006135,0.0,0.0
2254,1,8,0,0.2085889570552147,0.0,0.0
2255,2,8,0,0.2147239263803681,0.0,0.0
2256,3,8,0,0.22085889570552147,0.0,0.0
2257,4,8,0,0.22699386503067484,0.0,0.0
2258,5,8,0,0.2331288343558282,0.0,0.0
2259,6,8,0,0.2392638036809816,0.0,0.0
2260,0,8,0,0.24539877300613497,0.0,0.0
2261,1,8,0,0.25153374233128833,0.0,0.0
2262,2,8,0,0.25766871165644173,0.0,0.0
2263,3,8,0,0.26380368098159507,0.0,0.0
2264,4,8,0,0.26993865030674846,0.0,0.0
2265,5,8,0,0.27607361963190186,0.0,0.0
2266,6,8,0,0.2822085889570552,0.0,0.0
2267,0,8,0,0.2883435582822086,0.0,0.0
2268,1,8,0,0.294478527607362,0.0,0.0
2269,2,9,0,0.3006134969325153,0.0,0.0
2270,3,9,0,0.3067484662576687,0.0,0.0
2271,4,9,0,0.3128834355828221,0.0,0.0
2272,5,9,0,0.31901840490797545,0.0,0.0
2273,6,9,0,0.32515337423312884,0.0,0.0
2274,0,9,0,0.3312883435582822,0.0,0.0
2275,1,9,0,0.3374233128834356,0.0,0.0
2276,2,9,0,0.34355828220858897,0.0,0.0
2277,3,9,0,0.3496932515337423,0.0,0.0
2278,4,9,0,0.3558282208588957,0.0,0.0
2279,5,9,0,0.3619631901840491,0.0,0.0
2280,6,9,0,0.36809815950920244,0.0,0.0
2281,0,9,0,0.37423312883435583,0.0,0.0
2282,1,9,0,0.3803680981595092,0.0,0.0
2283,2,9,0,0.38650306748466257,0.0,0.0
2284,3,9,0,0.39263803680981596,0.0,0.0
2285,4,9,0,0.3987730061349693,0.0,0.0
2286,5,9,0,0.4049079754601227,0.0,0.0
2287,6,9,0,0.4110429447852761,0.0,0.0
2288,0,9,0,0.4171779141104294,0.0,0.0
2289,1,9,0,0.4233128834355828,0.0,0.0
2290,2,9,0,0.4294478527607362,0.0,0.0
2291,3,9,0,0.43558282208588955,0.0,0.0
2292,4,9,0,0.44171779141104295,0.0,0.0
2293,5,9,0,0.44785276073619634,0.0,0.0
2294,6,9,0,0.4539877300613497,0.0,0.0
2295,0,9,0,0.4601226993865031,0.0,0.0
2296,1,9,0,0.4662576687116564,0.0,0.0
2297,2,9,0,0.4723926380368098,0.0,0.0
2298,3,9,0,0.4785276073619632,0.0,0.0
2299,4,10,0,0.48466257668711654,0.0,0.0
2300,5,10,0,0.49079754601226994,0.0,0.0
2301,6,10,0,0.49693251533742333,0.0,0.0
2302,0,10,0,0.5030674846625767,0.0,0.0
2303,1,10,0,0.50920245398773,0.0,0.0
2304,2,10,0,0.5153374233128835,0.0,0.0
2305,3,10,0,0.5214723926380368,0.0,0.0
2306,4,10,0,0.5276073619631901,0.0,0.0
2307,5,10,0,0.5337423312883436,0.0,0.0
2308,6,10,0,0.5398773006134969,0.0,0.0
2309,0,10,0,0.5460122699386503,0.0,0.0
2310,1,10,0,0.5521472392638037,0.0,0.0
2311,2,10,0,0.558282208588957,0.0,0.0
2312,3,10,0,0.5644171779141104,0.0,0.0
2313,4,10,0,0.5705521472392638,0.0,0.0
2314,5,10,0,0.5766871165644172,0.0,0.0
2315,6,10,0,0.5828220858895705,0.0,0.0
2316,0,10,0,0.588957055214724,0.0,0.0
2317,1,10,0,0.5950920245398773,0.0,0.0
2318,2,10,0,0.6012269938650306,0.0,0.0
2319,3,10,0,0.6073619631901841,0.0,0.0
2320,4,10,0,0.6134969325153374,0.0,0.0
2321,5,10,0,0.6196319018404908,0.0,0.0
2322,6,10,0,0.6257668711656442,0.0,0.0
2323,0,10,0,0.6319018404907976,0.0,0.0
2324,1,10,0,0.6380368098159509,0.0,0.0
2325,2,10,0,0.6441717791411042,0.0,0.0
2326,3,10,0,0.6503067484662577,0.0,0.0
2327,4,10,0,0.0,0.0,0.0
2328,5,10,0,0.006134969325153374,0.0,0.0
2329,6,10,0,0.012269938650306749,0.0,0.0
2330,0,11,0,0.018404907975460124,0.0,0.0
2331,1,11,0,0.024539877300613498,0.0,0.0
2332,2,11,0,0.03067484662576687,0.0,0.0
2333,3,11,0,0.03680981595092025,0.0,0.0
2334,4,11,0,0.04294478527607362,0.0,0.0
2335,5,11,0,0.049079754601226995,0.0,0.0
2336,6,11,0,0.05521472392638037,0.0,0.0
2337,0,11,0,0.06134969325153374,0.0,0.0
2338,1,11,0,0.06748466257668712,0.0,0.0
2339,2,11,0,0.0736196319018405,0.0,0.0
2340,3,11,0,0.07975460122699386,0.0,0.0
2341,4,11,0,0.08588957055214724,0.0,0.0
2342,5,11,0,0.09202453987730061,0.0,0.0
2343,6,11,0,0.09815950920245399,0.0,0.0
2344,0,11,0,0.10429447852760736,0.0,0.0
2345,1,11,0,0.11042944785276074,0.0,0.0
2346,2,11,0,0.1165644171779141,0.0,0.0
2347,3,11,0,0.12269938650306748,0.0,0.0
2348,4,11,0,0.12883435582822086,0.0,0.0
2349,5,11,0,0.13496932515337423,0.0,0.0
2350,6,11,0,0.1411042944785276,0.0,0.0
2351,0,11,0,0.147239263803681,0.0,0.0
2352,1,11,0,0.15337423312883436,0.0,0.0
2353,2,11,0,0.15950920245398773,0.0,0.0
2354,3,11,0,0.1656441717791411,0.0,0.0
2355,4,11,0,0.17177914110429449,0.0,0.0
2356,5,11,0,0.17791411042944785,0.0,0.0
2357,6,11,0,0.0,0.0,0.0
2358,0,11,0,0.006134969325153374,0.0,0.0
2359,1,11,0,0.012269938650306749,0.0,0.0
2360,2,12,0,0.018404907975460124,0.0,0.0
2361,3,12,0,0.024539877300613498,0.0,0.0
2362,4,12,0,0.03067484662576687,0.0,0.0
2363,5,12,0,0.03680981595092025,0.0,0.0
2364,6,12,0,0.04294478527607362,0.0,0.0
2365,0,12,0,0.049079754601226995,0.0,0.0
2366,1,12,0,0.05521472392638037,0.0,0.0
2367,2,12,0,0.06134969325153374,0.0,0.0
2368,3,12,0,0.06748466257668712,0.0,0.0
2369,4,12,0,0.0736196319018405,0.0,0.0
2370,5,12,0,0.07975460122699386,0.0,0.0
2371,6,12,0,0.08588957055214724,0.0,0.0
2372,0,12,0,0.09202453987730061,0.0,0.0
2373,1,12,0,0.09815950920245399,0.0,0.0
2374,2,12,0,0.10429447852760736,0.0,0.0
2375,3,12,0,0.11042944785276074,0.0,0.0
2376,4,12,0,0.1165644171779141,0.0,0.0
2377,5,12,0,0.12269938650306748,0.0,0.0
2378,6,12,0,0.12883435582822086,0.0,0.0
2379,0,12,0,0.13496932515337423,0.0,0.0
2380,1,12,0,0.1411042944785276,0.0,0.0
2381,2,12,0,0.147239263803681,0.0,0.0
2382,3,12,0,0.15337423312883436,0.0,0.0
2383,4,12,0,0.15950920245398773,0.0,0.0
2384,5,12,1,0.1656441717791411,0.0,0.0
2385,6,12,1,0.17177914110429449,0.0,0.0
2386,0,12,0,0.17791411042944785,0.0,0.0
2387,1,12,0,0.18404907975460122,0.0,0.0
2388,2,12,0,0.1901840490797546,0.0,0.0
2389,3,12,0,0.19631901840490798,0.0,0.0
2390,4,12,0,0.20245398773006135,0.0,0.0
2391,5,1,1,0.2085889570552147,0.0,0.0
2392,6,1,0,0.2147239263803681,0.0,0.0
2393,0,1,0,0.22085889570552147,0.0,0.0
2394,1,1,0,0.22699386503067484,0.0,0.0
2395,2,1,0,0.2331288343558282,0.0,0.0
2396,3,1,0,0.2392638036809816,0.0,0.0
2397,4,1,0,0.24539877300613497,0.0,0.0
2398,5,1,0,0.25153374233128833,0.0,0.0
2399,6,1,0,0.25766871165644173,0.0,0.0
2400,0,1,0,0.26380368098159507,0.0,0.0
2401,1,1,0,0.26993865030674846,0.0,0.0
2402,2,1,0,0.27607361963190186,0.0,0.0
2403,3,1,0,0.2822085889570552,0.0,0.0
2404,4,1,0,0.2883435582822086,0.0,0.0
2405,5,1,0,0.294478527607362,0.0,0.0
2406,6,1,0,0.3006134969325153,0.0,0.0
2407,0,1,0,0.3067484662576687,0.0,0.0
2408,1,1,0,0.3128834355828221,0.0,0.0
2409,2,1,0,0.31901840490797545,0.0,0.0
2410,3,1,0,0.32515337423312884,0.0,0.0
2411,4,1,0,0.3312883435582822,0.0,0.0
2412,5,1,0,0.3374233128834356,0.0,0.0
2413,6,1,0,0.34355828220858897,0.0,0.0
2414,0,1,0,0.3496932515337423,0.0,0.0
2415,1,1,0,0.3558282208588957,0.0,0.0
2416,2,1,0,0.3619631901840491,0.0,0.0
2417,3,1,0,0.36809815950920244,0.0,0.0
2418,4,1,0,0.37423312883435583,0.0,0.0
2419,5,1,0,0.3803680981595092,0.0,0.0
2420,6,1,0,0.38650306748466257,0.0,0.0
2421,0,1,0,0.39263803680981596,0.0,0.0
2422,1,2,0,0.3987730061349693,0.0,0.0
2423,2,2,0,0.4049079754601227,0.0,0.0
2424,3,2,0,0.4110429447852761,0.0,0.0
2425,4,2,0,0.4171779141104294,0.0,0.0
2426,5,2,0,0.4233128834355828,0.0,0.0
2427,6,2,0,0.4294478527607362,0.0,0.0
2428,0,2,0,0.43558282208588955,0.0,0.0
2429,1,2,0,0.44171779141104295,0.0,0.0
2430,2,2,0,0.44785276073619634,0.0,0.0
2431,3,2,0,0.4539877300613497,0.0,0.0
2432,4,2,0,0.4601226993865031,0.0,0.0
2433,5,2,0,0.4662576687116564,0.0,0.0
2434,6,2,0,0.4723926380368098,0.0,0.0
2435,0,2,0,0.4785276073619632,0.0,0.0
2436,1,2,0,0.48466257668711654,0.0,0.0
2437,2,2,0,0.49079754601226994,0.0,0.0
2438,3,2,0,0.49693251533742333,0.0,0.0
2439,4,2,0,0.5030674846625767,0.0,0.0
2440,5,2,0,0.50920245398773,0.0,0.0
2441,6,2,0,0.5153374233128835,0.0,0.0
2442,0,2,0,0.5214723926380368,0.0,0.0
2443,1,2,0,0.5276073619631901,0.0,0.0
2444,2,2,0,0.5337423312883436,0.0,0.0
2445,3,2,0,0.5398773006134969,0.0,0.0
2446,4,2,0,0.5460122699386503,0.0,0.0
2447,5,2,0,0.5521472392638037,0.0,0.0
2448,6,2,0,0.558282208588957,0.0,0.0
2449,0,2,0,0.5644171779141104,0.0,0.0
2450,1,3,0,0.5705521472392638,0.0,0.0
2451,2,3,0,0.5766871165644172,0.0,0.0
2452,3,3,0,0.5828220858895705,0.0,0.0
2453,4,3,0,0.588957055214724,0.0,0.0
2454,5,3,0,0.5950920245398773,0.0,0.0
2455,6,3,0,0.6012269938650306,0.0,0.0
2456,0,3,0,0.6073619631901841,0.0,0.0
2457,1,3,0,0.6134969325153374,0.0,0.0
2458,2,3,0,0.6196319018404908,0.0,0.0
2459,3,3,0,0.6257668711656442,0.0,0.0
2460,4,3,0,0.6319018404907976,0.0,0.0
2461,5,3,0,0.6380368098159509,0.0,0.0
2462,6,3,0,0.6441717791411042,0.0,0.0
2463,0,3,0,0.6503067484662577,0.0,0.0
2464,1,3,0,0.656441717791411,0.0,0.0
2465,2,3,0,0.6625766871165644,0.0,0.0
2466,3,3,0,0.6687116564417178,0.0,0.0
2467,4,3,0,0.6748466257668712,0.0,0.0
2468,5,3,0,0.6809815950920245,0.0,0.0
2469,6,3,0,0.6871165644171779,0.0,0.0
2470,0,3,0,0.6932515337423313,0.0,0.0
2471,1,3,0,0.6993865030674846,0.0,0.0
2472,2,3,0,0.7055214723926381,0.0,0.0
2473,3,3,0,0.7116564417177914,0.0,0.0
2474,4,3,0,0.7177914110429447,0.0,0.0
2475,5,3,0,0.7239263803680982,0.0,0.0
2476,6,3,0,0.7300613496932515,0.0,0.0
2477,0,3,0,0.7361963190184049,0.0,0.0
2478,1,3,0,0.7423312883435583,0.0,0.0
2479,2,3,0,0.7484662576687117,0.0,0.0
2480,3,3,0,0.754601226993865,0.0,0.0
2481,4,4,0,0.7607361963190185,0.0,0.0
2482,5,4,0,0.7668711656441718,0.0,0.0
2483,6,4,0,0.7730061349693251,0.0,0.0
2484,0,4,0,0.7791411042944786,0.0,0.0
2485,1,4,0,0.7852760736196319,0.0,0.0
2486,2,4,0,0.7914110429447853,0.0,0.0
2487,3,4,0,0.7975460122699386,0.0,0.0
2488,4,4,0,0.803680981595092,0.0,0.0
2489,5,4,0,0.8098159509202454,0.0,0.0
2490,6,4,0,0.8159509202453987,0.0,0.0
2491,0,4,0,0.8220858895705522,0.0,0.0
2492,1,4,0,0.8282208588957055,0.0,0.0
2493,2,4,0,0.8343558282208589,0.0,0.0
2494,3,4,0,0.8404907975460123,0.0,0.0
2495,4,4,0,0.8466257668711656,0.0,0.0
2496,5,4,0,0.852760736196319,0.0,0.0
2497,6,4,0,0.8588957055214724,0.0,0.0
2498,0,4,0,0.8650306748466258,0.0,0.0
2499,1,4,0,0.8711656441717791,0.0,0.0
2500,2,4,0,0.8773006134969326,0.0,0.0
2501,3,4,1,0.8834355828220859,0.0,0.0
2502,4,4,1,0.8895705521472392,0.0,0.0
2503,5,4,0,0.8957055214723927,0.0,0.0
2504,6,4,1,0.901840490797546,0.0,0.0
2505,0,4,1,0.9079754601226994,0.0,0.0
2506,1,4,0,0.9141104294478528,0.0,0.0
2507,2,4,0,0.9202453987730062,0.0,0.0
2508,3,4,0,0.9263803680981595,0.0,0.0
2509,4,4,0,0.9325153374233128,0.0,0.0
2510,5,4,0,0.9386503067484663,0.0,0.0
2511,6,5,1,0.9447852760736196,0.0,0.0
2512,0,5,0,0.950920245398773,0.0,0.0
2513,1,5,0,0.9570552147239264,0.0,0.0
2514,2,5,0,0.9631901840490797,0.0,0.0
2515,3,5,0,0.9693251533742331,0.0,0.0
2516,4,5,0,0.9754601226993865,0.0,0.0
2517,5,5,0,0.9815950920245399,0.0,0.0
2518,6,5,0,0.9877300613496932,0.0,0.0
2519,0,5,0,0.9938650306748467,0.0,0.0
2520,1,5,0,1.0,0.0,0.0
2521,2,5,0,1.0061349693251533,0.0,0.0
2522,3,5,0,1.0122699386503067,0.0,0.0
2523,4,5,0,1.01840490797546,0.0,0.0
2524,5,5,0,1.0245398773006136,0.0,0.0
2525,6,5,0,1.030674846625767,0.0,0.0
2526,0,5,0,1.0368098159509203,0.0,0.0
2527,1,5,1,1.0429447852760736,0.0,0.0
2528,2,5,0,1.049079754601227,0.0,0.0
2529,3,5,0,1.0552147239263803,0.0,0.0
2530,4,5,0,1.0613496932515338,0.0,0.0
2531,5,5,0,1.0674846625766872,0.0,0.0
2532,6,5,0,1.0736196319018405,0.0,0.0
2533,0,5,0,1.0797546012269938,0.0,0.0
2534,1,5,0,1.0858895705521472,0.0,0.0
2535,2,5,0,1.0920245398773005,0.0,0.0
2536,3,5,0,1.098159509202454,0.0,0.0
2537,4,5,0,1.1042944785276074,0.0,0.0
2538,5,5,0,1.1104294478527608,0.0,0.0
2539,6,5,0,1.116564417177914,0.0,0.0
2540,0,5,0,1.1226993865030674,0.0,0.0
2541,1,5,0,1.1288343558282208,0.0,0.0
2542,2,6,0,1.1349693251533743,0.0,0.0
2543,3,6,1,1.1411042944785277,0.0,0.0
2544,4,6,0,1.147239263803681,0.0,0.0
2545,5,6,0,1.1533742331288344,0.0,0.0
2546,6,6,0,1.1595092024539877,0.0,0.0
2547,0,6,0,1.165644171779141,0.0,0.0
2548,1,6,0,1.1717791411042944,0.0,0.0
2549,2,6,0,1.177914110429448,0.0,0.0
2550,3,6,0,1.1840490797546013,0.0,0.0
2551,4,6,0,1.1901840490797546,0.0,0.0
2552,5,6,0,1.196319018404908,0.0,0.0
2553,6,6,1,1.2024539877300613,0.0,0.0
2554,0,6,1,1.2085889570552146,0.0,0.0
2555,1,6,0,1.2147239263803682,0.0,0.0
2556,2,6,0,1.2208588957055215,0.0,0.0
2557,3,6,0,1.2269938650306749,0.0,0.0
2558,4,6,0,1.2331288343558282,0.0,0.0
2559,5,6,0,1.2392638036809815,0.0,0.0
2560,6,6,0,1.2453987730061349,0.0,0.0
2561,0,6,0,1.2515337423312884,0.0,0.0
2562,1,6,0,1.2576687116564418,0.0,0.0
2563,2,6,0,1.2638036809815951,0.0,0.0
2564,3,6,0,1.2699386503067485,0.0,0.0
2565,4,6,0,1.2760736196319018,0.0,0.0
2566,5,6,0,1.2822085889570551,0.0,0.0
2567,6,6,0,1.2883435582822085,0.0,0.0
2568,0,6,0,1.294478527607362,0.0,0.0
2569,1,6,0,1.3006134969325154,0.0,0.0
2570,2,6,0,1.3067484662576687,0.0,0.0
2571,3,6,0,1.312883435582822,0.0,0.0
2572,4,7,0,0.0,0.0,0.0
2573,5,7,0,0.006134969325153374,0.0,0.0
2574,6,7,0,0.012269938650306749,0.0,0.0
2575,0,7,0,0.018404907975460124,0.0,0.0
2576,1,7,0,0.024539877300613498,0.0,0.0
2577,2,7,0,0.03067484662576687,0.0,0.0
2578,3,7,0,0.03680981595092025,0.0,0.0
2579,4,7,0,0.04294478527607362,0.0,0.0
2580,5,7,0,0.049079754601226995,0.0,0.0
2581,6,7,0,0.05521472392638037,0.0,0.0
2582,0,7,0,0.06134969325153374,0.0,0.0
2583,1,7,0,0.06748466257668712,0.0,0.0
2584,2,7,0,0.0736196319018405,0.0,0.0
2585,3,7,0,0.07975460122699386,0.0,0.0
2586,4,7,0,0.08588957055214724,0.0,0.0
2587,5,7,0,0.09202453987730061,0.0,0.0
2588,6,7,0,0.09815950920245399,0.0,0.0
2589,0,7,0,0.10429447852760736,0.0,0.0
2590,1,7,0,0.11042944785276074,0.0,0.0
2591,2,7,0,0.1165644171779141,0.0,0.0
2592,3,7,0,0.12269938650306748,0.0,0.0
2593,4,7,0,0.12883435582822086,0.0,0.0
2594,5,7,0,0.13496932515337423,0.0,0.0
2595,6,7,0,0.1411042944785276,0.0,0.0
2596,0,7,0,0.147239263803681,0.0,0.0
2597,1,7,0,0.15337423312883436,0.0,0.0
2598,2,7,0,0.15950920245398773,0.0,0.0
2599,3,7,0,0.1656441717791411,0.0,0.0
2600,4,7,0,0.17177914110429449,0.0,0.0
2601,5,7,0,0.17791411042944785,0.0,0.0
2602,6,7,0,0.18404907975460122,0.0,0.0
2603,0,8,0,0.1901840490797546,0.0,0.0
2604,1,8,0,0.19631901840490798,0.0,0.0
2605,2,8,0,0.20245398773006135,0.0,0.0
2606,3,8,0,0.2085889570552147,0.0,0.0
2607,4,8,0,0.2147239263803681,0.0,0.0
2608,5,8,0,0.22085889570552147,0.0,0.0
2609,6,8,0,0.22699386503067484,0.0,0.0
2610,0,8,0,0.2331288343558282,0.0,0.0
2611,1,8,0,0.2392638036809816,0.0,0.0
2612,2,8,0,0.24539877300613497,0.0,0.0
2613,3,8,0,0.25153374233128833,0.0,0.0
2614,4,8,0,0.25766871165644173,0.0,0.0
2615,5,8,0,0.26380368098159507,0.0,0.0
2616,6,8,0,0.26993865030674846,0.0,0.0
2617,0,8,0,0.27607361963190186,0.0,0.0
2618,1,8,0,0.2822085889570552,0.0,0.0
2619,2,8,0,0.2883435582822086,0.0,0.0
2620,3,8,0,0.294478527607362,0.0,0.0
2621,4,8,0,0.3006134969325153,0.0,0.0
2622,5,8,0,0.3067484662576687,0.0,0.0
2623,6,8,0,0.3128834355828221,0.0,0.0
2624,0,8,0,0.31901840490797545,0.0,0.0
2625,1,8,0,0.32515337423312884,0.0,0.0
2626,2,8,0,0.3312883435582822,0.0,0.0
2627,3,8,0,0.3374233128834356,0.0,0.0
2628,4,8,0,0.34355828220858897,0.0,0.0
2629,5,8,0,0.3496932515337423,0.0,0.0
2630,6,8,0,0.3558282208588957,0.0,0.0
2631,0,8,0,0.3619631901840491,0.0,0.0
2632,1,8,0,0.36809815950920244,0.0,0.0
2633,2,8,0,0.37423312883435583,0.0,0.0
2634,3,9,0,0.3803680981595092,0.0,0.0
2635,4,9,0,0.38650306748466257,0.0,0.0
2636,5,9,0,0.39263803680981596,0.0,0.0
2637,6,9,0,0.3987730061349693,0.0,0.0
2638,0,9,0,0.4049079754601227,0.0,0.0
2639,1,9,0,0.4110429447852761,0.0,0.0
2640,2,9,0,0.4171779141104294,0.0,0.0
2641,3,9,0,0.4233128834355828,0.0,0.0
2642,4,9,0,0.4294478527607362,0.0,0.0
2643,5,9,0,0.43558282208588955,0.0,0.0
2644,6,9,0,0.44171779141104295,0.0,0.0
2645,0,9,0,0.44785276073619634,0.0,0.0
2646,1,9,0,0.4539877300613497,0.0,0.0
2647,2,9,0,0.4601226993865031,0.0,0.0
2648,3,9,0,0.4662576687116564,0.0,0.0
2649,4,9,0,0.4723926380368098,0.0,0.0
2650,5,9,0,0.4785276073619632,0.0,0.0
2651,6,9,0,0.0,0.0,0.0
2652,0,9,0,0.006134969325153374,0.0,0.0
2653,1,9,0,0.012269938650306749,0.0,0.0
2654,2,9,0,0.018404907975460124,0.0,0.0
2655,3,9,0,0.024539877300613498,0.0,0.0
2656,4,9,0,0.03067484662576687,0.0,0.0
2657,5,9,0,0.03680981595092025,0.0,0.0
2658,6,9,0,0.04294478527607362,0.0,0.0
2659,0,9,0,0.049079754601226995,0.0,0.0
2660,1,9,0,0.05521472392638037,0.0,0.0
2661,2,9,0,0.06134969325153374,0.0,0.0
2662,3,9,0,0.06748466257668712,0.0,0.0
2663,4,9,0,0.0736196319018405,0.0,0.0
2664,5,10,0,0.07975460122699386,0.0,0.0
2665,6,10,0,0.08588957055214724,0.0,0.0
2666,0,10,0,0.09202453987730061,0.0,0.0
2667,1,10,0,0.09815950920245399,0.0,0.0
2668,2,10,0,0.10429447852760736,0.0,0.0
2669,3,10,0,0.11042944785276074,0.0,0.0
2670,4,10,0,0.1165644171779141,0.0,0.0
2671,5,10,0,0.12269938650306748,0.0,0.0
2672,6,10,0,0.12883435582822086,0.0,0.0
2673,0,10,0,0.13496932515337423,0.0,0.0
2674,1,10,0,0.1411042944785276,0.0,0.0
2675,2,10,0,0.147239263803681,0.0,0.0
2676,3,10,0,0.15337423312883436,0.0,0.0
2677,4,10,0,0.15950920245398773,0.0,0.0
2678,5,10,0,0.1656441717791411,0.0,0.0
2679,6,10,0,0.17177914110429449,0.0,0.0
2680,0,10,0,0.17791411042944785,0.0,0.0
2681,1,10,0,0.0,0.0,0.0
2682,2,10,0,0.006134969325153374,0.0,0.0
2683,3,10,0,0.012269938650306749,0.0,0.0
2684,4,10,0,0.018404907975460124,0.0,0.0
2685,5,10,0,0.024539877300613498,0.0,0.0
2686,6,10,0,0.03067484662576687,0.0,0.0
2687,0,10,0,0.03680981595092025,0.0,0.0
2688,1,10,0,0.04294478527607362,0.0,0.0
2689,2,10,0,0.049079754601226995,0.0,0.0
2690,3,10,0,0.05521472392638037,0.0,0.0
2691,4,10,0,0.06134969325153374,0.0,0.0
2692,5,10,0,0.06748466257668712,0.0,0.0
2693,6,10,0,0.0736196319018405,0.0,0.0
2694,0,10,0,0.07975460122699386,0.0,0.0
2695,1,11,0,0.08588957055214724,0.0,0.0
2696,2,11,0,0.09202453987730061,0.0,0.0
2697,3,11,0,0.09815950920245399,0.0,0.0
2698,4,11,0,0.10429447852760736,0.0,0.0
2699,5,11,0,0.11042944785276074,0.0,0.0
2700,6,11,0,0.1165644171779141,0.0,0.0
2701,0,11,0,0.12269938650306748,0.0,0.0
2702,1,11,0,0.12883435582822086,0.0,0.0
2703,2,11,0,0.13496932515337423,0.0,0.0
2704,3,11,0,0.1411042944785276,0.0,0.0
2705,4,11,0,0.147239263803681,0.0,0.0
2706,5,11,0,0.15337423312883436,0.0,0.0
2707,6,11,0,0.15950920245398773,0.0,0.0
2708,0,11,0,0.1656441717791411,0.0,0.0
2709,1,11,0,0.17177914110429449,0.0,0.0
2710,2,11,0,0.17791411042944785,0.0,0.0
2711,3,11,0,0.18404907975460122,0.0,0.0
2712,4,11,0,0.1901840490797546,0.0,0.0
2713,5,11,0,0.19631901840490798,0.0,0.0
2714,6,11,0,0.20245398773006135,0.0,0.0
2715,0,11,0,0.2085889570552147,0.0,0.0
2716,1,11,0,0.2147239263803681,0.0,0.0
2717,2,11,0,0.22085889570552147,0.0,0.0
2718,3,11,0,0.22699386503067484,0.0,0.0
2719,4,11,0,0.2331288343558282,0.0,0.0
2720,5,11,0,0.2392638036809816,0.0,0.0
2721,6,11,0,0.24539877300613497,0.0,0.0
2722,0,11,0,0.25153374233128833,0.0,0.0
2723,1,11,0,0.25766871165644173,0.0,0.0
2724,2,11,0,0.26380368098159507,0.0,0.0
2725,3,12,0,0.26993865030674846,0.0,0.0
2726,4,12,0,0.27607361963190186,0.0,0.0
2727,5,12,0,0.2822085889570552,0.0,0.0
2728,6,12,0,0.2883435582822086,0.0,0.0
2729,0,12,0,0.294478527607362,0.0,0.0
2730,1,12,0,0.3006134969325153,0.0,0.0
2731,2,12,0,0.3067484662576687,0.0,0.0
2732,3,12,0,0.3128834355828221,0.0,0.0
2733,4,12,0,0.31901840490797545,0.0,0.0
2734,5,12,0,0.32515337423312884,0.0,0.0
2735,6,12,0,0.3312883435582822,0.0,0.0
2736,0,12,0,0.3374233128834356,0.0,0.0
2737,1,12,0,0.34355828220858897,0.0,0.0
2738,2,12,0,0.3496932515337423,0.0,0.0
2739,3,12,0,0.3558282208588957,0.0,0.0
2740,4,12,0,0.3619631901840491,0.0,0.0
2741,5,12,0,0.36809815950920244,0.0,0.0
2742,6,12,0,0.37423312883435583,0.0,0.0
2743,0,12,0,0.3803680981595092,0.0,0.0
2744,1,12,0,0.38650306748466257,0.0,0.0
2745,2,12,0,0.39263803680981596,0.0,0.0
2746,3,12,0,0.3987730061349693,0.0,0.0
2747,4,12,0,0.4049079754601227,0.0,0.0
2748,5,12,0,0.4110429447852761,0.0,0.0
2749,6,12,1,0.4171779141104294,0.0,0.0
2750,0,12,1,0.4233128834355828,0.0,0.0
2751,1,12,0,0.4294478527607362,0.0,0.0
2752,2,12,0,0.43558282208588955,0.0,0.0
2753,3,12,0,0.44171779141104295,0.0,0.0
2754,4,12,0,0.44785276073619634,0.0,0.0
2755,5,12,0,0.4539877300613497,0.0,0.0
2756,6,1,1,0.4601226993865031,0.0,0.0
2757,0,1,0,0.0,0.0,0.0
2758,1,1,0,0.006134969325153374,0.0,0.0
2759,2,1,0,0.012269938650306749,0.0,0.0
2760,3,1,0,0.018404907975460124,0.0,0.0
2761,4,1,0,0.024539877300613498,0.0,0.0
2762,5,1,0,0.03067484662576687,0.0,0.0
2763,6,1,0,0.03680981595092025,0.0,0.0
2764,0,1,0,0.04294478527607362,0.0,0.0
2765,1,1,0,0.049079754601226995,0.0,0.0
2766,2,1,0,0.05521472392638037,0.0,0.0
2767,3,1,0,0.06134969325153374,0.0,0.0
2768,4,1,0,0.06748466257668712,0.0,0.0
2769,5,1,0,0.0736196319018405,0.0,0.0
2770,6,1,0,0.07975460122699386,0.0,0.0
2771,0,1,0,0.08588957055214724,0.0,0.0
2772,1,1,0,0.09202453987730061,0.0,0.0
2773,2,1,0,0.09815950920245399,0.0,0.0
2774,3,1,0,0.10429447852760736,0.0,0.0
2775,4,1,0,0.11042944785276074,0.0,0.0
2776,5,1,0,0.1165644171779141,0.0,0.0
2777,6,1,0,0.12269938650306748,0.0,0.0
2778,0,1,0,0.12883435582822086,0.0,0.0
2779,1,1,0,0.13496932515337423,0.0,0.0
2780,2,1,0,0.1411042944785276,0.0,0.0
2781,3,1,0,0.147239263803681,0.0,0.0
2782,4,1,0,0.15337423312883436,0.0,0.0
2783,5,1,0,0.15950920245398773,0.0,0.0
2784,6,1,0,0.1656441717791411,0.0,0.0
2785,0,1,0,0.17177914110429449,0.0,0.0
2786,1,1,0,0.17791411042944785,0.0,0.0
2787,2,2,0,0.18404907975460122,0.0,0.0
2788,3,2,0,0.1901840490797546,0.0,0.0
2789,4,2,0,0.19631901840490798,0.0,0.0
2790,5,2,0,0.20245398773006135,0.0,0.0
2791,6,2,0,0.2085889570552147,0.0,0.0
2792,0,2,0,0.2147239263803681,0.0,0.0
2793,1,2,0,0.22085889570552147,0.0,0.0
2794,2,2,0,0.22699386503067484,0.0,0.0
2795,3,2,0,0.2331288343558282,0.0,0.0
2796,4,2,0,0.2392638036809816,0.0,0.0
2797,5,2,0,0.24539877300613497,0.0,0.0
2798,6,2,0,0.25153374233128833,0.0,0.0
2799,0,2,0,0.25766871165644173,0.0,0.0
2800,1,2,0,0.26380368098159507,0.0,0.0
2801,2,2,0,0.26993865030674846,0.0,0.0
2802,3,2,0,0.27607361963190186,0.0,0.0
2803,4,2,0,0.0,0.0,0.0
2804,5,2,0,0.006134969325153374,0.0,0.0
2805,6,2,0,0.012269938650306749,0.0,0.0
2806,0,2,0,0.018404907975460124,0.0,0.0
2807,1,2,0,0.024539877300613498,0.0,0.0
2808,2,2,0,0.03067484662576687,0.0,0.0
2809,3,2,0,0.03680981595092025,0.0,0.0
2810,4,2,0,0.04294478527607362,0.0,0.0
2811,5,2,0,0.049079754601226995,0.0,0.0
2812,6,2,0,0.05521472392638037,0.0,0.0
2813,0,2,0,0.06134969325153374,0.0,0.0
2814,1,2,0,0.06748466257668712,0.0,0.0
2815,2,2,0,0.0736196319018405,0.0,0.0
2816,3,3,0,0.07975460122699386,0.0,0.0
2817,4,3,0,0.08588957055214724,0.0,0.0
2818,5,3,0,0.09202453987730061,0.0,0.0
2819,6,3,0,0.09815950920245399,0.0,0.0
2820,0,3,0,0.10429447852760736,0.0,0.0
2821,1,3,0,0.11042944785276074,0.0,0.0
2822,2,3,0,0.1165644171779141,0.0,0.0
2823,3,3,0,0.12269938650306748,0.0,0.0
2824,4,3,0,0.12883435582822086,0.0,0.0
2825,5,3,0,0.13496932515337423,0.0,0.0
2826,6,3,0,0.1411042944785276,0.0,0.0
2827,0,3,0,0.147239263803681,0.0,0.0
2828,1,3,0,0.15337423312883436,0.0,0.0
2829,2,3,0,0.15950920245398773,0.0,0.0
2830,3,3,0,0.1656441717791411,0.0,0.0
2831,4,3,0,0.17177914110429449,0.0,0.0
2832,5,3,0,0.17791411042944785,0.0,0.0
2833,6,3,0,0.18404907975460122,0.0,0.0
2834,0,3,0,0.1901840490797546,0.0,0.0
2835,1,3,0,0.19631901840490798,0.0,0.0
2836,2,3,0,0.20245398773006135,0.0,0.0
2837,3,3,0,0.2085889570552147,0.0,0.0
2838,4,3,0,0.2147239263803681,0.0,0.0
2839,5,3,0,0.22085889570552147,0.0,0.0
2840,6,3,0,0.22699386503067484,0.0,0.0
2841,0,3,0,0.2331288343558282,0.0,0.0
2842,1,3,0,0.2392638036809816,0.0,0.0
2843,2,3,0,0.24539877300613497,0.0,0.0
2844,3,3,0,0.25153374233128833,0.0,0.0
2845,4,3,0,0.25766871165644173,0.0,0.0
2846,5,3,0,0.26380368098159507,0.0,0.0
2847,6,4,0,0.26993865030674846,0.0,0.0
2848,0,4,0,0.27607361963190186,0.0,0.0
2849,1,4,0,0.2822085889570552,0.0,0.0
2850,2,4,0,0.2883435582822086,0.0,0.0
2851,3,4,1,0.294478527607362,0.0,0.0
2852,4,4,1,0.3006134969325153,0.0,0.0
2853,5,4,0,0.3067484662576687,0.0,0.0
2854,6,4,1,0.3128834355828221,0.0,0.0
2855,0,4,1,0.31901840490797545,0.0,0.0
2856,1,4,0,0.32515337423312884,0.0,0.0
2857,2,4,0,0.3312883435582822,0.0,0.0
2858,3,4,0,0.3374233128834356,0.0,0.0
2859,4,4,0,0.34355828220858897,0.0,0.0
2860,5,4,0,0.3496932515337423,0.0,0.0
2861,6,4,0,0.3558282208588957,0.0,0.0
2862,0,4,0,0.3619631901840491,0.0,0.0
2863,1,4,0,0.0,0.0,0.0
2864,2,4,0,0.006134969325153374,0.0,0.0
2865,3,4,0,0.012269938650306749,0.0,0.0
2866,4,4,0,0.018404907975460124,0.0,0.0
2867,5,4,0,0.024539877300613498,0.0,0.0
2868,6,4,0,0.03067484662576687,0.0,0.0
2869,0,4,0,0.03680981595092025,0.0,0.0
2870,1,4,0,0.04294478527607362,0.0,0.0
2871,2,4,0,0.049079754601226995,0.0,0.0
2872,3,4,0,0.05521472392638037,0.0,0.0
2873,4,4,0,0.06134969325153374,0.0,0.0
2874,5,4,0,0.06748466257668712,0.0,0.0
2875,6,4,0,0.0736196319018405,0.0,0.0
2876,0,4,0,0.07975460122699386,0.0,0.0
2877,1,5,1,0.08588957055214724,0.0,0.0
2878,2,5,0,0.09202453987730061,0.0,0.0
2879,3,5,0,0.09815950920245399,0.0,0.0
2880,4,5,0,0.10429447852760736,0.0,0.0
2881,5,5,0,0.11042944785276074,0.0,0.0
2882,6,5,0,0.1165644171779141,0.0,0.0
2883,0,5,0,0.12269938650306748,0.0,0.0
2884,1,5,0,0.12883435582822086,0.0,0.0
2885,2,5,0,0.13496932515337423,0.0,0.0
2886,3,5,0,0.1411042944785276,0.0,0.0
2887,4,5,0,0.147239263803681,0.0,0.0
2888,5,5,0,0.15337423312883436,0.0,0.0
2889,6,5,0,0.15950920245398773,0.0,0.0
2890,0,5,0,0.1656441717791411,0.0,0.0
2891,1,5,0,0.17177914110429449,0.0,0.0
2892,2,5,0,0.17791411042944785,0.0,0.0
2893,3,5,1,0.18404907975460122,0.0,0.0
2894,4,5,0,0.1901840490797546,0.0,0.0
2895,5,5,0,0.19631901840490798,0.0,0.0
2896,6,5,0,0.20245398773006135,0.0,0.0
2897,0,5,0,0.2085889570552147,0.0,0.0
2898,1,5,0,0.2147239263803681,0.0,0.0
2899,2,5,0,0.22085889570552147,0.0,0.0
2900,3,5,0,0.22699386503067484,0.0,0.0
2901,4,5,0,0.2331288343558282,0.0,0.0
2902,5,5,0,0.2392638036809816,0.0,0.0
2903,6,5,1,0.24539877300613497,0.0,0.0
2904,0,5,1,0.25153374233128833,0.0,0.0
2905,1,5,0,0.25766871165644173,0.0,0.0
2906,2,5,0,0.26380368098159507,0.0,0.0
2907,3,5,0,0.26993865030674846,0.0,0.0
2908,4,6,0,0.27607361963190186,0.0,0.0
2909,5,6,0,0.2822085889570552,0.0,0.0
2910,6,6,0,0.2883435582822086,0.0,0.0
2911,0,6,0,0.294478527607362,0.0,0.0
2912,1,6,0,0.3006134969325153,0.0,0.0
2913,2,6,0,0.3067484662576687,0.0,0.0
2914,3,6,0,0.3128834355828221,0.0,0.0
2915,4,6,0,0.31901840490797545,0.0,0.0
2916,5,6,0,0.32515337423312884,0.0,0.0
2917,6,6,0,0.3312883435582822,0.0,0.0
2918,0,6,0,0.3374233128834356,0.0,0.0
2919,1,6,0,0.34355828220858897,0.0,0.0
2920,2,6,0,0.3496932515337423,0.0,0.0
2921,3,6,0,0.3558282208588957,0.0,0.0
2922,4,6,0,0.3619631901840491,0.0,0.0
2923,5,6,0,0.0,0.0,0.0
2924,6,6,0,0.006134969325153374,0.0,0.0
2925,0,6,0,0.012269938650306749,0.0,0.0
2926,1,6,0,0.018404907975460124,0.0,0.0
2927,2,6,0,0.024539877300613498,0.0,0.0
2928,3,6,0,0.03067484662576687,0.0,0.0
2929,4,6,0,0.03680981595092025,0.0,0.0
2930,5,6,0,0.04294478527607362,0.0,0.0
2931,6,6,0,0.049079754601226995,0.0,0.0
2932,0,6,0,0.05521472392638037,0.0,0.0
2933,1,6,0,0.06134969325153374,0.0,0.0
2934,2,6,0,0.06748466257668712,0.0,0.0
2935,3,6,0,0.0736196319018405,0.0,0.0
2936,4,6,0,0.07975460122699386,0.0,0.0
2937,5,6,0,0.08588957055214724,0.0,0.0
2938,6,7,0,0.09202453987730061,0.0,0.0
2939,0,7,0,0.09815950920245399,0.0,0.0
2940,1,7,0,0.10429447852760736,0.0,0.0
2941,2,7,0,0.11042944785276074,0.0,0.0
2942,3,7,0,0.1165644171779141,0.0,0.0
2943,4,7,0,0.12269938650306748,0.0,0.0
2944,5,7,0,0.12883435582822086,0.0,0.0
2945,6,7,0,0.13496932515337423,0.0,0.0
2946,0,7,0,0.1411042944785276,0.0,0.0
2947,1,7,0,0.147239263803681,0.0,0.0
2948,2,7,0,0.15337423312883436,0.0,0.0
2949,3,7,0,0.15950920245398773,0.0,0.0
2950,4,7,0,0.1656441717791411,0.0,0.0
2951,5,7,0,0.17177914110429449,0.0,0.0
2952,6,7,0,0.17791411042944785,0.0,0.0
2953,0,7,0,0.18404907975460122,0.0,0.0
2954,1,7,0,0.1901840490797546,0.0,0.0
2955,2,7,0,0.19631901840490798,0.0,0.0
2956,3,7,0,0.20245398773006135,0.0,0.0
2957,4,7,0,0.2085889570552147,0.0,0.0
2958,5,7,0,0.2147239263803681,0.0,0.0
2959,6,7,0,0.22085889570552147,0.0,0.0
2960,0,7,0,0.22699386503067484,0.0,0.0
2961,1,7,0,0.2331288343558282,0.0,0.0
2962,2,7,0,0.2392638036809816,0.0,0.0
2963,3,7,0,0.24539877300613497,0.0,0.0
2964,4,7,0,0.25153374233128833,0.0,0.0
2965,5,7,0,0.25766871165644173,0.0,0.0
2966,6,7,0,0.26380368098159507,0.0,0.0
2967,0,7,0,0.26993865030674846,0.0,0.0
2968,1,7,0,0.27607361963190186,0.0,0.0
2969,2,8,0,0.2822085889570552,0.0,0.0
2970,3,8,0,0.2883435582822086,0.0,0.0
2971,4,8,0,0.294478527607362,0.0,0.0
2972,5,8,0,0.3006134969325153,0.0,0.0
2973,6,8,0,0.3067484662576687,0.0,0.0
2974,0,8,0,0.3128834355828221,0.0,0.0
2975,1,8,0,0.0,0.0,0.0
2976,2,8,0,0.006134969325153374,0.0,0.0
2977,3,8,0,0.012269938650306749,0.0,0.0
2978,4,8,0,0.018404907975460124,0.0,0.0
2979,5,8,0,0.024539877300613498,0.0,0.0
2980,6,8,0,0.03067484662576687,0.0,0.0
2981,0,8,0,0.03680981595092025,0.0,0.0
2982,1,8,0,0.04294478527607362,0.0,0.0
2983,2,8,0,0.049079754601226995,0.0,0.0
2984,3,8,0,0.05521472392638037,0.0,0.0
2985,4,8,0,0.06134969325153374,0.0,0.0
2986,5,8,0,0.06748466257668712,0.0,0.0
2987,6,8,0,0.0736196319018405,0.0,0.0
2988,0,8,0,0.07975460122699386,0.0,0.0
2989,1,8,0,0.08588957055214724,0.0,0.0
2990,2,8,0,0.09202453987730061,0.0,0.0
2991,3,8,0,0.09815950920245399,0.0,0.0
2992,4,8,0,0.10429447852760736,0.0,0.0
2993,5,8,0,0.11042944785276074,0.0,0.0
2994,6,8,0,0.1165644171779141,0.0,0.0
2995,0,8,0,0.12269938650306748,0.0,0.0
2996,1,8,0,0.12883435582822086,0.0,0.0
2997,2,8,0,0.13496932515337423,0.0,0.0
2998,3,8,0,0.1411042944785276,0.0,0.0
2999,4,8,0,0.147239263803681,0.0,0.0
3000,5,9,0,0.15337423312883436,0.0,0.0
3001,6,9,0,0.15950920245398773,0.0,0.0
3002,0,9,0,0.1656441717791411,0.0,0.0
3003,1,9,0,0.17177914110429449,0.0,0.0
3004,2,9,0,0.17791411042944785,0.0,0.0
3005,3,9,0,0.18404907975460122,0.0,0.0
3006,4,9,0,0.1901840490797546,0.0,0.0
3007,5,9,0,0.19631901840490798,0.0,0.0
3008,6,9,0,0.20245398773006135,0.0,0.0
3009,0,9,0,0.2085889570552147,0.0,0.0
3010,1,9,0,0.2147239263803681,0.0,0.0
3011,2,9,0,0.22085889570552147,0.0,0.0
3012,3,9,0,0.22699386503067484,0.0,0.0
3013,4,9,0,0.2331288343558282,0.0,0.0
3014,5,9,0,0.2392638036809816,0.0,0.0
3015,6,9,0,0.24539877300613497,0.0,0.0
3016,0,9,0,0.25153374233128833,0.0,0.0
3017,1,9,0,0.25766871165644173,0.0,0.0
3018,2,9,0,0.26380368098159507,0.0,0.0
3019,3,9,0,0.26993865030674846,0.0,0.0
3020,4,9,0,0.27607361963190186,0.0,0.0
3021,5,9,0,0.2822085889570552,0.0,0.0
3022,6,9,0,0.2883435582822086,0.0,0.0
3023,0,9,0,0.294478527607362,0.0,0.0
3024,1,9,0,0.3006134969325153,0.0,0.0
3025,2,9,0,0.3067484662576687,0.0,0.0
3026,3,9,0,0.3128834355828221,0.0,0.0
3027,4,9,0,0.31901840490797545,0.0,0.0
3028,5,9,0,0.32515337423312884,0.0,0.0
3029,6,9,0,0.3312883435582822,0.0,0.0
3030,0,10,0,0.3374233128834356,0.0,0.0
3031,1,10,0,0.34355828220858897,0.0,0.0
3032,2,10,0,0.3496932515337423,0.0,0.0
3033,3,10,0,0.3558282208588957,0.0,0.0
3034,4,10,0,0.3619631901840491,0.0,0.0
3035,5,10,0,0.36809815950920244,0.0,0.0
3036,6,10,0,0.37423312883435583,0.0,0.0
3037,0,10,0,0.3803680981595092,0.0,0.0
3038,1,10,0,0.38650306748466257,0.0,0.0
3039,2,10,0,0.39263803680981596,0.0,0.0
3040,3,10,0,0.3987730061349693,0.0,0.0
3041,4,10,0,0.4049079754601227,0.0,0.0
3042,5,10,0,0.4110429447852761,0.0,0.0
3043,6,10,0,0.4171779141104294,0.0,0.0
3044,0,10,0,0.4233128834355828,0.0,0.0
3045,1,10,0,0.4294478527607362,0.0,0.0
3046,2,10,0,0.43558282208588955,0.0,0.0
3047,3,10,0,0.44171779141104295,0.0,0.0
3048,4,10,0,0.44785276073619634,0.0,0.0
3049,5,10,0,0.4539877300613497,0.0,0.0
3050,6,10,0,0.4601226993865031,0.0,0.0
3051,0,10,0,0.4662576687116564,0.0,0.0
3052,1,10,0,0.4723926380368098,0.0,0.0
3053,2,10,0,0.4785276073619632,0.0,0.0
3054,3,10,0,0.48466257668711654,0.0,0.0
3055,4,10,0,0.49079754601226994,0.0,0.0
3056,5,10,0,0.49693251533742333,0.0,0.0
3057,6,10,0,0.0,0.0,0.0
3058,0,10,0,0.006134969325153374,0.0,0.0
3059,1,10,0,0.012269938650306749,0.0,0.0
3060,2,10,0,0.018404907975460124,0.0,0.0
3061,3,11,0,0.024539877300613498,0.0,0.0
3062,4,11,0,0.03067484662576687,0.0,0.0
3063,5,11,0,0.03680981595092025,0.0,0.0
3064,6,11,0,0.04294478527607362,0.0,0.0
3065,0,11,0,0.049079754601226995,0.0,0.0
3066,1,11,0,0.05521472392638037,0.0,0.0
3067,2,11,0,0.06134969325153374,0.0,0.0
3068,3,11,0,0.06748466257668712,0.0,0.0
3069,4,11,0,0.0736196319018405,0.0,0.0
3070,5,11,0,0.07975460122699386,0.0,0.0
3071,6,11,0,0.08588957055214724,0.0,0.0
3072,0,11,0,0.09202453987730061,0.0,0.0
3073,1,11,0,0.09815950920245399,0.0,0.0
3074,2,11,0,0.10429447852760736,0.0,0.0
3075,3,11,0,0.11042944785276074,0.0,0.0
3076,4,11,0,0.1165644171779141,0.0,0.0
3077,5,11,0,0.12269938650306748,0.0,0.0
3078,6,11,0,0.12883435582822086,0.0,0.0
3079,0,11,0,0.13496932515337423,0.0,0.0
3080,1,11,0,0.1411042944785276,0.0,0.0
3081,2,11,0,0.147239263803681,0.0,0.0
3082,3,11,0,0.15337423312883436,0.0,0.0
3083,4,11,0,0.15950920245398773,0.0,0.0
3084,5,11,0,0.1656441717791411,0.0,0.0
3085,6,11,0,0.17177914110429449,0.0,0.0
3086,0,11,0,0.17791411042944785,0.0,0.0
3087,1,11,0,0.18404907975460122,0.0,0.0
3088,2,11,0,0.1901840490797546,0.0,0.0
3089,3,11,0,0.19631901840490798,0.0,0.0
3090,4,11,0,0.20245398773006135,0.0,0.0
3091,5,12,0,0.2085889570552147,0.0,0.0
3092,6,12,0,0.2147239263803681,0.0,0.0
3093,0,12,0,0.22085889570552147,0.0,0.0
3094,1,12,0,0.22699386503067484,0.0,0.0
3095,2,12,0,0.2331288343558282,0.0,0.0
3096,3,12,0,0.2392638036809816,0.0,0.0
3097,4,12,0,0.24539877300613497,0.0,0.0
3098,5,12,0,0.25153374233128833,0.0,0.0
3099,6,12,0,0.25766871165644173,0.0,0.0
3100,0,12,0,0.26380368098159507,0.0,0.0
3101,1,12,0,0.26993865030674846,0.0,0.0
3102,2,12,0,0.27607361963190186,0.0,0.0
3103,3,12,0,0.2822085889570552,0.0,0.0
3104,4,12,0,0.2883435582822086,0.0,0.0
3105,5,12,0,0.294478527607362,0.0,0.0
3106,6,12,0,0.3006134969325153,0.0,0.0
3107,0,12,0,0.3067484662576687,0.0,0.0
3108,1,12,0,0.3128834355828221,0.0,0.0
3109,2,12,0,0.31901840490797545,0.0,0.0
3110,3,12,0,0.32515337423312884,0.0,0.0
3111,4,12,0,0.3312883435582822,0.0,0.0
3112,5,12,0,0.3374233128834356,0.0,0.0
3113,6,12,0,0.34355828220858897,0.0,0.0
3114,0,12,0,0.3496932515337423,0.0,0.0
3115,1,12,1,0.3558282208588957,0.0,0.0
3116,2,12,1,0.3619631901840491,0.0,0.0
3117,3,12,0,0.36809815950920244,0.0,0.0
3118,4,12,0,0.37423312883435583,0.0,0.0
3119,5,12,0,0.0,0.0,0.0
3120,6,12,0,0.006134969325153374,0.0,0.0
3121,0,12,0,0.012269938650306749,0.0,0.0
3122,1,1,1,0.018404907975460124,0.0,0.0
3123,2,1,0,0.024539877300613498,0.0,0.0
3124,3,1,0,0.03067484662576687,0.0,0.0
3125,4,1,0,0.03680981595092025,0.0,0.0
3126,5,1,0,0.04294478527607362,0.0,0.0
3127,6,1,0,0.049079754601226995,0.0,0.0
3128,0,1,0,0.05521472392638037,0.0,0.0
3129,1,1,0,0.06134969325153374,0.0,0.0
3130,2,1,0,0.06748466257668712,0.0,0.0
3131,3,1,0,0.0736196319018405,0.0,0.0
3132,4,1,0,0.07975460122699386,0.0,0.0
3133,5,1,0,0.08588957055214724,0.0,0.0
3134,6,1,0,0.09202453987730061,0.0,0.0
3135,0,1,0,0.09815950920245399,0.0,0.0
3136,1,1,0,0.10429447852760736,0.0,0.0
3137,2,1,0,0.11042944785276074,0.0,0.0
3138,3,1,0,0.1165644171779141,0.0,0.0
3139,4,1,0,0.12269938650306748,0.0,0.0
3140,5,1,0,0.12883435582822086,0.0,0.0
3141,6,1,0,0.13496932515337423,0.0,0.0
3142,0,1,0,0.1411042944785276,0.0,0.0
3143,1,1,0,0.147239263803681,0.0,0.0
3144,2,1,0,0.15337423312883436,0.0,0.0
3145,3,1,0,0.15950920245398773,0.0,0.0
3146,4,1,0,0.1656441717791411,0.0,0.0
3147,5,1,0,0.17177914110429449,0.0,0.0
3148,6,1,0,0.17791411042944785,0.0,0.0
3149,0,1,0,0.18404907975460122,0.0,0.0
3150,1,1,0,0.1901840490797546,0.0,0.0
3151,2,1,0,0.19631901840490798,0.0,0.0
3152,3,1,0,0.20245398773006135,0.0,0.0
3153,4,2,0,0.2085889570552147,0.0,0.0
3154,5,2,0,0.2147239263803681,0.0,0.0
3155,6,2,0,0.22085889570552147,0.0,0.0
3156,0,2,0,0.22699386503067484,0.0,0.0
3157,1,2,0,0.2331288343558282,0.0,0.0
3158,2,2,0,0.2392638036809816,0.0,0.0
3159,3,2,0,0.24539877300613497,0.0,0.0
3160,4,2,0,0.25153374233128833,0.0,0.0
3161,5,2,0,0.25766871165644173,0.0,0.0
3162,6,2,0,0.26380368098159507,0.0,0.0
3163,0,2,0,0.26993865030674846,0.0,0.0
3164,1,2,0,0.27607361963190186,0.0,0.0
3165,2,2,0,0.2822085889570552,0.0,0.0
3166,3,2,0,0.2883435582822086,0.0,0.0
3167,4,2,0,0.294478527607362,0.0,0.0
3168,5,2,0,0.3006134969325153,0.0,0.0
3169,6,2,0,0.3067484662576687,0.0,0.0
3170,0,2,0,0.3128834355828221,0.0,0.0
3171,1,2,0,0.31901840490797545,0.0,0.0
3172,2,2,0,0.32515337423312884,0.0,0.0
3173,3,2,0,0.3312883435582822,0.0,0.0
3174,4,2,0,0.3374233128834356,0.0,0.0
3175,5,2,0,0.34355828220858897,0.0,0.0
3176,6,2,0,0.3496932515337423,0.0,0.0
3177,0,2,0,0.3558282208588957,0.0,0.0
3178,1,2,0,0.3619631901840491,0.0,0.0
3179,2,2,0,0.36809815950920244,0.0,0.0
3180,3,2,0,0.37423312883435583,0.0,0.0
3181,4,3,0,0.3803680981595092,0.0,0.0
3182,5,3,0,0.38650306748466257,0.0,0.0
3183,6,3,0,0.39263803680981596,0.0,0.0
3184,0,3,0,0.3987730061349693,0.0,0.0
3185,1,3,0,0.4049079754601227,0.0,0.0
3186,2,3,0,0.4110429447852761,0.0,0.0
3187,3,3,0,0.4171779141104294,0.0,0.0
3188,4,3,0,0.4233128834355828,0.0,0.0
3189,5,3,0,0.4294478527607362,0.0,0.0
3190,6,3,0,0.43558282208588955,0.0,0.0
3191,0,3,0,0.44171779141104295,0.0,0.0
3192,1,3,0,0.44785276073619634,0.0,0.0
3193,2,3,0,0.4539877300613497,0.0,0.0
3194,3,3,0,0.4601226993865031,0.0,0.0
3195,4,3,0,0.4662576687116564,0.0,0.0
3196,5,3,0,0.4723926380368098,0.0,0.0
3197,6,3,0,0.4785276073619632,0.0,0.0
3198,0,3,0,0.48466257668711654,0.0,0.0
3199,1,3,0,0.49079754601226994,0.0,0.0
3200,2,3,0,0.49693251533742333,0.0,0.0
3201,3,3,0,0.5030674846625767,0.0,0.0
3202,4,3,0,0.50920245398773,0.0,0.0
3203,5,3,0,0.5153374233128835,0.0,0.0
3204,6,3,0,0.5214723926380368,0.0,0.0
3205,0,3,0,0.5276073619631901,0.0,0.0
3206,1,3,0,0.5337423312883436,0.0,0.0
3207,2,3,0,0.5398773006134969,0.0,0.0
3208,3,3,1,0.5460122699386503,0.0,0.0
3209,4,3,1,0.5521472392638037,0.0,0.0
3210,5,3,0,0.558282208588957,0.0,0.0
3211,6,3,1,0.5644171779141104,0.0,0.0
3212,0,4,1,0.5705521472392638,0.0,0.0
3213,1,4,0,0.5766871165644172,0.0,0.0
3214,2,4,0,0.5828220858895705,0.0,0.0
3215,3,4,0,0.588957055214724,0.0,0.0
3216,4,4,0,0.5950920245398773,0.0,0.0
3217,5,4,0,0.6012269938650306,0.0,0.0
3218,6,4,0,0.6073619631901841,0.0,0.0
3219,0,4,0,0.6134969325153374,0.0,0.0
3220,1,4,0,0.6196319018404908,0.0,0.0
3221,2,4,0,0.6257668711656442,0.0,0.0
3222,3,4,0,0.6319018404907976,0.0,0.0
3223,4,4,0,0.6380368098159509,0.0,0.0
3224,5,4,0,0.0,0.0,0.0
3225,6,4,0,0.006134969325153374,0.0,0.0
3226,0,4,0,0.012269938650306749,0.0,0.0
3227,1,4,0,0.018404907975460124,0.0,0.0
3228,2,4,0,0.024539877300613498,0.0,0.0
3229,3,4,0,0.03067484662576687,0.0,0.0
3230,4,4,0,0.03680981595092025,0.0,0.0
3231,5,4,0,0.04294478527607362,0.0,0.0
3232,6,4,0,0.049079754601226995,0.0,0.0
3233,0,4,0,0.0,0.0,0.0
3234,1,4,0,0.006134969325153374,0.0,0.0
3235,2,4,0,0.012269938650306749,0.0,0.0
3236,3,4,0,0.018404907975460124,0.0,0.0
3237,4,4,0,0.024539877300613498,0.0,0.0
3238,5,4,0,0.03067484662576687,0.0,0.0
3239,6,4,0,0.03680981595092025,0.0,0.0
3240,0,4,0,0.04294478527607362,0.0,0.0
3241,1,4,0,0.049079754601226995,0.0,0.0
3242,2,5,1,0.05521472392638037,0.0,0.0
3243,3,5,0,0.06134969325153374,0.0,0.0
3244,4,5,0,0.06748466257668712,0.0,0.0
3245,5,5,0,0.0736196319018405,0.0,0.0
3246,6,5,0,0.07975460122699386,0.0,0.0
3247,0,5,0,0.08588957055214724,0.0,0.0
3248,1,5,0,0.09202453987730061,0.0,0.0
3249,2,5,0,0.09815950920245399,0.0,0.0
3250,3,5,1,0.10429447852760736,0.0,0.0
3251,4,5,0,0.11042944785276074,0.0,0.0
3252,5,5,0,0.1165644171779141,0.0,0.0
3253,6,5,0,0.12269938650306748,0.0,0.0
3254,0,5,0,0.12883435582822086,0.0,0.0
3255,1,5,0,0.13496932515337423,0.0,0.0
3256,2,5,0,0.1411042944785276,0.0,0.0
3257,3,5,0,0.147239263803681,0.0,0.0
3258,4,5,1,0.15337423312883436,0.0,0.0
3259,5,5,0,0.15950920245398773,0.0,0.0
3260,6,5,1,0.1656441717791411,0.0,0.0
3261,0,5,1,0.17177914110429449,0.0,0.0
3262,1,5,0,0.17791411042944785,0.0,0.0
3263,2,5,0,0.18404907975460122,0.0,0.0
3264,3,5,0,0.1901840490797546,0.0,0.0
3265,4,5,0,0.19631901840490798,0.0,0.0
3266,5,5,0,0.20245398773006135,0.0,0.0
3267,6,5,0,0.2085889570552147,0.0,0.0
3268,0,5,0,0.2147239263803681,0.0,0.0
3269,1,5,0,0.22085889570552147,0.0,0.0
3270,2,5,0,0.22699386503067484,0.0,0.0
3271,3,5,0,0.2331288343558282,0.0,0.0
3272,4,5,0,0.2392638036809816,0.0,0.0
3273,5,6,0,0.24539877300613497,0.0,0.0
3274,6,6,0,0.25153374233128833,0.0,0.0
3275,0,6,0,0.25766871165644173,0.0,0.0
3276,1,6,0,0.26380368098159507,0.0,0.0
3277,2,6,0,0.26993865030674846,0.0,0.0
3278,3,6,0,0.27607361963190186,0.0,0.0
3279,4,6,0,0.2822085889570552,0.0,0.0
3280,5,6,0,0.2883435582822086,0.0,0.0
3281,6,6,0,0.294478527607362,0.0,0.0
3282,0,6,0,0.3006134969325153,0.0,0.0
3283,1,6,0,0.3067484662576687,0.0,0.0
3284,2,6,0,0.3128834355828221,0.0,0.0
3285,3,6,0,0.31901840490797545,0.0,0.0
3286,4,6,0,0.32515337423312884,0.0,0.0
3287,5,6,0,0.3312883435582822,0.0,0.0
3288,6,6,0,0.3374233128834356,0.0,0.0
3289,0,6,0,0.34355828220858897,0.0,0.0
3290,1,6,0,0.3496932515337423,0.0,0.0
3291,2,6,0,0.3558282208588957,0.0,0.0
3292,3,6,0,0.3619631901840491,0.0,0.0
3293,4,6,0,0.36809815950920244,0.0,0.0
3294,5,6,0,0.37423312883435583,0.0,0.0
3295,6,6,0,0.3803680981595092,0.0,0.0
3296,0,6,0,0.38650306748466257,0.0,0.0
3297,1,6,0,0.39263803680981596,0.0,0.0
3298,2,6,0,0.3987730061349693,0.0,0.0
3299,3,6,0,0.4049079754601227,0.0,0.0
3300,4,6,0,0.4110429447852761,0.0,0.0
3301,5,6,0,0.4171779141104294,0.0,0.0
3302,6,6,0,0.4233128834355828,0.0,0.0
3303,0,7,0,0.4294478527607362,0.0,0.0
3304,1,7,0,0.43558282208588955,0.0,0.0
3305,2,7,0,0.44171779141104295,0.0,0.0
3306,3,7,0,0.44785276073619634,0.0,0.0
3307,4,7,0,0.4539877300613497,0.0,0.0
3308,5,7,0,0.4601226993865031,0.0,0.0
3309,6,7,0,0.4662576687116564,0.0,0.0
3310,0,7,0,0.4723926380368098,0.0,0.0
3311,1,7,0,0.4785276073619632,0.0,0.0
3312,2,7,0,0.48466257668711654,0.0,0.0
3313,3,7,0,0.49079754601226994,0.0,0.0
3314,4,7,0,0.49693251533742333,0.0,0.0
3315,5,7,0,0.5030674846625767,0.0,0.0
3316,6,7,0,0.50920245398773,0.0,0.0
3317,0,7,0,0.5153374233128835,0.0,0.0
3318,1,7,0,0.5214723926380368,0.0,0.0
3319,2,7,0,0.5276073619631901,0.0,0.0
3320,3,7,0,0.5337423312883436,0.0,0.0
3321,4,7,0,0.5398773006134969,0.0,0.0
3322,5,7,0,0.5460122699386503,0.0,0.0
3323,6,7,0,0.5521472392638037,0.0,0.0
3324,0,7,0,0.558282208588957,0.0,0.0
3325,1,7,0,0.5644171779141104,0.0,0.0
3326,2,7,0,0.5705521472392638,0.0,0.0
3327,3,7,0,0.5766871165644172,0.0,0.0
3328,4,7,0,0.5828220858895705,0.0,0.0
3329,5,7,0,0.588957055214724,0.0,0.0
3330,6,7,0,0.5950920245398773,0.0,0.0
3331,0,7,0,0.6012269938650306,0.0,0.0
3332,1,7,0,0.6073619631901841,0.0,0.0
3333,2,7,0,0.0,0.0,0.0
3334,3,8,0,0.006134969325153374,0.0,0.0
3335,4,8,0,0.012269938650306749,0.0,0.0
3336,5,8,0,0.0,0.0,0.0
3337,6,8,0,0.006134969325153374,0.0,0.0
3338,0,8,0,0.012269938650306749,0.0,0.0
3339,1,8,0,0.018404907975460124,0.0,0.0
3340,2,8,0,0.024539877300613498,0.0,0.0
3341,3,8,0,0.03067484662576687,0.0,0.0
3342,4,8,0,0.03680981595092025,0.0,0.0
3343,5,8,0,0.04294478527607362,0.0,0.0
3344,6,8,0,0.049079754601226995,0.0,0.0
3345,0,8,0,0.05521472392638037,0.0,0.0
3346,1,8,0,0.06134969325153374,0.0,0.0
3347,2,8,0,0.06748466257668712,0.0,0.0
3348,3,8,0,0.0736196319018405,0.0,0.0
3349,4,8,0,0.07975460122699386,0.0,0.0
3350,5,8,0,0.08588957055214724,0.0,0.0
3351,6,8,0,0.09202453987730061,0.0,0.0
3352,0,8,0,0.09815950920245399,0.0,0.0
3353,1,8,0,0.10429447852760736,0.0,0.0
3354,2,8,0,0.11042944785276074,0.0,0.0
3355,3,8,0,0.1165644171779141,0.0,0.0
3356,4,8,0,0.12269938650306748,0.0,0.0
3357,5,8,0,0.12883435582822086,0.0,0.0
3358,6,8,0,0.13496932515337423,0.0,0.0
3359,0,8,0,0.1411042944785276,0.0,0.0
3360,1,8,0,0.147239263803681,0.0,0.0
3361,2,8,0,0.15337423312883436,0.0,0.0
3362,3,8,0,0.15950920245398773,0.0,0.0
3363,4,8,0,0.1656441717791411,0.0,0.0
3364,5,8,0,0.17177914110429449,0.0,0.0
3365,6,9,0,0.17791411042944785,0.0,0.0
3366,0,9,0,0.18404907975460122,0.0,0.0
3367,1,9,0,0.0,0.0,0.0
3368,2,9,0,0.006134969325153374,0.0,0.0
3369,3,9,0,0.012269938650306749,0.0,0.0
3370,4,9,0,0.018404907975460124,0.0,0.0
3371,5,9,0,0.024539877300613498,0.0,0.0
3372,6,9,0,0.03067484662576687,0.0,0.0
3373,0,9,0,0.03680981595092025,0.0,0.0
3374,1,9,0,0.04294478527607362,0.0,0.0
3375,2,9,0,0.049079754601226995,0.0,0.0
3376,3,9,0,0.05521472392638037,0.0,0.0
3377,4,9,0,0.06134969325153374,0.0,0.0
3378,5,9,0,0.06748466257668712,0.0,0.0
3379,6,9,0,0.0736196319018405,0.0,0.0
3380,0,9,0,0.07975460122699386,0.0,0.0
3381,1,9,0,0.08588957055214724,0.0,0.0
3382,2,9,0,0.09202453987730061,0.0,0.0
3383,3,9,0,0.09815950920245399,0.0,0.0
3384,4,9,0,0.10429447852760736,0.0,0.0
3385,5,9,0,0.11042944785276074,0.0,0.0
3386,6,9,0,0.1165644171779141,0.0,0.0
3387,0,9,0,0.12269938650306748,0.0,0.0
3388,1,9,0,0.12883435582822086,0.0,0.0
3389,2,9,0,0.13496932515337423,0.0,0.0
3390,3,9,0,0.1411042944785276,0.0,0.0
3391,4,9,0,0.147239263803681,0.0,0.0
3392,5,9,0,0.15337423312883436,0.0,0.0
3393,6,9,0,0.15950920245398773,0.0,0.0
3394,0,9,0,0.1656441717791411,0.0,0.0
3395,1,10,0,0.17177914110429449,0.0,0.0
3396,2,10,0,0.17791411042944785,0.0,0.0
3397,3,10,0,0.18404907975460122,0.0,0.0
3398,4,10,0,0.1901840490797546,0.0,0.0
3399,5,10,0,0.19631901840490798,0.0,0.0
3400,6,10,0,0.0,0.0,0.0
3401,0,10,0,0.006134969325153374,0.0,0.0
3402,1,10,0,0.012269938650306749,0.0,0.0
3403,2,10,0,0.018404907975460124,0.0,0.0
3404,3,10,0,0.024539877300613498,0.0,0.0
3405,4,10,0,0.03067484662576687,0.0,0.0
3406,5,10,0,0.03680981595092025,0.0,0.0
3407,6,10,0,0.04294478527607362,0.0,0.0
3408,0,10,0,0.049079754601226995,0.0,0.0
3409,1,10,0,0.05521472392638037,0.0,0.0
3410,2,10,0,0.06134969325153374,0.0,0.0
3411,3,10,0,0.06748466257668712,0.0,0.0
3412,4,10,0,0.0736196319018405,0.0,0.0
3413,5,10,0,0.07975460122699386,0.0,0.0
3414,6,10,0,0.08588957055214724,0.0,0.0
3415,0,10,0,0.09202453987730061,0.0,0.0
3416,1,10,0,0.09815950920245399,0.0,0.0
3417,2,10,0,0.10429447852760736,0.0,0.0
3418,3,10,0,0.11042944785276074,0.0,0.0
3419,4,10,0,0.1165644171779141,0.0,0.0
3420,5,10,0,0.12269938650306748,0.0,0.0
3421,6,10,0,0.12883435582822086,0.0,0.0
3422,0,10,0,0.0,0.0,0.0
3423,1,10,0,0.006134969325153374,0.0,0.0
3424,2,10,0,0.012269938650306749,0.0,0.0
3425,3,10,0,0.018404907975460124,0.0,0.0
3426,4,11,0,0.024539877300613498,0.0,0.0
3427,5,11,0,0.03067484662576687,0.0,0.0
3428,6,11,0,0.0,0.0,0.0
3429,0,11,0,0.006134969325153374,0.0,0.0
3430,1,11,0,0.012269938650306749,0.0,0.0
3431,2,11,0,0.018404907975460124,0.0,0.0
3432,3,11,0,0.024539877300613498,0.0,0.0
3433,4,11,0,0.0,0.0,0.0
3434,5,11,0,0.006134969325153374,0.0,0.0
3435,6,11,0,0.012269938650306749,0.0,0.0
3436,0,11,0,0.018404907975460124,0.0,0.0
3437,1,11,0,0.024539877300613498,0.0,0.0
3438,2,11,0,0.03067484662576687,0.0,0.0
3439,3,11,0,0.03680981595092025,0.0,0.0
3440,4,11,0,0.04294478527607362,0.0,0.0
3441,5,11,0,0.049079754601226995,0.0,0.0
3442,6,11,0,0.05521472392638037,0.0,0.0
3443,0,11,0,0.06134969325153374,0.0,0.0
3444,1,11,0,0.06748466257668712,0.0,0.0
3445,2,11,0,0.0736196319018405,0.0,0.0
3446,3,11,0,0.07975460122699386,0.0,0.0
3447,4,11,0,0.08588957055214724,0.0,0.0
3448,5,11,0,0.09202453987730061,0.0,0.0
3449,6,11,0,0.09815950920245399,0.0,0.0
3450,0,11,0,0.10429447852760736,0.0,0.0
3451,1,11,0,0.11042944785276074,0.0,0.0
3452,2,11,0,0.1165644171779141,0.0,0.0
3453,3,11,0,0.12269938650306748,0.0,0.0
3454,4,11,0,0.12883435582822086,0.0,0.0
3455,5,11,0,0.13496932515337423,0.0,0.0
3456,6,12,0,0.1411042944785276,0.0,0.0
3457,0,12,0,0.147239263803681,0.0,0.0
3458,1,12,0,0.15337423312883436,0.0,0.0
3459,2,12,0,0.15950920245398773,0.0,0.0
3460,3,12,0,0.1656441717791411,0.0,0.0
3461,4,12,0,0.17177914110429449,0.0,0.0
3462,5,12,0,0.17791411042944785,0.0,0.0
3463,6,12,0,0.18404907975460122,0.0,0.0
3464,0,12,0,0.1901840490797546,0.0,0.0
3465,1,12,0,0.19631901840490798,0.0,0.0
3466,2,12,0,0.20245398773006135,0.0,0.0
3467,3,12,0,0.2085889570552147,0.0,0.0
3468,4,12,0,0.2147239263803681,0.0,0.0
3469,5,12,0,0.22085889570552147,0.0,0.0
3470,6,12,0,0.22699386503067484,0.0,0.0
3471,0,12,0,0.2331288343558282,0.0,0.0
3472,1,12,0,0.2392638036809816,0.0,0.0
3473,2,12,0,0.24539877300613497,0.0,0.0
3474,3,12,0,0.25153374233128833,0.0,0.0
3475,4,12,0,0.25766871165644173,0.0,0.0
3476,5,12,0,0.26380368098159507,0.0,0.0
3477,6,12,0,0.26993865030674846,0.0,0.0
3478,0,12,0,0.27607361963190186,0.0,0.0
3479,1,12,0,0.2822085889570552,0.0,0.0
3480,2,12,1,0.2883435582822086,0.0,0.0
3481,3,12,1,0.294478527607362,0.0,0.0
3482,4,12,0,0.3006134969325153,0.0,0.0
3483,5,12,0,0.3067484662576687,0.0,0.0
3484,6,12,0,0.3128834355828221,0.0,0.0
3485,0,12,0,0.31901840490797545,0.0,0.0
3486,1,12,0,0.32515337423312884,0.0,0.0
3487,2,1,1,0.3312883435582822,0.0,0.0
3488,3,1,0,0.3374233128834356,0.0,0.0
3489,4,1,0,0.34355828220858897,0.0,0.0
3490,5,1,0,0.3496932515337423,0.0,0.0
3491,6,1,0,0.3558282208588957,0.0,0.0
3492,0,1,0,0.3619631901840491,0.0,0.0
3493,1,1,0,0.36809815950920244,0.0,0.0
3494,2,1,0,0.37423312883435583,0.0,0.0
3495,3,1,0,0.3803680981595092,0.0,0.0
3496,4,1,0,0.38650306748466257,0.0,0.0
3497,5,1,0,0.39263803680981596,0.0,0.0
3498,6,1,0,0.3987730061349693,0.0,0.0
3499,0,1,0,0.4049079754601227,0.0,0.0
3500,1,1,0,0.4110429447852761,0.0,0.0
3501,2,1,0,0.4171779141104294,0.0,0.0
3502,3,1,0,0.4233128834355828,0.0,0.0
3503,4,1,0,0.4294478527607362,0.0,0.0
3504,5,1,0,0.43558282208588955,0.0,0.0
3505,6,1,0,0.44171779141104295,0.0,0.0
3506,0,1,0,0.44785276073619634,0.0,0.0
3507,1,1,0,0.4539877300613497,0.0,0.0
3508,2,1,0,0.4601226993865031,0.0,0.0
3509,3,1,0,0.4662576687116564,0.0,0.0
3510,4,1,0,0.4723926380368098,0.0,0.0
3511,5,1,0,0.4785276073619632,0.0,0.0
3512,6,1,0,0.48466257668711654,0.0,0.0
3513,0,1,0,0.49079754601226994,0.0,0.0
3514,1,1,0,0.49693251533742333,0.0,0.0
3515,2,1,0,0.5030674846625767,0.0,0.0
3516,3,1,0,0.50920245398773,0.0,0.0
3517,4,1,0,0.5153374233128835,0.0,0.0
3518,5,2,0,0.5214723926380368,0.0,0.0
3519,6,2,0,0.5276073619631901,0.0,0.0
3520,0,2,0,0.5337423312883436,0.0,0.0
3521,1,2,0,0.5398773006134969,0.0,0.0
3522,2,2,0,0.5460122699386503,0.0,0.0
3523,3,2,0,0.5521472392638037,0.0,0.0
3524,4,2,0,0.558282208588957,0.0,0.0
3525,5,2,0,0.5644171779141104,0.0,0.0
3526,6,2,0,0.5705521472392638,0.0,0.0
3527,0,2,0,0.5766871165644172,0.0,0.0
3528,1,2,0,0.5828220858895705,0.0,0.0
3529,2,2,0,0.588957055214724,0.0,0.0
3530,3,2,0,0.5950920245398773,0.0,0.0
3531,4,2,0,0.6012269938650306,0.0,0.0
3532,5,2,0,0.6073619631901841,0.0,0.0
3533,6,2,0,0.6134969325153374,0.0,0.0
3534,0,2,0,0.6196319018404908,0.0,0.0
3535,1,2,0,0.6257668711656442,0.0,0.0
3536,2,2,0,0.0,0.0,0.0
3537,3,2,0,0.006134969325153374,0.0,0.0
3538,4,2,0,0.012269938650306749,0.0,0.0
3539,5,2,0,0.018404907975460124,0.0,0.0
3540,6,2,0,0.024539877300613498,0.0,0.0
3541,0,2,0,0.03067484662576687,0.0,0.0
3542,1,2,0,0.03680981595092025,0.0,0.0
3543,2,2,0,0.04294478527607362,0.0,0.0
3544,3,2,0,0.049079754601226995,0.0,0.0
3545,4,2,0,0.05521472392638037,0.0,0.0
3546,5,3,0,0.06134969325153374,0.0,0.0
3547,6,3,0,0.06748466257668712,0.0,0.0
3548,0,3,0,0.0736196319018405,0.0,0.0
3549,1,3,0,0.07975460122699386,0.0,0.0
3550,2,3,0,0.08588957055214724,0.0,0.0
3551,3,3,0,0.09202453987730061,0.0,0.0
3552,4,3,0,0.09815950920245399,0.0,0.0
3553,5,3,0,0.10429447852760736,0.0,0.0
3554,6,3,0,0.11042944785276074,0.0,0.0
3555,0,3,0,0.1165644171779141,0.0,0.0
3556,1,3,0,0.12269938650306748,0.0,0.0
3557,2,3,0,0.12883435582822086,0.0,0.0
3558,3,3,0,0.13496932515337423,0.0,0.0
3559,4,3,0,0.1411042944785276,0.0,0.0
3560,5,3,0,0.147239263803681,0.0,0.0
3561,6,3,0,0.15337423312883436,0.0,0.0
3562,0,3,0,0.15950920245398773,0.0,0.0
3563,1,3,0,0.1656441717791411,0.0,0.0
3564,2,3,0,0.17177914110429449,0.0,0.0
3565,3,3,0,0.17791411042944785,0.0,0.0
3566,4,3,0,0.18404907975460122,0.0,0.0
3567,5,3,0,0.1901840490797546,0.0,0.0
3568,6,3,0,0.19631901840490798,0.0,0.0
3569,0,3,0,0.20245398773006135,0.0,0.0
3570,1,3,0,0.2085889570552147,0.0,0.0
3571,2,3,0,0.2147239263803681,0.0,0.0
3572,3,3,0,0.0,0.0,0.0
3573,4,3,0,0.006134969325153374,0.0,0.0
3574,5,3,0,0.012269938650306749,0.0,0.0
3575,6,3,0,0.018404907975460124,0.0,0.0
3576,0,3,0,0.024539877300613498,0.0,0.0
3577,1,4,0,0.03067484662576687,0.0,0.0
3578,2,4,0,0.03680981595092025,0.0,0.0
3579,3,4,0,0.04294478527607362,0.0,0.0
3580,4,4,0,0.049079754601226995,0.0,0.0
3581,5,4,0,0.05521472392638037,0.0,0.0
3582,6,4,0,0.06134969325153374,0.0,0.0
3583,0,4,0,0.06748466257668712,0.0,0.0
3584,1,4,0,0.0736196319018405,0.0,0.0
3585,2,4,0,0.07975460122699386,0.0,0.0
3586,3,4,0,0.08588957055214724,0.0,0.0
3587,4,4,0,0.09202453987730061,0.0,0.0
3588,5,4,0,0.09815950920245399,0.0,0.0
3589,6,4,0,0.10429447852760736,0.0,0.0
3590,0,4,0,0.11042944785276074,0.0,0.0
3591,1,4,0,0.1165644171779141,0.0,0.0
3592,2,4,0,0.12269938650306748,0.0,0.0
3593,3,4,1,0.12883435582822086,0.0,0.0
3594,4,4,1,0.13496932515337423,0.0,0.0
3595,5,4,0,0.1411042944785276,0.0,0.0
3596,6,4,1,0.147239263803681,0.0,0.0
3597,0,4,1,0.15337423312883436,0.0,0.0
3598,1,4,0,0.15950920245398773,0.0,0.0
3599,2,4,0,0.1656441717791411,0.0,0.0
3600,3,4,0,0.17177914110429449,0.0,0.0
3601,4,4,0,0.17791411042944785,0.0,0.0
3602,5,4,0,0.18404907975460122,0.0,0.0
3603,6,4,0,0.1901840490797546,0.0,0.0
3604,0,4,0,0.19631901840490798,0.0,0.0
3605,1,4,0,0.20245398773006135,0.0,0.0
3606,2,4,0,0.2085889570552147,0.0,0.0
3607,3,5,1,0.2147239263803681,0.0,0.0
3608,4,5,0,0.22085889570552147,0.0,0.0
3609,5,5,0,0.22699386503067484,0.0,0.0
3610,6,5,0,0.2331288343558282,0.0,0.0
3611,0,5,0,0.2392638036809816,0.0,0.0
3612,1,5,0,0.24539877300613497,0.0,0.0
3613,2,5,0,0.25153374233128833,0.0,0.0
3614,3,5,0,0.25766871165644173,0.0,0.0
3615,4,5,0,0.26380368098159507,0.0,0.0
3616,5,5,0,0.26993865030674846,0.0,0.0
3617,6,5,0,0.27607361963190186,0.0,0.0
3618,0,5,0,0.2822085889570552,0.0,0.0
3619,1,5,0,0.2883435582822086,0.0,0.0
3620,2,5,0,0.294478527607362,0.0,0.0
3621,3,5,0,0.3006134969325153,0.0,0.0
3622,4,5,0,0.3067484662576687,0.0,0.0
3623,5,5,1,0.3128834355828221,0.0,0.0
3624,6,5,0,0.31901840490797545,0.0,0.0
3625,0,5,0,0.32515337423312884,0.0,0.0
3626,1,5,0,0.3312883435582822,0.0,0.0
3627,2,5,0,0.3374233128834356,0.0,0.0
3628,3,5,0,0.34355828220858897,0.0,0.0
3629,4,5,0,0.3496932515337423,0.0,0.0
3630,5,5,0,0.3558282208588957,0.0,0.0
3631,6,5,0,0.3619631901840491,0.0,0.0
3632,0,5,0,0.36809815950920244,0.0,0.0
3633,1,5,0,0.37423312883435583,0.0,0.0
3634,2,5,0,0.3803680981595092,0.0,0.0
3635,3,5,1,0.38650306748466257,0.0,0.0
3636,4,5,0,0.39263803680981596,0.0,0.0
3637,5,5,0,0.3987730061349693,0.0,0.0
3638,6,6,0,0.4049079754601227,0.0,0.0
3639,0,6,0,0.4110429447852761,0.0,0.0
3640,1,6,0,0.4171779141104294,0.0,0.0
3641,2,6,0,0.4233128834355828,0.0,0.0
3642,3,6,0,0.4294478527607362,0.0,0.0
3643,4,6,0,0.43558282208588955,0.0,0.0
3644,5,6,0,0.44171779141104295,0.0,0.0
3645,6,6,1,0.44785276073619634,0.0,0.0
3646,0,6,1,0.4539877300613497,0.0,0.0
3647,1,6,0,0.4601226993865031,0.0,0.0
3648,2,6,0,0.4662576687116564,0.0,0.0
3649,3,6,0,0.4723926380368098,0.0,0.0
3650,4,6,0,0.4785276073619632,0.0,0.0
3651,5,6,0,0.48466257668711654,0.0,0.0
3652,6,6,0,0.49079754601226994,0.0,0.0
3653,0,6,0,0.49693251533742333,0.0,0.0
3654,1,6,0,0.5030674846625767,0.0,0.0
3655,2,6,0,0.50920245398773,0.0,0.0
3656,3,6,0,0.5153374233128835,0.0,0.0
3657,4,6,0,0.5214723926380368,0.0,0.0
3658,5,6,0,0.5276073619631901,0.0,0.0
3659,6,6,0,0.5337423312883436,0.0,0.0
3660,0,6,0,0.5398773006134969,0.0,0.0
3661,1,6,0,0.5460122699386503,0.0,0.0
3662,2,6,0,0.5521472392638037,0.0,0.0
3663,3,6,0,0.558282208588957,0.0,0.0
3664,4,6,0,0.5644171779141104,0.0,0.0
3665,5,6,0,0.5705521472392638,0.0,0.0
3666,6,6,0,0.5766871165644172,0.0,0.0
3667,0,6,0,0.5828220858895705,0.0,0.0
3668,1,7,0,0.588957055214724,0.0,0.0
3669,2,7,0,0.5950920245398773,0.0,0.0
3670,3,7,0,0.6012269938650306,0.0,0.0
3671,4,7,0,0.6073619631901841,0.0,0.0
3672,5,7,0,0.6134969325153374,0.0,0.0
3673,6,7,0,0.6196319018404908,0.0,0.0
3674,0,7,0,0.6257668711656442,0.0,0.0
3675,1,7,0,0.6319018404907976,0.0,0.0
3676,2,7,0,0.6380368098159509,0.0,0.0
3677,3,7,0,0.6441717791411042,0.0,0.0
3678,4,7,0,0.6503067484662577,0.0,0.0
3679,5,7,0,0.656441717791411,0.0,0.0
3680,6,7,0,0.6625766871165644,0.0,0.0
3681,0,7,0,0.6687116564417178,0.0,0.0
3682,1,7,0,0.6748466257668712,0.0,0.0
3683,2,7,0,0.6809815950920245,0.0,0.0
3684,3,7,0,0.6871165644171779,0.0,0.0
3685,4,7,0,0.6932515337423313,0.0,0.0
3686,5,7,0,0.6993865030674846,0.0,0.0
3687,6,7,0,0.7055214723926381,0.0,0.0
3688,0,7,0,0.7116564417177914,0.0,0.0
3689,1,7,0,0.7177914110429447,0.0,0.0
3690,2,7,0,0.7239263803680982,0.0,0.0
3691,3,7,0,0.7300613496932515,0.0,0.0
3692,4,7,0,0.7361963190184049,0.0,0.0
3693,5,7,0,0.7423312883435583,0.0,0.0
3694,6,7,0,0.7484662576687117,0.0,0.0
3695,0,7,0,0.754601226993865,0.0,0.0
3696,1,7,0,0.7607361963190185,0.0,0.0
3697,2,7,0,0.7668711656441718,0.0,0.0
3698,3,7,0,0.7730061349693251,0.0,0.0
3699,4,8,0,0.7791411042944786,0.0,0.0
3700,5,8,0,0.7852760736196319,0.0,0.0
3701,6,8,0,0.7914110429447853,0.0,0.0
3702,0,8,0,0.7975460122699386,0.0,0.0
3703,1,8,0,0.803680981595092,0.0,0.0
3704,2,8,0,0.8098159509202454,0.0,0.0
3705,3,8,0,0.8159509202453987,0.0,0.0
3706,4,8,0,0.8220858895705522,0.0,0.0
3707,5,8,0,0.8282208588957055,0.0,0.0
3708,6,8,0,0.8343558282208589,0.0,0.0
3709,0,8,0,0.8404907975460123,0.0,0.0
3710,1,8,0,0.8466257668711656,0.0,0.0
3711,2,8,0,0.852760736196319,0.0,0.0
3712,3,8,0,0.8588957055214724,0.0,0.0
3713,4,8,0,0.8650306748466258,0.0,0.0
3714,5,8,0,0.8711656441717791,0.0,0.0
3715,6,8,0,0.8773006134969326,0.0,0.0
3716,0,8,0,0.8834355828220859,0.0,0.0
3717,1,8,0,0.8895705521472392,0.0,0.0
3718,2,8,0,0.8957055214723927,0.0,0.0
3719,3,8,0,0.901840490797546,0.0,0.0
3720,4,8,0,0.9079754601226994,0.0,0.0
3721,5,8,0,0.9141104294478528,0.0,0.0
3722,6,8,0,0.9202453987730062,0.0,0.0
3723,0,8,0,0.9263803680981595,0.0,0.0
3724,1,8,0,0.9325153374233128,0.0,0.0
3725,2,8,0,0.9386503067484663,0.0,0.0
3726,3,8,0,0.9447852760736196,0.0,0.0
3727,4,8,0,0.950920245398773,0.0,0.0
3728,5,8,0,0.9570552147239264,0.0,0.0
3729,6,8,0,0.9631901840490797,0.0,0.0
3730,0,9,0,0.9693251533742331,0.0,0.0
3731,1,9,0,0.9754601226993865,0.0,0.0
3732,2,9,0,0.9815950920245399,0.0,0.0
3733,3,9,0,0.9877300613496932,0.0,0.0
3734,4,9,0,0.9938650306748467,0.0,0.0
3735,5,9,0,0.0,0.0,0.0
3736,6,9,0,0.006134969325153374,0.0,0.0
3737,0,9,0,0.012269938650306749,0.0,0.0
3738,1,9,0,0.018404907975460124,0.0,0.0
3739,2,9,0,0.024539877300613498,0.0,0.0
3740,3,9,0,0.0,0.0,0.0
3741,4,9,0,0.006134969325153374,0.0,0.0
3742,5,9,0,0.012269938650306749,0.0,0.0
3743,6,9,0,0.018404907975460124,0.0,0.0
3744,0,9,0,0.024539877300613498,0.0,0.0
3745,1,9,0,0.03067484662576687,0.0,0.0
3746,2,9,0,0.03680981595092025,0.0,0.0
3747,3,9,0,0.04294478527607362,0.0,0.0
3748,4,9,0,0.049079754601226995,0.0,0.0
3749,5,9,0,0.05521472392638037,0.0,0.0
3750,6,9,0,0.06134969325153374,0.0,0.0
3751,0,9,0,0.06748466257668712,0.0,0.0
3752,1,9,0,0.0736196319018405,0.0,0.0
3753,2,9,0,0.07975460122699386,0.0,0.0
3754,3,9,0,0.08588957055214724,0.0,0.0
3755,4,9,0,0.09202453987730061,0.0,0.0
3756,5,9,0,0.09815950920245399,0.0,0.0
3757,6,9,0,0.10429447852760736,0.0,0.0
3758,0,9,0,0.11042944785276074,0.0,0.0
3759,1,9,0,0.1165644171779141,0.0,0.0
3760,2,10,0,0.12269938650306748,0.0,0.0
3761,3,10,0,0.0,0.0,0.0
3762,4,10,0,0.006134969325153374,0.0,0.0
3763,5,10,0,0.012269938650306749,0.0,0.0
3764,6,10,0,0.018404907975460124,0.0,0.0
3765,0,10,0,0.024539877300613498,0.0,0.0
3766,1,10,0,0.03067484662576687,0.0,0.0
3767,2,10,0,0.03680981595092025,0.0,0.0
3768,3,10,0,0.04294478527607362,0.0,0.0
3769,4,10,0,0.049079754601226995,0.0,0.0
3770,5,10,0,0.05521472392638037,0.0,0.0
3771,6,10,0,0.06134969325153374,0.0,0.0
3772,0,10,0,0.06748466257668712,0.0,0.0
3773,1,10,0,0.0736196319018405,0.0,0.0
3774,2,10,0,0.07975460122699386,0.0,0.0
3775,3,10,0,0.08588957055214724,0.0,0.0
3776,4,10,0,0.09202453987730061,0.0,0.0
3777,5,10,0,0.09815950920245399,0.0,0.0
3778,6,10,0,0.10429447852760736,0.0,0.0
3779,0,10,0,0.11042944785276074,0.0,0.0
3780,1,10,0,0.1165644171779141,0.0,0.0
3781,2,10,0,0.12269938650306748,0.0,0.0
3782,3,10,0,0.12883435582822086,0.0,0.0
3783,4,10,0,0.13496932515337423,0.0,0.0
3784,5,10,0,0.1411042944785276,0.0,0.0
3785,6,10,0,0.147239263803681,0.0,0.0
3786,0,10,0,0.15337423312883436,0.0,0.0
3787,1,10,0,0.15950920245398773,0.0,0.0
3788,2,10,0,0.1656441717791411,0.0,0.0
3789,3,10,0,0.17177914110429449,0.0,0.0
3790,4,10,0,0.17791411042944785,0.0,0.0
3791,5,11,0,0.18404907975460122,0.0,0.0
3792,6,11,0,0.1901840490797546,0.0,0.0
3793,0,11,0,0.19631901840490798,0.0,0.0
3794,1,11,0,0.20245398773006135,0.0,0.0
3795,2,11,0,0.2085889570552147,0.0,0.0
3796,3,11,0,0.2147239263803681,0.0,0.0
3797,4,11,0,0.22085889570552147,0.0,0.0
3798,5,11,0,0.22699386503067484,0.0,0.0
3799,6,11,0,0.2331288343558282,0.0,0.0
3800,0,11,0,0.2392638036809816,0.0,0.0
3801,1,11,0,0.24539877300613497,0.0,0.0
3802,2,11,0,0.25153374233128833,0.0,0.0
3803,3,11,0,0.25766871165644173,0.0,0.0
3804,4,11,0,0.26380368098159507,0.0,0.0
3805,5,11,0,0.26993865030674846,0.0,0.0
3806,6,11,0,0.27607361963190186,0.0,0.0
3807,0,11,0,0.2822085889570552,0.0,0.0
3808,1,11,0,0.2883435582822086,0.0,0.0
3809,2,11,0,0.294478527607362,0.0,0.0
3810,3,11,0,0.3006134969325153,0.0,0.0
3811,4,11,0,0.3067484662576687,0.0,0.0
3812,5,11,0,0.3128834355828221,0.0,0.0
3813,6,11,0,0.31901840490797545,0.0,0.0
3814,0,11,0,0.32515337423312884,0.0,0.0
3815,1,11,0,0.3312883435582822,0.0,0.0
3816,2,11,0,0.3374233128834356,0.0,0.0
3817,3,11,0,0.34355828220858897,0.0,0.0
3818,4,11,0,0.3496932515337423,0.0,0.0
3819,5,11,0,0.3558282208588957,0.0,0.0
3820,6,11,0,0.3619631901840491,0.0,0.0
3821,0,12,0,0.36809815950920244,0.0,0.0
3822,1,12,0,0.37423312883435583,0.0,0.0
3823,2,12,0,0.3803680981595092,0.0,0.0
3824,3,12,0,0.38650306748466257,0.0,0.0
3825,4,12,0,0.39263803680981596,0.0,0.0
3826,5,12,0,0.3987730061349693,0.0,0.0
3827,6,12,0,0.4049079754601227,0.0,0.0
3828,0,12,0,0.4110429447852761,0.0,0.0
3829,1,12,0,0.4171779141104294,0.0,0.0
3830,2,12,0,0.4233128834355828,0.0,0.0
3831,3,12,0,0.4294478527607362,0.0,0.0
3832,4,12,0,0.43558282208588955,0.0,0.0
3833,5,12,0,0.44171779141104295,0.0,0.0
3834,6,12,0,0.44785276073619634,0.0,0.0
3835,0,12,0,0.4539877300613497,0.0,0.0
3836,1,12,0,0.4601226993865031,0.0,0.0
3837,2,12,0,0.4662576687116564,0.0,0.0
3838,3,12,0,0.4723926380368098,0.0,0.0
3839,4,12,0,0.4785276073619632,0.0,0.0
3840,5,12,0,0.48466257668711654,0.0,0.0
3841,6,12,0,0.49079754601226994,0.0,0.0
3842,0,12,0,0.49693251533742333,0.0,0.0
3843,1,12,0,0.5030674846625767,0.0,0.0
3844,2,12,0,0.50920245398773,0.0,0.0
3845,3,12,1,0.5153374233128835,0.0,0.0
3846,4,12,1,0.5214723926380368,0.0,0.0
3847,5,12,0,0.5276073619631901,0.0,0.0
3848,6,12,0,0.5337423312883436,0.0,0.0
3849,0,12,0,0.5398773006134969,0.0,0.0
3850,1,12,0,0.5460122699386503,0.0,0.0
3851,2,12,0,0.5521472392638037,0.0,0.0
3852,3,1,1,0.558282208588957,0.0,0.0
3853,4,1,0,0.5644171779141104,0.0,0.0
3854,5,1,0,0.5705521472392638,0.0,0.0
3855,6,1,0,0.5766871165644172,0.0,0.0
3856,0,1,0,0.5828220858895705,0.0,0.0
3857,1,1,0,0.588957055214724,0.0,0.0
3858,2,1,0,0.5950920245398773,0.0,0.0
3859,3,1,0,0.6012269938650306,0.0,0.0
3860,4,1,0,0.6073619631901841,0.0,0.0
3861,5,1,0,0.6134969325153374,0.0,0.0
3862,6,1,0,0.6196319018404908,0.0,0.0
3863,0,1,0,0.6257668711656442,0.0,0.0
3864,1,1,0,0.6319018404907976,0.0,0.0
3865,2,1,0,0.6380368098159509,0.0,0.0
3866,3,1,0,0.6441717791411042,0.0,0.0
3867,4,1,0,0.6503067484662577,0.0,0.0
3868,5,1,0,0.656441717791411,0.0,0.0
3869,6,1,0,0.6625766871165644,0.0,0.0
3870,0,1,0,0.6687116564417178,0.0,0.0
3871,1,1,0,0.0,0.0,0.0
3872,2,1,0,0.006134969325153374,0.0,0.0
3873,3,1,0,0.012269938650306749,0.0,0.0
3874,4,1,0,0.018404907975460124,0.0,0.0
3875,5,1,0,0.024539877300613498,0.0,0.0
3876,6,1,0,0.03067484662576687,0.0,0.0
3877,0,1,0,0.03680981595092025,0.0,0.0
3878,1,1,0,0.04294478527607362,0.0,0.0
3879,2,1,0,0.049079754601226995,0.0,0.0
3880,3,1,0,0.05521472392638037,0.0,0.0
3881,4,1,0,0.0,0.0,0.0
3882,5,1,0,0.006134969325153374,0.0,0.0
3883,6,2,0,0.012269938650306749,0.0,0.0
3884,0,2,0,0.018404907975460124,0.0,0.0
3885,1,2,0,0.024539877300613498,0.0,0.0
3886,2,2,0,0.03067484662576687,0.0,0.0
3887,3,2,0,0.03680981595092025,0.0,0.0
3888,4,2,0,0.04294478527607362,0.0,0.0
3889,5,2,0,0.049079754601226995,0.0,0.0
3890,6,2,0,0.05521472392638037,0.0,0.0
3891,0,2,0,0.06134969325153374,0.0,0.0
3892,1,2,0,0.06748466257668712,0.0,0.0
3893,2,2,0,0.0736196319018405,0.0,0.0
3894,3,2,0,0.07975460122699386,0.0,0.0
3895,4,2,0,0.08588957055214724,0.0,0.0
3896,5,2,0,0.09202453987730061,0.0,0.0
3897,6,2,0,0.09815950920245399,0.0,0.0
3898,0,2,0,0.10429447852760736,0.0,0.0
3899,1,2,0,0.11042944785276074,0.0,0.0
3900,2,2,0,0.1165644171779141,0.0,0.0
3901,3,2,0,0.12269938650306748,0.0,0.0
3902,4,2,0,0.12883435582822086,0.0,0.0
3903,5,2,0,0.13496932515337423,0.0,0.0
3904,6,2,0,0.1411042944785276,0.0,0.0
3905,0,2,0,0.147239263803681,0.0,0.0
3906,1,2,0,0.15337423312883436,0.0,0.0
3907,2,2,0,0.15950920245398773,0.0,0.0
3908,3,2,0,0.1656441717791411,0.0,0.0
3909,4,2,0,0.17177914110429449,0.0,0.0
3910,5,2,0,0.17791411042944785,0.0,0.0
3911,6,3,0,0.18404907975460122,0.0,0.0
3912,0,3,0,0.1901840490797546,0.0,0.0
3913,1,3,0,0.19631901840490798,0.0,0.0
3914,2,3,0,0.20245398773006135,0.0,0.0
3915,3,3,0,0.2085889570552147,0.0,0.0
3916,4,3,0,0.2147239263803681,0.0,0.0
3917,5,3,0,0.22085889570552147,0.0,0.0
3918,6,3,0,0.22699386503067484,0.0,0.0
3919,0,3,0,0.2331288343558282,0.0,0.0
3920,1,3,0,0.2392638036809816,0.0,0.0
3921,2,3,0,0.24539877300613497,0.0,0.0
3922,3,3,0,0.25153374233128833,0.0,0.0
3923,4,3,0,0.25766871165644173,0.0,0.0
3924,5,3,0,0.26380368098159507,0.0,0.0
3925,6,3,0,0.26993865030674846,0.0,0.0
3926,0,3,0,0.27607361963190186,0.0,0.0
3927,1,3,0,0.2822085889570552,0.0,0.0
3928,2,3,0,0.2883435582822086,0.0,0.0
3929,3,3,0,0.294478527607362,0.0,0.0
3930,4,3,0,0.3006134969325153,0.0,0.0
3931,5,3,0,0.3067484662576687,0.0,0.0
3932,6,3,0,0.3128834355828221,0.0,0.0
3933,0,3,0,0.31901840490797545,0.0,0.0
3934,1,3,0,0.32515337423312884,0.0,0.0
3935,2,3,0,0.3312883435582822,0.0,0.0
3936,3,3,0,0.3374233128834356,0.0,0.0
3937,4,3,0,0.34355828220858897,0.0,0.0
3938,5,3,0,0.3496932515337423,0.0,0.0
3939,6,3,0,0.3558282208588957,0.0,0.0
3940,0,3,0,0.3619631901840491,0.0,0.0
3941,1,3,0,0.36809815950920244,0.0,0.0
3942,2,4,0,0.37423312883435583,0.0,0.0
3943,3,4,1,0.3803680981595092,0.0,0.0
3944,4,4,1,0.38650306748466257,0.0,0.0
3945,5,4,0,0.39263803680981596,0.0,0.0
3946,6,4,1,0.3987730061349693,0.0,0.0
3947,0,4,1,0.4049079754601227,0.0,0.0
3948,1,4,0,0.4110429447852761,0.0,0.0
3949,2,4,0,0.4171779141104294,0.0,0.0
3950,3,4,0,0.4233128834355828,0.0,0.0
3951,4,4,0,0.4294478527607362,0.0,0.0
3952,5,4,0,0.43558282208588955,0.0,0.0
3953,6,4,0,0.44171779141104295,0.0,0.0
3954,0,4,0,0.44785276073619634,0.0,0.0
3955,1,4,0,0.4539877300613497,0.0,0.0
3956,2,4,0,0.4601226993865031,0.0,0.0
3957,3,4,0,0.4662576687116564,0.0,0.0
3958,4,4,0,0.4723926380368098,0.0,0.0
3959,5,4,0,0.4785276073619632,0.0,0.0
3960,6,4,0,0.48466257668711654,0.0,0.0
3961,0,4,0,0.49079754601226994,0.0,0.0
3962,1,4,0,0.49693251533742333,0.0,0.0
3963,2,4,0,0.5030674846625767,0.0,0.0
3964,3,4,0,0.50920245398773,0.0,0.0
3965,4,4,0,0.5153374233128835,0.0,0.0
3966,5,4,0,0.5214723926380368,0.0,0.0
3967,6,4,0,0.5276073619631901,0.0,0.0
3968,0,4,0,0.5337423312883436,0.0,0.0
3969,1,4,0,0.5398773006134969,0.0,0.0
3970,2,4,0,0.5460122699386503,0.0,0.0
3971,3,4,0,0.5521472392638037,0.0,0.0
3972,4,5,1,0.558282208588957,0.0,0.0
3973,5,5,0,0.5644171779141104,0.0,0.0
3974,6,5,0,0.5705521472392638,0.0,0.0
3975,0,5,0,0.5766871165644172,0.0,0.0
3976,1,5,0,0.5828220858895705,0.0,0.0
3977,2,5,0,0.588957055214724,0.0,0.0
3978,3,5,0,0.5950920245398773,0.0,0.0
3979,4,5,0,0.0,0.0,0.0
3980,5,5,0,0.006134969325153374,0.0,0.0
3981,6,5,0,0.012269938650306749,0.0,0.0
3982,0,5,0,0.018404907975460124,0.0,0.0
3983,1,5,0,0.024539877300613498,0.0,0.0
3984,2,5,0,0.03067484662576687,0.0,0.0
3985,3,5,1,0.03680981595092025,0.0,0.0
3986,4,5,0,0.04294478527607362,0.0,0.0
3987,5,5,0,0.049079754601226995,0.0,0.0
3988,6,5,1,0.05521472392638037,0.0,0.0
3989,0,5,0,0.06134969325153374,0.0,0.0
3990,1,5,0,0.06748466257668712,0.0,0.0
3991,2,5,0,0.0736196319018405,0.0,0.0
3992,3,5,0,0.07975460122699386,0.0,0.0
3993,4,5,0,0.08588957055214724,0.0,0.0
3994,5,5,0,0.09202453987730061,0.0,0.0
3995,6,5,1,0.09815950920245399,0.0,0.0
3996,0,5,1,0.10429447852760736,0.0,0.0
3997,1,5,0,0.11042944785276074,0.0,0.0
3998,2,5,0,0.1165644171779141,0.0,0.0
3999,3,5,0,0.12269938650306748,0.0,0.0
4000,4,5,0,0.12883435582822086,0.0,0.0
4001,5,5,0,0.13496932515337423,0.0,0.0
4002,6,5,0,0.1411042944785276,0.0,0.0
4003,0,6,0,0.147239263803681,0.0,0.0
4004,1,6,0,0.15337423312883436,0.0,0.0
4005,2,6,0,0.15950920245398773,0.0,0.0
4006,3,6,0,0.1656441717791411,0.0,0.0
4007,4,6,0,0.17177914110429449,0.0,0.0
4008,5,6,0,0.17791411042944785,0.0,0.0
4009,6,6,0,0.18404907975460122,0.0,0.0
4010,0,6,0,0.1901840490797546,0.0,0.0
4011,1,6,0,0.19631901840490798,0.0,0.0
4012,2,6,0,0.20245398773006135,0.0,0.0
4013,3,6,0,0.2085889570552147,0.0,0.0
4014,4,6,0,0.2147239263803681,0.0,0.0
4015,5,6,0,0.22085889570552147,0.0,0.0
4016,6,6,0,0.22699386503067484,0.0,0.0
4017,0,6,0,0.2331288343558282,0.0,0.0
4018,1,6,0,0.2392638036809816,0.0,0.0
4019,2,6,0,0.24539877300613497,0.0,0.0
4020,3,6,0,0.25153374233128833,0.0,0.0
4021,4,6,0,0.25766871165644173,0.0,0.0
4022,5,6,0,0.26380368098159507,0.0,0.0
4023,6,6,0,0.26993865030674846,0.0,0.0
4024,0,6,0,0.27607361963190186,0.0,0.0
4025,1,6,0,0.2822085889570552,0.0,0.0
4026,2,6,0,0.2883435582822086,0.0,0.0
4027,3,6,0,0.294478527607362,0.0,0.0
4028,4,6,0,0.3006134969325153,0.0,0.0
4029,5,6,0,0.3067484662576687,0.0,0.0
4030,6,6,0,0.3128834355828221,0.0,0.0
4031,0,6,0,0.31901840490797545,0.0,0.0
4032,1,6,0,0.32515337423312884,0.0,0.0
4033,2,7,0,0.3312883435582822,0.0,0.0
4034,3,7,0,0.3374233128834356,0.0,0.0
4035,4,7,0,0.34355828220858897,0.0,0.0
4036,5,7,0,0.3496932515337423,0.0,0.0
4037,6,7,0,0.3558282208588957,0.0,0.0
4038,0,7,0,0.3619631901840491,0.0,0.0
4039,1,7,0,0.36809815950920244,0.0,0.0
4040,2,7,0,0.37423312883435583,0.0,0.0
4041,3,7,0,0.3803680981595092,0.0,0.0
4042,4,7,0,0.38650306748466257,0.0,0.0
4043,5,7,0,0.39263803680981596,0.0,0.0
4044,6,7,0,0.3987730061349693,0.0,0.0
4045,0,7,0,0.4049079754601227,0.0,0.0
4046,1,7,0,0.4110429447852761,0.0,0.0
4047,2,7,0,0.4171779141104294,0.0,0.0
4048,3,7,0,0.4233128834355828,0.0,0.0
4049,4,7,0,0.4294478527607362,0.0,0.0
4050,5,7,0,0.43558282208588955,0.0,0.0
4051,6,7,0,0.44171779141104295,0.0,0.0
4052,0,7,0,0.44785276073619634,0.0,0.0
4053,1,7,0,0.0,0.0,0.0
4054,2,7,0,0.006134969325153374,0.0,0.0
4055,3,7,0,0.012269938650306749,0.0,0.0
4056,4,7,0,0.018404907975460124,0.0,0.0
4057,5,7,0,0.024539877300613498,0.0,0.0
4058,6,7,0,0.03067484662576687,0.0,0.0
4059,0,7,0,0.03680981595092025,0.0,0.0
4060,1,7,0,0.04294478527607362,0.0,0.0
4061,2,7,0,0.049079754601226995,0.0,0.0
4062,3,7,0,0.05521472392638037,0.0,0.0
4063,4,7,0,0.06134969325153374,0.0,0.0
4064,5,8,0,0.06748466257668712,0.0,0.0
4065,6,8,0,0.0736196319018405,0.0,0.0
4066,0,8,0,0.07975460122699386,0.0,0.0
4067,1,8,0,0.08588957055214724,0.0,0.0
4068,2,8,0,0.09202453987730061,0.0,0.0
4069,3,8,0,0.09815950920245399,0.0,0.0
4070,4,8,0,0.0,0.0,0.0
4071,5,8,0,0.006134969325153374,0.0,0.0
4072,6,8,0,0.012269938650306749,0.0,0.0
4073,0,8,0,0.018404907975460124,0.0,0.0
4074,1,8,0,0.024539877300613498,0.0,0.0
4075,2,8,0,0.03067484662576687,0.0,0.0
4076,3,8,0,0.03680981595092025,0.0,0.0
4077,4,8,0,0.04294478527607362,0.0,0.0
4078,5,8,0,0.049079754601226995,0.0,0.0
4079,6,8,0,0.05521472392638037,0.0,0.0
4080,0,8,0,0.06134969325153374,0.0,0.0
4081,1,8,0,0.06748466257668712,0.0,0.0
4082,2,8,0,0.0736196319018405,0.0,0.0
4083,3,8,0,0.07975460122699386,0.0,0.0
4084,4,8,0,0.08588957055214724,0.0,0.0
4085,5,8,0,0.09202453987730061,0.0,0.0
4086,6,8,0,0.09815950920245399,0.0,0.0
4087,0,8,0,0.10429447852760736,0.0,0.0
4088,1,8,0,0.11042944785276074,0.0,0.0
4089,2,8,0,0.1165644171779141,0.0,0.0
4090,3,8,0,0.12269938650306748,0.0,0.0
4091,4,8,0,0.12883435582822086,0.0,0.0
4092,5,8,0,0.13496932515337423,0.0,0.0
4093,6,8,0,0.1411042944785276,0.0,0.0
4094,0,8,0,0.147239263803681,0.0,0.0
4095,1,9,0,0.15337423312883436,0.0,0.0
4096,2,9,0,0.15950920245398773,0.0,0.0
4097,3,9,0,0.1656441717791411,0.0,0.0
4098,4,9,0,0.17177914110429449,0.0,0.0
4099,5,9,0,0.17791411042944785,0.0,0.0
4100,6,9,0,0.18404907975460122,0.0,0.0
4101,0,9,0,0.1901840490797546,0.0,0.0
4102,1,9,0,0.19631901840490798,0.0,0.0
4103,2,9,0,0.20245398773006135,0.0,0.0
4104,3,9,0,0.2085889570552147,0.0,0.0
4105,4,9,0,0.2147239263803681,0.0,0.0
4106,5,9,0,0.22085889570552147,0.0,0.0
4107,6,9,0,0.22699386503067484,0.0,0.0
4108,0,9,0,0.2331288343558282,0.0,0.0
4109,1,9,0,0.2392638036809816,0.0,0.0
4110,2,9,0,0.24539877300613497,0.0,0.0
4111,3,9,0,0.25153374233128833,0.0,0.0
4112,4,9,0,0.25766871165644173,0.0,0.0
4113,5,9,0,0.26380368098159507,0.0,0.0
4114,6,9,0,0.26993865030674846,0.0,0.0
4115,0,9,0,0.27607361963190186,0.0,0.0
4116,1,9,0,0.2822085889570552,0.0,0.0
4117,2,9,0,0.2883435582822086,0.0,0.0
4118,3,9,0,0.294478527607362,0.0,0.0
4119,4,9,0,0.3006134969325153,0.0,0.0
4120,5,9,0,0.3067484662576687,0.0,0.0
4121,6,9,0,0.3128834355828221,0.0,0.0
4122,0,9,0,0.31901840490797545,0.0,0.0
4123,1,9,0,0.0,0.0,0.0
4124,2,9,0,0.006134969325153374,0.0,0.0
4125,3,10,0,0.012269938650306749,0.0,0.0
4126,4,10,0,0.018404907975460124,0.0,0.0
4127,5,10,0,0.024539877300613498,0.0,0.0
4128,6,10,0,0.03067484662576687,0.0,0.0
4129,0,10,0,0.03680981595092025,0.0,0.0
4130,1,10,0,0.04294478527607362,0.0,0.0
4131,2,10,0,0.049079754601226995,0.0,0.0
4132,3,10,0,0.05521472392638037,0.0,0.0
4133,4,10,0,0.06134969325153374,0.0,0.0
4134,5,10,0,0.06748466257668712,0.0,0.0
4135,6,10,0,0.0736196319018405,0.0,0.0
4136,0,10,0,0.07975460122699386,0.0,0.0
4137,1,10,0,0.08588957055214724,0.0,0.0
4138,2,10,0,0.09202453987730061,0.0,0.0
4139,3,10,0,0.09815950920245399,0.0,0.0
4140,4,10,0,0.10429447852760736,0.0,0.0
4141,5,10,0,0.11042944785276074,0.0,0.0
4142,6,10,0,0.1165644171779141,0.0,0.0
4143,0,10,0,0.12269938650306748,0.0,0.0
4144,1,10,0,0.12883435582822086,0.0,0.0
4145,2,10,0,0.13496932515337423,0.0,0.0
4146,3,10,0,0.1411042944785276,0.0,0.0
4147,4,10,0,0.147239263803681,0.0,0.0
4148,5,10,0,0.15337423312883436,0.0,0.0
4149,6,10,0,0.15950920245398773,0.0,0.0
4150,0,10,0,0.1656441717791411,0.0,0.0
4151,1,10,0,0.17177914110429449,0.0,0.0
4152,2,10,0,0.17791411042944785,0.0,0.0
4153,3,10,0,0.18404907975460122,0.0,0.0
4154,4,10,0,0.1901840490797546,0.0,0.0
4155,5,10,0,0.19631901840490798,0.0,0.0
4156,6,11,0,0.20245398773006135,0.0,0.0
4157,0,11,0,0.2085889570552147,0.0,0.0
4158,1,11,0,0.2147239263803681,0.0,0.0
4159,2,11,0,0.22085889570552147,0.0,0.0
4160,3,11,0,0.22699386503067484,0.0,0.0
4161,4,11,0,0.2331288343558282,0.0,0.0
4162,5,11,0,0.2392638036809816,0.0,0.0
4163,6,11,0,0.24539877300613497,0.0,0.0
4164,0,11,0,0.25153374233128833,0.0,0.0
4165,1,11,0,0.25766871165644173,0.0,0.0
4166,2,11,0,0.26380368098159507,0.0,0.0
4167,3,11,0,0.26993865030674846,0.0,0.0
4168,4,11,0,0.27607361963190186,0.0,0.0
4169,5,11,0,0.2822085889570552,0.0,0.0
4170,6,11,0,0.2883435582822086,0.0,0.0
4171,0,11,0,0.294478527607362,0.0,0.0
4172,1,11,0,0.3006134969325153,0.0,0.0
4173,2,11,0,0.3067484662576687,0.0,0.0
4174,3,11,0,0.3128834355828221,0.0,0.0
4175,4,11,0,0.31901840490797545,0.0,0.0
4176,5,11,0,0.32515337423312884,0.0,0.0
4177,6,11,0,0.3312883435582822,0.0,0.0
4178,0,11,0,0.3374233128834356,0.0,0.0
4179,1,11,0,0.34355828220858897,0.0,0.0
4180,2,11,0,0.3496932515337423,0.0,0.0
4181,3,11,0,0.3558282208588957,0.0,0.0
4182,4,11,0,0.3619631901840491,0.0,0.0
4183,5,11,0,0.36809815950920244,0.0,0.0
4184,6,11,0,0.37423312883435583,0.0,0.0
4185,0,11,0,0.3803680981595092,0.0,0.0
4186,1,12,0,0.38650306748466257,0.0,0.0
4187,2,12,0,0.39263803680981596,0.0,0.0
4188,3,12,0,0.3987730061349693,0.0,0.0
4189,4,12,0,0.4049079754601227,0.0,0.0
4190,5,12,0,0.4110429447852761,0.0,0.0
4191,6,12,0,0.4171779141104294,0.0,0.0
4192,0,12,0,0.4233128834355828,0.0,0.0
4193,1,12,0,0.4294478527607362,0.0,0.0
4194,2,12,0,0.43558282208588955,0.0,0.0
4195,3,12,0,0.44171779141104295,0.0,0.0
4196,4,12,0,0.44785276073619634,0.0,0.0
4197,5,12,0,0.4539877300613497,0.0,0.0
4198,6,12,0,0.4601226993865031,0.0,0.0
4199,0,12,0,0.4662576687116564,0.0,0.0
4200,1,12,0,0.4723926380368098,0.0,0.0
4201,2,12,0,0.4785276073619632,0.0,0.0
4202,3,12,0,0.48466257668711654,0.0,0.0
4203,4,12,0,0.49079754601226994,0.0,0.0
4204,5,12,0,0.49693251533742333,0.0,0.0
4205,6,12,0,0.5030674846625767,0.0,0.0
4206,0,12,0,0.50920245398773,0.0,0.0
4207,1,12,0,0.5153374233128835,0.0,0.0
4208,2,12,0,0.5214723926380368,0.0,0.0
4209,3,12,0,0.5276073619631901,0.0,0.0
4210,4,12,1,0.5337423312883436,0.0,0.0
4211,5,12,1,0.5398773006134969,0.0,0.0
4212,6,12,0,0.5460122699386503,0.0,0.0
4213,0,12,0,0.5521472392638037,0.0,0.0
4214,1,12,0,0.558282208588957,0.0,0.0
4215,2,12,0,0.5644171779141104,0.0,0.0
4216,3,12,0,0.5705521472392638,0.0,0.0
4217,4,1,1,0.5766871165644172,0.0,0.0
4218,5,1,0,0.5828220858895705,0.0,0.0
4219,6,1,0,0.588957055214724,0.0,0.0
4220,0,1,0,0.5950920245398773,0.0,0.0
4221,1,1,0,0.6012269938650306,0.0,0.0
4222,2,1,0,0.6073619631901841,0.0,0.0
4223,3,1,0,0.6134969325153374,0.0,0.0
4224,4,1,0,0.6196319018404908,0.0,0.0
4225,5,1,0,0.6257668711656442,0.0,0.0
4226,6,1,0,0.6319018404907976,0.0,0.0
4227,0,1,0,0.6380368098159509,0.0,0.0
4228,1,1,0,0.6441717791411042,0.0,0.0
4229,2,1,0,0.6503067484662577,0.0,0.0
4230,3,1,0,0.656441717791411,0.0,0.0
4231,4,1,0,0.6625766871165644,0.0,0.0
4232,5,1,0,0.6687116564417178,0.0,0.0
4233,6,1,0,0.6748466257668712,0.0,0.0
4234,0,1,0,0.6809815950920245,0.0,0.0
4235,1,1,0,0.6871165644171779,0.0,0.0
4236,2,1,0,0.6932515337423313,0.0,0.0
4237,3,1,0,0.6993865030674846,0.0,0.0
4238,4,1,0,0.7055214723926381,0.0,0.0
4239,5,1,0,0.7116564417177914,0.0,0.0
4240,6,1,0,0.7177914110429447,0.0,0.0
4241,0,1,0,0.7239263803680982,0.0,0.0
4242,1,1,0,0.7300613496932515,0.0,0.0
4243,2,1,0,0.7361963190184049,0.0,0.0
4244,3,1,0,0.7423312883435583,0.0,0.0
4245,4,1,0,0.7484662576687117,0.0,0.0
4246,5,1,0,0.754601226993865,0.0,0.0
4247,6,1,0,0.7607361963190185,0.0,0.0
4248,0,2,0,0.7668711656441718,0.0,0.0
4249,1,2,0,0.7730061349693251,0.0,0.0
4250,2,2,0,0.7791411042944786,0.0,0.0
4251,3,2,0,0.7852760736196319,0.0,0.0
4252,4,2,0,0.7914110429447853,0.0,0.0
4253,5,2,0,0.7975460122699386,0.0,0.0
4254,6,2,0,0.803680981595092,0.0,0.0
4255,0,2,0,0.8098159509202454,0.0,0.0
4256,1,2,0,0.8159509202453987,0.0,0.0
4257,2,2,0,0.8220858895705522,0.0,0.0
4258,3,2,0,0.8282208588957055,0.0,0.0
4259,4,2,0,0.8343558282208589,0.0,0.0
4260,5,2,0,0.8404907975460123,0.0,0.0
4261,6,2,0,0.8466257668711656,0.0,0.0
4262,0,2,0,0.852760736196319,0.0,0.0
4263,1,2,0,0.8588957055214724,0.0,0.0
4264,2,2,0,0.8650306748466258,0.0,0.0
4265,3,2,0,0.8711656441717791,0.0,0.0
4266,4,2,0,0.8773006134969326,0.0,0.0
4267,5,2,0,0.8834355828220859,0.0,0.0
4268,6,2,0,0.8895705521472392,0.0,0.0
4269,0,2,0,0.8957055214723927,0.0,0.0
4270,1,2,0,0.901840490797546,0.0,0.0
4271,2,2,0,0.9079754601226994,0.0,0.0
4272,3,2,0,0.9141104294478528,0.0,0.0
4273,4,2,0,0.9202453987730062,0.0,0.0
4274,5,2,0,0.9263803680981595,0.0,0.0
4275,6,2,0,0.9325153374233128,0.0,0.0
4276,0,2,0,0.9386503067484663,0.0,0.0
4277,1,3,0,0.9447852760736196,0.0,0.0
4278,2,3,0,0.950920245398773,0.0,0.0
4279,3,3,0,0.9570552147239264,0.0,0.0
4280,4,3,0,0.9631901840490797,0.0,0.0
4281,5,3,0,0.9693251533742331,0.0,0.0
4282,6,3,0,0.9754601226993865,0.0,0.0
4283,0,3,0,0.9815950920245399,0.0,0.0
4284,1,3,0,0.9877300613496932,0.0,0.0
4285,2,3,0,0.9938650306748467,0.0,0.0
4286,3,3,0,1.0,0.0,0.0
4287,4,3,0,1.0061349693251533,0.0,0.0
4288,5,3,0,1.0122699386503067,0.0,0.0
4289,6,3,0,1.01840490797546,0.0,0.0
4290,0,3,0,1.0245398773006136,0.0,0.0
4291,1,3,0,1.030674846625767,0.0,0.0
4292,2,3,0,1.0368098159509203,0.0,0.0
4293,3,3,0,1.0429447852760736,0.0,0.0
4294,4,3,0,1.049079754601227,0.0,0.0
4295,5,3,0,1.0552147239263803,0.0,0.0
4296,6,3,0,1.0613496932515338,0.0,0.0
4297,0,3,0,1.0674846625766872,0.0,0.0
4298,1,3,0,1.0736196319018405,0.0,0.0
4299,2,3,0,1.0797546012269938,0.0,0.0
4300,3,3,1,1.0858895705521472,0.0,0.0
4301,4,3,1,1.0920245398773005,0.0,0.0
4302,5,3,0,1.098159509202454,0.0,0.0
4303,6,3,1,1.1042944785276074,0.0,0.0
4304,0,3,1,1.1104294478527608,0.0,0.0
4305,1,3,0,1.116564417177914,0.0,0.0
4306,2,3,0,1.1226993865030674,0.0,0.0
4307,3,3,0,1.1288343558282208,0.0,0.0
4308,4,4,0,1.1349693251533743,0.0,0.0
4309,5,4,0,1.1411042944785277,0.0,0.0
4310,6,4,0,1.147239263803681,0.0,0.0
4311,0,4,0,1.1533742331288344,0.0,0.0
4312,1,4,0,1.1595092024539877,0.0,0.0
4313,2,4,0,1.165644171779141,0.0,0.0
4314,3,4,0,1.1717791411042944,0.0,0.0
4315,4,4,0,1.177914110429448,0.0,0.0
4316,5,4,0,1.1840490797546013,0.0,0.0
4317,6,4,0,1.1901840490797546,0.0,0.0
4318,0,4,0,1.196319018404908,0.0,0.0
4319,1,4,0,1.2024539877300613,0.0,0.0
4320,2,4,0,1.2085889570552146,0.0,0.0
4321,3,4,0,1.2147239263803682,0.0,0.0
4322,4,4,0,1.2208588957055215,0.0,0.0
4323,5,4,0,1.2269938650306749,0.0,0.0
4324,6,4,0,1.2331288343558282,0.0,0.0
4325,0,4,0,1.2392638036809815,0.0,0.0
4326,1,4,0,1.2453987730061349,0.0,0.0
4327,2,4,0,1.2515337423312884,0.0,0.0
4328,3,4,0,1.2576687116564418,0.0,0.0
4329,4,4,0,1.2638036809815951,0.0,0.0
4330,5,4,0,1.2699386503067485,0.0,0.0
4331,6,4,0,1.2760736196319018,0.0,0.0
4332,0,4,0,1.2822085889570551,0.0,0.0
4333,1,4,0,1.2883435582822085,0.0,0.0
4334,2,4,0,1.294478527607362,0.0,0.0
4335,3,4,0,1.3006134969325154,0.0,0.0
4336,4,4,0,1.3067484662576687,0.0,0.0
4337,5,4,0,1.312883435582822,0.0,0.0
4338,6,5,1,1.3190184049079754,0.0,0.0
4339,0,5,0,1.3251533742331287,0.0,0.0
4340,1,5,0,1.3312883435582823,0.0,0.0
4341,2,5,0,1.3374233128834356,0.0,0.0
4342,3,5,1,1.343558282208589,0.0,0.0
4343,4,5,0,1.3496932515337423,0.0,0.0
4344,5,5,0,1.3558282208588956,0.0,0.0
4345,6,5,0,1.361963190184049,0.0,0.0
4346,0,5,0,1.3680981595092025,0.0,0.0
4347,1,5,0,1.3742331288343559,0.0,0.0
4348,2,5,0,1.3803680981595092,0.0,0.0
4349,3,5,0,1.3865030674846626,0.0,0.0
4350,4,5,0,1.392638036809816,0.0,0.0
4351,5,5,0,1.3987730061349692,0.0,0.0
4352,6,5,1,1.4049079754601228,0.0,0.0
4353,0,5,1,1.4110429447852761,0.0,0.0
4354,1,5,1,1.4171779141104295,0.0,0.0
4355,2,5,0,1.4233128834355828,0.0,0.0
4356,3,5,0,1.4294478527607362,0.0,0.0
4357,4,5,0,0.0,0.0,0.0
4358,5,5,0,0.006134969325153374,0.0,0.0
4359,6,5,0,0.012269938650306749,0.0,0.0
4360,0,5,0,0.018404907975460124,0.0,0.0
4361,1,5,0,0.024539877300613498,0.0,0.0
4362,2,5,0,0.03067484662576687,0.0,0.0
4363,3,5,0,0.03680981595092025,0.0,0.0
4364,4,5,0,0.04294478527607362,0.0,0.0
4365,5,5,0,0.049079754601226995,0.0,0.0
4366,6,5,0,0.05521472392638037,0.0,0.0
4367,0,5,0,0.06134969325153374,0.0,0.0
4368,1,5,0,0.06748466257668712,0.0,0.0
4369,2,6,0,0.0736196319018405,0.0,0.0
4370,3,6,0,0.07975460122699386,0.0,0.0
4371,4,6,0,0.08588957055214724,0.0,0.0
4372,5,6,0,0.09202453987730061,0.0,0.0
4373,6,6,0,0.09815950920245399,0.0,0.0
4374,0,6,0,0.10429447852760736,0.0,0.0
4375,1,6,0,0.11042944785276074,0.0,0.0
4376,2,6,0,0.1165644171779141,0.0,0.0
4377,3,6,0,0.12269938650306748,0.0,0.0
4378,4,6,0,0.12883435582822086,0.0,0.0
4379,5,6,0,0.13496932515337423,0.0,0.0
4380,6,6,0,0.1411042944785276,0.0,0.0
4381,0,6,0,0.147239263803681,0.0,0.0
4382,1,6,0,0.15337423312883436,0.0,0.0
4383,2,6,0,0.15950920245398773,0.0,0.0
4384,3,6,0,0.1656441717791411,0.0,0.0
4385,4,6,0,0.17177914110429449,0.0,0.0
4386,5,6,0,0.17791411042944785,0.0,0.0
4387,6,6,0,0.18404907975460122,0.0,0.0
4388,0,6,0,0.1901840490797546,0.0,0.0
4389,1,6,0,0.19631901840490798,0.0,0.0
4390,2,6,0,0.20245398773006135,0.0,0.0
4391,3,6,0,0.2085889570552147,0.0,0.0
4392,4,6,0,0.2147239263803681,0.0,0.0
4393,5,6,0,0.22085889570552147,0.0,0.0
4394,6,6,0,0.22699386503067484,0.0,0.0
4395,0,6,0,0.2331288343558282,0.0,0.0
4396,1,6,0,0.2392638036809816,0.0,0.0
4397,2,6,0,0.24539877300613497,0.0,0.0
4398,3,6,0,0.25153374233128833,0.0,0.0
4399,4,7,0,0.25766871165644173,0.0,0.0
4400,5,7,0,0.26380368098159507,0.0,0.0
4401,6,7,0,0.26993865030674846,0.0,0.0
4402,0,7,0,0.27607361963190186,0.0,0.0
4403,1,7,0,0.2822085889570552,0.0,0.0
4404,2,7,0,0.2883435582822086,0.0,0.0
4405,3,7,0,0.294478527607362,0.0,0.0
4406,4,7,0,0.3006134969325153,0.0,0.0
4407,5,7,0,0.3067484662576687,0.0,0.0
4408,6,7,0,0.3128834355828221,0.0,0.0
4409,0,7,0,0.31901840490797545,0.0,0.0
4410,1,7,0,0.32515337423312884,0.0,0.0
4411,2,7,0,0.3312883435582822,0.0,0.0
4412,3,7,0,0.3374233128834356,0.0,0.0
4413,4,7,0,0.34355828220858897,0.0,0.0
4414,5,7,0,0.3496932515337423,0.0,0.0
4415,6,7,0,0.3558282208588957,0.0,0.0
4416,0,7,0,0.3619631901840491,0.0,0.0
4417,1,7,0,0.36809815950920244,0.0,0.0
4418,2,7,0,0.37423312883435583,0.0,0.0
4419,3,7,0,0.3803680981595092,0.0,0.0
4420,4,7,0,0.38650306748466257,0.0,0.0
4421,5,7,0,0.39263803680981596,0.0,0.0
4422,6,7,0,0.3987730061349693,0.0,0.0
4423,0,7,0,0.4049079754601227,0.0,0.0
4424,1,7,0,0.4110429447852761,0.0,0.0
4425,2,7,0,0.4171779141104294,0.0,0.0
4426,3,7,0,0.4233128834355828,0.0,0.0
4427,4,7,0,0.4294478527607362,0.0,0.0
4428,5,7,0,0.43558282208588955,0.0,0.0
4429,6,7,0,0.44171779141104295,0.0,0.0
4430,0,8,0,0.44785276073619634,0.0,0.0
4431,1,8,0,0.4539877300613497,0.0,0.0
4432,2,8,0,0.4601226993865031,0.0,0.0
4433,3,8,0,0.4662576687116564,0.0,0.0
4434,4,8,0,0.4723926380368098,0.0,0.0
4435,5,8,0,0.4785276073619632,0.0,0.0
4436,6,8,0,0.48466257668711654,0.0,0.0
4437,0,8,0,0.49079754601226994,0.0,0.0
4438,1,8,0,0.49693251533742333,0.0,0.0
4439,2,8,0,0.5030674846625767,0.0,0.0
4440,3,8,0,0.50920245398773,0.0,0.0
4441,4,8,0,0.5153374233128835,0.0,0.0
4442,5,8,0,0.5214723926380368,0.0,0.0
4443,6,8,0,0.5276073619631901,0.0,0.0
4444,0,8,0,0.5337423312883436,0.0,0.0
4445,1,8,0,0.5398773006134969,0.0,0.0
4446,2,8,0,0.5460122699386503,0.0,0.0
4447,3,8,0,0.5521472392638037,0.0,0.0
4448,4,8,0,0.558282208588957,0.0,0.0
4449,5,8,0,0.5644171779141104,0.0,0.0
4450,6,8,0,0.5705521472392638,0.0,0.0
4451,0,8,0,0.5766871165644172,0.0,0.0
4452,1,8,0,0.5828220858895705,0.0,0.0
4453,2,8,0,0.588957055214724,0.0,0.0
4454,3,8,0,0.5950920245398773,0.0,0.0
4455,4,8,0,0.6012269938650306,0.0,0.0
4456,5,8,0,0.6073619631901841,0.0,0.0
4457,6,8,0,0.6134969325153374,0.0,0.0
4458,0,8,0,0.6196319018404908,0.0,0.0
4459,1,8,0,0.6257668711656442,0.0,0.0
4460,2,8,0,0.6319018404907976,0.0,0.0
4461,3,9,0,0.6380368098159509,0.0,0.0
4462,4,9,0,0.6441717791411042,0.0,0.0
4463,5,9,0,0.6503067484662577,0.0,0.0
4464,6,9,0,0.656441717791411,0.0,0.0
4465,0,9,0,0.6625766871165644,0.0,0.0
4466,1,9,0,0.6687116564417178,0.0,0.0
4467,2,9,0,0.6748466257668712,0.0,0.0
4468,3,9,0,0.6809815950920245,0.0,0.0
4469,4,9,0,0.6871165644171779,0.0,0.0
4470,5,9,0,0.6932515337423313,0.0,0.0
4471,6,9,0,0.6993865030674846,0.0,0.0
4472,0,9,0,0.7055214723926381,0.0,0.0
4473,1,9,0,0.7116564417177914,0.0,0.0
4474,2,9,0,0.7177914110429447,0.0,0.0
4475,3,9,0,0.7239263803680982,0.0,0.0
4476,4,9,0,0.7300613496932515,0.0,0.0
4477,5,9,0,0.7361963190184049,0.0,0.0
4478,6,9,0,0.7423312883435583,0.0,0.0
4479,0,9,0,0.7484662576687117,0.0,0.0
4480,1,9,0,0.754601226993865,0.0,0.0
4481,2,9,0,0.7607361963190185,0.0,0.0
4482,3,9,0,0.7668711656441718,0.0,0.0
4483,4,9,0,0.7730061349693251,0.0,0.0
4484,5,9,0,0.7791411042944786,0.0,0.0
4485,6,9,0,0.7852760736196319,0.0,0.0
4486,0,9,0,0.7914110429447853,0.0,0.0
4487,1,9,0,0.7975460122699386,0.0,0.0
4488,2,9,0,0.803680981595092,0.0,0.0
4489,3,9,0,0.8098159509202454,0.0,0.0
4490,4,9,0,0.0,0.0,0.0
4491,5,10,0,0.006134969325153374,0.0,0.0
4492,6,10,0,0.012269938650306749,0.0,0.0
4493,0,10,0,0.018404907975460124,0.0,0.0
4494,1,10,0,0.024539877300613498,0.0,0.0
4495,2,10,0,0.03067484662576687,0.0,0.0
4496,3,10,0,0.03680981595092025,0.0,0.0
4497,4,10,0,0.04294478527607362,0.0,0.0
4498,5,10,0,0.049079754601226995,0.0,0.0
4499,6,10,0,0.05521472392638037,0.0,0.0
4500,0,10,0,0.06134969325153374,0.0,0.0
4501,1,10,0,0.06748466257668712,0.0,0.0
4502,2,10,0,0.0736196319018405,0.0,0.0
4503,3,10,0,0.07975460122699386,0.0,0.0
4504,4,10,0,0.08588957055214724,0.0,0.0
4505,5,10,0,0.09202453987730061,0.0,0.0
4506,6,10,0,0.09815950920245399,0.0,0.0
4507,0,10,0,0.10429447852760736,0.0,0.0
4508,1,10,0,0.11042944785276074,0.0,0.0
4509,2,10,0,0.1165644171779141,0.0,0.0
4510,3,10,0,0.12269938650306748,0.0,0.0
4511,4,10,0,0.12883435582822086,0.0,0.0
4512,5,10,0,0.13496932515337423,0.0,0.0
4513,6,10,0,0.1411042944785276,0.0,0.0
4514,0,10,0,0.147239263803681,0.0,0.0
4515,1,10,0,0.15337423312883436,0.0,0.0
4516,2,10,0,0.15950920245398773,0.0,0.0
4517,3,10,0,0.1656441717791411,0.0,0.0
4518,4,10,0,0.17177914110429449,0.0,0.0
4519,5,10,0,0.17791411042944785,0.0,0.0
4520,6,10,0,0.18404907975460122,0.0,0.0
4521,0,10,0,0.1901840490797546,0.0,0.0
4522,1,11,0,0.19631901840490798,0.0,0.0
4523,2,11,0,0.20245398773006135,0.0,0.0
4524,3,11,0,0.2085889570552147,0.0,0.0
4525,4,11,0,0.2147239263803681,0.0,0.0
4526,5,11,0,0.22085889570552147,0.0,0.0
4527,6,11,0,0.22699386503067484,0.0,0.0
4528,0,11,0,0.2331288343558282,0.0,0.0
4529,1,11,0,0.2392638036809816,0.0,0.0
4530,2,11,0,0.24539877300613497,0.0,0.0
4531,3,11,0,0.25153374233128833,0.0,0.0
4532,4,11,0,0.25766871165644173,0.0,0.0
4533,5,11,0,0.26380368098159507,0.0,0.0
4534,6,11,0,0.26993865030674846,0.0,0.0
4535,0,11,0,0.27607361963190186,0.0,0.0
4536,1,11,0,0.2822085889570552,0.0,0.0
4537,2,11,0,0.2883435582822086,0.0,0.0
4538,3,11,0,0.294478527607362,0.0,0.0
4539,4,11,0,0.3006134969325153,0.0,0.0
4540,5,11,0,0.3067484662576687,0.0,0.0
4541,6,11,0,0.3128834355828221,0.0,0.0
4542,0,11,0,0.31901840490797545,0.0,0.0
4543,1,11,0,0.32515337423312884,0.0,0.0
4544,2,11,0,0.3312883435582822,0.0,0.0
4545,3,11,0,0.3374233128834356,0.0,0.0
4546,4,11,0,0.34355828220858897,0.0,0.0
4547,5,11,0,0.3496932515337423,0.0,0.0
4548,6,11,0,0.3558282208588957,0.0,0.0
4549,0,11,0,0.3619631901840491,0.0,0.0
4550,1,11,0,0.36809815950920244,0.0,0.0
4551,2,11,0,0.37423312883435583,0.0,0.0
4552,3,12,0,0.3803680981595092,0.0,0.0
4553,4,12,0,0.38650306748466257,0.0,0.0
4554,5,12,0,0.39263803680981596,0.0,0.0
4555,6,12,0,0.3987730061349693,0.0,0.0
4556,0,12,0,0.4049079754601227,0.0,0.0
4557,1,12,0,0.4110429447852761,0.0,0.0
4558,2,12,0,0.4171779141104294,0.0,0.0
4559,3,12,0,0.4233128834355828,0.0,0.0
4560,4,12,0,0.0,0.0,0.0
4561,5,12,0,0.006134969325153374,0.0,0.0
4562,6,12,0,0.012269938650306749,0.0,0.0
4563,0,12,0,0.018404907975460124,0.0,0.0
4564,1,12,0,0.024539877300613498,0.0,0.0
4565,2,12,0,0.03067484662576687,0.0,0.0
4566,3,12,0,0.03680981595092025,0.0,0.0
4567,4,12,0,0.04294478527607362,0.0,0.0
4568,5,12,0,0.049079754601226995,0.0,0.0
4569,6,12,0,0.05521472392638037,0.0,0.0
4570,0,12,0,0.06134969325153374,0.0,0.0
4571,1,12,0,0.06748466257668712,0.0,0.0
4572,2,12,0,0.0736196319018405,0.0,0.0
4573,3,12,0,0.07975460122699386,0.0,0.0
4574,4,12,0,0.08588957055214724,0.0,0.0
4575,5,12,0,0.09202453987730061,0.0,0.0
4576,6,12,1,0.09815950920245399,0.0,0.0
4577,0,12,1,0.10429447852760736,0.0,0.0
4578,1,12,0,0.11042944785276074,0.0,0.0
4579,2,12,0,0.1165644171779141,0.0,0.0
4580,3,12,0,0.12269938650306748,0.0,0.0
4581,4,12,0,0.12883435582822086,0.0,0.0
4582,5,12,0,0.13496932515337423,0.0,0.0
4583,6,1,1,0.1411042944785276,0.0,0.0
4584,0,1,0,0.147239263803681,0.0,0.0
4585,1,1,0,0.15337423312883436,0.0,0.0
4586,2,1,0,0.15950920245398773,0.0,0.0
4587,3,1,0,0.1656441717791411,0.0,0.0
4588,4,1,0,0.17177914110429449,0.0,0.0
4589,5,1,0,0.17791411042944785,0.0,0.0
4590,6,1,0,0.18404907975460122,0.0,0.0
4591,0,1,0,0.1901840490797546,0.0,0.0
4592,1,1,0,0.19631901840490798,0.0,0.0
4593,2,1,0,0.20245398773006135,0.0,0.0
4594,3,1,0,0.2085889570552147,0.0,0.0
4595,4,1,0,0.2147239263803681,0.0,0.0
4596,5,1,0,0.22085889570552147,0.0,0.0
4597,6,1,0,0.22699386503067484,0.0,0.0
4598,0,1,0,0.2331288343558282,0.0,0.0
4599,1,1,0,0.2392638036809816,0.0,0.0
4600,2,1,0,0.24539877300613497,0.0,0.0
4601,3,1,0,0.25153374233128833,0.0,0.0
4602,4,1,0,0.25766871165644173,0.0,0.0
4603,5,1,0,0.26380368098159507,0.0,0.0
4604,6,1,0,0.26993865030674846,0.0,0.0
4605,0,1,0,0.0,0.0,0.0
4606,1,1,0,0.006134969325153374,0.0,0.0
4607,2,1,0,0.012269938650306749,0.0,0.0
4608,3,1,0,0.018404907975460124,0.0,0.0
4609,4,1,0,0.024539877300613498,0.0,0.0
4610,5,1,0,0.03067484662576687,0.0,0.0
4611,6,1,0,0.03680981595092025,0.0,0.0
4612,0,1,0,0.04294478527607362,0.0,0.0
4613,1,1,0,0.049079754601226995,0.0,0.0
4614,2,2,0,0.05521472392638037,0.0,0.0
4615,3,2,0,0.06134969325153374,0.0,0.0
4616,4,2,0,0.06748466257668712,0.0,0.0
4617,5,2,0,0.0736196319018405,0.0,0.0
4618,6,2,0,0.07975460122699386,0.0,0.0
4619,0,2,0,0.08588957055214724,0.0,0.0
4620,1,2,0,0.09202453987730061,0.0,0.0
4621,2,2,0,0.09815950920245399,0.0,0.0
4622,3,2,0,0.10429447852760736,0.0,0.0
4623,4,2,0,0.11042944785276074,0.0,0.0
4624,5,2,0,0.1165644171779141,0.0,0.0
4625,6,2,0,0.12269938650306748,0.0,0.0
4626,0,2,0,0.12883435582822086,0.0,0.0
4627,1,2,0,0.13496932515337423,0.0,0.0
4628,2,2,0,0.1411042944785276,0.0,0.0
4629,3,2,0,0.147239263803681,0.0,0.0
4630,4,2,0,0.15337423312883436,0.0,0.0
4631,5,2,0,0.15950920245398773,0.0,0.0
4632,6,2,0,0.1656441717791411,0.0,0.0
4633,0,2,0,0.17177914110429449,0.0,0.0
4634,1,2,0,0.17791411042944785,0.0,0.0
4635,2,2,0,0.18404907975460122,0.0,0.0
4636,3,2,0,0.1901840490797546,0.0,0.0
4637,4,2,0,0.19631901840490798,0.0,0.0
4638,5,2,0,0.20245398773006135,0.0,0.0
4639,6,2,0,0.2085889570552147,0.0,0.0
4640,0,2,0,0.2147239263803681,0.0,0.0
4641,1,2,0,0.22085889570552147,0.0,0.0
4642,2,3,0,0.22699386503067484,0.0,0.0
4643,3,3,0,0.2331288343558282,0.0,0.0
4644,4,3,0,0.2392638036809816,0.0,0.0
4645,5,3,0,0.24539877300613497,0.0,0.0
4646,6,3,0,0.25153374233128833,0.0,0.0
4647,0,3,0,0.25766871165644173,0.0,0.0
4648,1,3,0,0.26380368098159507,0.0,0.0
4649,2,3,0,0.26993865030674846,0.0,0.0
4650,3,3,0,0.27607361963190186,0.0,0.0
4651,4,3,0,0.2822085889570552,0.0,0.0
4652,5,3,0,0.2883435582822086,0.0,0.0
4653,6,3,0,0.294478527607362,0.0,0.0
4654,0,3,0,0.3006134969325153,0.0,0.0
4655,1,3,0,0.3067484662576687,0.0,0.0
4656,2,3,0,0.0,0.0,0.0
4657,3,3,0,0.006134969325153374,0.0,0.0
4658,4,3,0,0.012269938650306749,0.0,0.0
4659,5,3,0,0.018404907975460124,0.0,0.0
4660,6,3,0,0.024539877300613498,0.0,0.0
4661,0,3,0,0.03067484662576687,0.0,0.0
4662,1,3,0,0.03680981595092025,0.0,0.0
4663,2,3,0,0.04294478527607362,0.0,0.0
4664,3,3,0,0.049079754601226995,0.0,0.0
4665,4,3,0,0.05521472392638037,0.0,0.0
4666,5,3,0,0.06134969325153374,0.0,0.0
4667,6,3,0,0.06748466257668712,0.0,0.0
4668,0,3,0,0.0736196319018405,0.0,0.0
4669,1,3,0,0.07975460122699386,0.0,0.0
4670,2,3,0,0.08588957055214724,0.0,0.0
4671,3,3,0,0.0,0.0,0.0
4672,4,3,0,0.006134969325153374,0.0,0.0
4673,5,4,0,0.012269938650306749,0.0,0.0
4674,6,4,0,0.018404907975460124,0.0,0.0
4675,0,4,0,0.024539877300613498,0.0,0.0
4676,1,4,0,0.03067484662576687,0.0,0.0
4677,2,4,0,0.03680981595092025,0.0,0.0
4678,3,4,0,0.04294478527607362,0.0,0.0
4679,4,4,0,0.049079754601226995,0.0,0.0
4680,5,4,0,0.05521472392638037,0.0,0.0
4681,6,4,0,0.06134969325153374,0.0,0.0
4682,0,4,0,0.06748466257668712,0.0,0.0
4683,1,4,0,0.0736196319018405,0.0,0.0
4684,2,4,0,0.07975460122699386,0.0,0.0
4685,3,4,1,0.08588957055214724,0.0,0.0
4686,4,4,1,0.0,0.0,0.0
4687,5,4,0,0.006134969325153374,0.0,0.0
4688,6,4,1,0.012269938650306749,0.0,0.0
4689,0,4,1,0.018404907975460124,0.0,0.0
4690,1,4,0,0.024539877300613498,0.0,0.0
4691,2,4,0,0.03067484662576687,0.0,0.0
4692,3,4,0,0.03680981595092025,0.0,0.0
4693,4,4,0,0.04294478527607362,0.0,0.0
4694,5,4,0,0.049079754601226995,0.0,0.0
4695,6,4,0,0.05521472392638037,0.0,0.0
4696,0,4,0,0.06134969325153374,0.0,0.0
4697,1,4,0,0.06748466257668712,0.0,0.0
4698,2,4,0,0.0736196319018405,0.0,0.0
4699,3,4,0,0.07975460122699386,0.0,0.0
4700,4,4,0,0.08588957055214724,0.0,0.0
4701,5,4,0,0.09202453987730061,0.0,0.0
4702,6,4,0,0.09815950920245399,0.0,0.0
4703,0,5,1,0.10429447852760736,0.0,0.0
4704,1,5,0,0.11042944785276074,0.0,0.0
4705,2,5,0,0.1165644171779141,0.0,0.0
4706,3,5,0,0.12269938650306748,0.0,0.0
4707,4,5,0,0.12883435582822086,0.0,0.0
4708,5,5,0,0.13496932515337423,0.0,0.0
4709,6,5,0,0.1411042944785276,0.0,0.0
4710,0,5,0,0.147239263803681,0.0,0.0
4711,1,5,0,0.15337423312883436,0.0,0.0
4712,2,5,0,0.15950920245398773,0.0,0.0
4713,3,5,0,0.1656441717791411,0.0,0.0
4714,4,5,0,0.17177914110429449,0.0,0.0
4715,5,5,0,0.17791411042944785,0.0,0.0
4716,6,5,0,0.18404907975460122,0.0,0.0
4717,0,5,0,0.1901840490797546,0.0,0.0
4718,1,5,0,0.19631901840490798,0.0,0.0
4719,2,5,1,0.20245398773006135,0.0,0.0
4720,3,5,0,0.2085889570552147,0.0,0.0
4721,4,5,0,0.2147239263803681,0.0,0.0
4722,5,5,0,0.22085889570552147,0.0,0.0
4723,6,5,0,0.22699386503067484,0.0,0.0
4724,0,5,0,0.2331288343558282,0.0,0.0
4725,1,5,0,0.2392638036809816,0.0,0.0
4726,2,5,0,0.24539877300613497,0.0,0.0
4727,3,5,1,0.25153374233128833,0.0,0.0
4728,4,5,0,0.25766871165644173,0.0,0.0
4729,5,5,0,0.26380368098159507,0.0,0.0
4730,6,5,0,0.26993865030674846,0.0,0.0
4731,0,5,0,0.27607361963190186,0.0,0.0
4732,1,5,0,0.2822085889570552,0.0,0.0
4733,2,5,0,0.2883435582822086,0.0,0.0
4734,3,6,0,0.294478527607362,0.0,0.0
4735,4,6,0,0.3006134969325153,0.0,0.0
4736,5,6,0,0.3067484662576687,0.0,0.0
4737,6,6,1,0.3128834355828221,0.0,0.0
4738,0,6,1,0.31901840490797545,0.0,0.0
4739,1,6,0,0.32515337423312884,0.0,0.0
4740,2,6,0,0.3312883435582822,0.0,0.0
4741,3,6,0,0.3374233128834356,0.0,0.0
4742,4,6,0,0.34355828220858897,0.0,0.0
4743,5,6,0,0.3496932515337423,0.0,0.0
4744,6,6,0,0.3558282208588957,0.0,0.0
4745,0,6,0,0.3619631901840491,0.0,0.0
4746,1,6,0,0.36809815950920244,0.0,0.0
4747,2,6,0,0.0,0.0,0.0
4748,3,6,0,0.006134969325153374,0.0,0.0
4749,4,6,0,0.012269938650306749,0.0,0.0
4750,5,6,0,0.018404907975460124,0.0,0.0
4751,6,6,0,0.024539877300613498,0.0,0.0
4752,0,6,0,0.03067484662576687,0.0,0.0
4753,1,6,0,0.03680981595092025,0.0,0.0
4754,2,6,0,0.04294478527607362,0.0,0.0
4755,3,6,0,0.049079754601226995,0.0,0.0
4756,4,6,0,0.05521472392638037,0.0,0.0
4757,5,6,0,0.06134969325153374,0.0,0.0
4758,6,6,0,0.06748466257668712,0.0,0.0
4759,0,6,0,0.0736196319018405,0.0,0.0
4760,1,6,0,0.07975460122699386,0.0,0.0
4761,2,6,0,0.08588957055214724,0.0,0.0
4762,3,6,0,0.09202453987730061,0.0,0.0
4763,4,6,0,0.09815950920245399,0.0,0.0
4764,5,7,0,0.10429447852760736,0.0,0.0
4765,6,7,0,0.11042944785276074,0.0,0.0
4766,0,7,0,0.1165644171779141,0.0,0.0
4767,1,7,0,0.12269938650306748,0.0,0.0
4768,2,7,0,0.12883435582822086,0.0,0.0
4769,3,7,0,0.13496932515337423,0.0,0.0
4770,4,7,0,0.1411042944785276,0.0,0.0
4771,5,7,0,0.147239263803681,0.0,0.0
4772,6,7,0,0.15337423312883436,0.0,0.0
4773,0,7,0,0.15950920245398773,0.0,0.0
4774,1,7,0,0.1656441717791411,0.0,0.0
4775,2,7,0,0.17177914110429449,0.0,0.0
4776,3,7,0,0.17791411042944785,0.0,0.0
4777,4,7,0,0.18404907975460122,0.0,0.0
4778,5,7,0,0.1901840490797546,0.0,0.0
4779,6,7,0,0.19631901840490798,0.0,0.0
4780,0,7,0,0.20245398773006135,0.0,0.0
4781,1,7,0,0.2085889570552147,0.0,0.0
4782,2,7,0,0.2147239263803681,0.0,0.0
4783,3,7,0,0.22085889570552147,0.0,0.0
4784,4,7,0,0.22699386503067484,0.0,0.0
4785,5,7,0,0.2331288343558282,0.0,0.0
4786,6,7,0,0.2392638036809816,0.0,0.0
4787,0,7,0,0.24539877300613497,0.0,0.0
4788,1,7,0,0.25153374233128833,0.0,0.0
4789,2,7,0,0.25766871165644173,0.0,0.0
4790,3,7,0,0.26380368098159507,0.0,0.0
4791,4,7,0,0.26993865030674846,0.0,0.0
4792,5,7,0,0.27607361963190186,0.0,0.0
4793,6,7,0,0.2822085889570552,0.0,0.0
4794,0,7,0,0.2883435582822086,0.0,0.0
4795,1,8,0,0.294478527607362,0.0,0.0
4796,2,8,0,0.3006134969325153,0.0,0.0
4797,3,8,0,0.3067484662576687,0.0,0.0
4798,4,8,0,0.3128834355828221,0.0,0.0
4799,5,8,0,0.31901840490797545,0.0,0.0
4800,6,8,0,0.32515337423312884,0.0,0.0
4801,0,8,0,0.3312883435582822,0.0,0.0
4802,1,8,0,0.3374233128834356,0.0,0.0
4803,2,8,0,0.34355828220858897,0.0,0.0
4804,3,8,0,0.3496932515337423,0.0,0.0
4805,4,8,0,0.3558282208588957,0.0,0.0
4806,5,8,0,0.3619631901840491,0.0,0.0
4807,6,8,0,0.36809815950920244,0.0,0.0
4808,0,8,0,0.37423312883435583,0.0,0.0
4809,1,8,0,0.3803680981595092,0.0,0.0
4810,2,8,0,0.38650306748466257,0.0,0.0
4811,3,8,0,0.39263803680981596,0.0,0.0
4812,4,8,0,0.3987730061349693,0.0,0.0
4813,5,8,0,0.4049079754601227,0.0,0.0
4814,6,8,0,0.4110429447852761,0.0,0.0
4815,0,8,0,0.4171779141104294,0.0,0.0
4816,1,8,0,0.4233128834355828,0.0,0.0
4817,2,8,0,0.4294478527607362,0.0,0.0
4818,3,8,0,0.43558282208588955,0.0,0.0
4819,4,8,0,0.44171779141104295,0.0,0.0
4820,5,8,0,0.44785276073619634,0.0,0.0
4821,6,8,0,0.4539877300613497,0.0,0.0
4822,0,8,0,0.4601226993865031,0.0,0.0
4823,1,8,0,0.4662576687116564,0.0,0.0
4824,2,8,0,0.4723926380368098,0.0,0.0
4825,3,8,0,0.4785276073619632,0.0,0.0
4826,4,9,0,0.48466257668711654,0.0,0.0
4827,5,9,0,0.49079754601226994,0.0,0.0
4828,6,9,0,0.49693251533742333,0.0,0.0
4829,0,9,0,0.5030674846625767,0.0,0.0
4830,1,9,0,0.50920245398773,0.0,0.0
4831,2,9,0,0.5153374233128835,0.0,0.0
4832,3,9,0,0.5214723926380368,0.0,0.0
4833,4,9,0,0.5276073619631901,0.0,0.0
4834,5,9,0,0.5337423312883436,0.0,0.0
4835,6,9,0,0.5398773006134969,0.0,0.0
4836,0,9,0,0.5460122699386503,0.0,0.0
4837,1,9,0,0.5521472392638037,0.0,0.0
4838,2,9,0,0.558282208588957,0.0,0.0
4839,3,9,0,0.5644171779141104,0.0,0.0
4840,4,9,0,0.5705521472392638,0.0,0.0
4841,5,9,0,0.5766871165644172,0.0,0.0
4842,6,9,0,0.5828220858895705,0.0,0.0
4843,0,9,0,0.588957055214724,0.0,0.0
4844,1,9,0,0.5950920245398773,0.0,0.0
4845,2,9,0,0.6012269938650306,0.0,0.0
4846,3,9,0,0.6073619631901841,0.0,0.0
4847,4,9,0,0.6134969325153374,0.0,0.0
4848,5,9,0,0.6196319018404908,0.0,0.0
4849,6,9,0,0.6257668711656442,0.0,0.0
4850,0,9,0,0.6319018404907976,0.0,0.0
4851,1,9,0,0.6380368098159509,0.0,0.0
4852,2,9,0,0.6441717791411042,0.0,0.0
4853,3,9,0,0.6503067484662577,0.0,0.0
4854,4,9,0,0.656441717791411,0.0,0.0
4855,5,9,0,0.6625766871165644,0.0,0.0
4856,6,10,0,0.6687116564417178,0.0,0.0
4857,0,10,0,0.6748466257668712,0.0,0.0
4858,1,10,0,0.6809815950920245,0.0,0.0
4859,2,10,0,0.6871165644171779,0.0,0.0
4860,3,10,0,0.6932515337423313,0.0,0.0
4861,4,10,0,0.6993865030674846,0.0,0.0
4862,5,10,0,0.7055214723926381,0.0,0.0
4863,6,10,0,0.7116564417177914,0.0,0.0
4864,0,10,0,0.7177914110429447,0.0,0.0
4865,1,10,0,0.7239263803680982,0.0,0.0
4866,2,10,0,0.7300613496932515,0.0,0.0
4867,3,10,0,0.7361963190184049,0.0,0.0
4868,4,10,0,0.7423312883435583,0.0,0.0
4869,5,10,0,0.7484662576687117,0.0,0.0
4870,6,10,0,0.754601226993865,0.0,0.0
4871,0,10,0,0.7607361963190185,0.0,0.0
4872,1,10,0,0.7668711656441718,0.0,0.0
4873,2,10,0,0.7730061349693251,0.0,0.0
4874,3,10,0,0.7791411042944786,0.0,0.0
4875,4,10,0,0.7852760736196319,0.0,0.0
4876,5,10,0,0.7914110429447853,0.0,0.0
4877,6,10,0,0.7975460122699386,0.0,0.0
4878,0,10,0,0.803680981595092,0.0,0.0
4879,1,10,0,0.8098159509202454,0.0,0.0
4880,2,10,0,0.8159509202453987,0.0,0.0
4881,3,10,0,0.8220858895705522,0.0,0.0
4882,4,10,0,0.0,0.0,0.0
4883,5,10,0,0.006134969325153374,0.0,0.0
4884,6,10,0,0.012269938650306749,0.0,0.0
4885,0,10,0,0.018404907975460124,0.0,0.0
4886,1,10,0,0.024539877300613498,0.0,0.0
4887,2,11,0,0.03067484662576687,0.0,0.0
4888,3,11,0,0.03680981595092025,0.0,0.0
4889,4,11,0,0.04294478527607362,0.0,0.0
4890,5,11,0,0.049079754601226995,0.0,0.0
4891,6,11,0,0.05521472392638037,0.0,0.0
4892,0,11,0,0.06134969325153374,0.0,0.0
4893,1,11,0,0.06748466257668712,0.0,0.0
4894,2,11,0,0.0736196319018405,0.0,0.0
4895,3,11,0,0.07975460122699386,0.0,0.0
4896,4,11,0,0.08588957055214724,0.0,0.0
4897,5,11,0,0.09202453987730061,0.0,0.0
4898,6,11,0,0.09815950920245399,0.0,0.0
4899,0,11,0,0.10429447852760736,0.0,0.0
4900,1,11,0,0.11042944785276074,0.0,0.0
4901,2,11,0,0.1165644171779141,0.0,0.0
4902,3,11,0,0.12269938650306748,0.0,0.0
4903,4,11,0,0.12883435582822086,0.0,0.0
4904,5,11,0,0.13496932515337423,0.0,0.0
4905,6,11,0,0.1411042944785276,0.0,0.0
4906,0,11,0,0.147239263803681,0.0,0.0
4907,1,11,0,0.15337423312883436,0.0,0.0
4908,2,11,0,0.15950920245398773,0.0,0.0
4909,3,11,0,0.1656441717791411,0.0,0.0
4910,4,11,0,0.17177914110429449,0.0,0.0
4911,5,11,0,0.17791411042944785,0.0,0.0
4912,6,11,0,0.18404907975460122,0.0,0.0
4913,0,11,0,0.1901840490797546,0.0,0.0
4914,1,11,0,0.19631901840490798,0.0,0.0
4915,2,11,0,0.20245398773006135,0.0,0.0
4916,3,11,0,0.2085889570552147,0.0,0.0
4917,4,12,0,0.2147239263803681,0.0,0.0
4918,5,12,0,0.22085889570552147,0.0,0.0
4919,6,12,0,0.22699386503067484,0.0,0.0
4920,0,12,0,0.2331288343558282,0.0,0.0
4921,1,12,0,0.2392638036809816,0.0,0.0
4922,2,12,0,0.24539877300613497,0.0,0.0
4923,3,12,0,0.25153374233128833,0.0,0.0
4924,4,12,0,0.25766871165644173,0.0,0.0
4925,5,12,0,0.26380368098159507,0.0,0.0
4926,6,12,0,0.26993865030674846,0.0,0.0
4927,0,12,0,0.27607361963190186,0.0,0.0
4928,1,12,0,0.2822085889570552,0.0,0.0
4929,2,12,0,0.2883435582822086,0.0,0.0
4930,3,12,0,0.294478527607362,0.0,0.0
4931,4,12,0,0.3006134969325153,0.0,0.0
4932,5,12,0,0.3067484662576687,0.0,0.0
4933,6,12,0,0.3128834355828221,0.0,0.0
4934,0,12,0,0.31901840490797545,0.0,0.0
4935,1,12,0,0.32515337423312884,0.0,0.0
4936,2,12,0,0.3312883435582822,0.0,0.0
4937,3,12,0,0.3374233128834356,0.0,0.0
4938,4,12,0,0.34355828220858897,0.0,0.0
4939,5,12,0,0.3496932515337423,0.0,0.0
4940,6,12,0,0.3558282208588957,0.0,0.0
4941,0,12,1,0.3619631901840491,0.0,0.0
4942,1,12,1,0.36809815950920244,0.0,0.0
4943,2,12,0,0.37423312883435583,0.0,0.0
4944,3,12,0,0.3803680981595092,0.0,0.0
4945,4,12,0,0.38650306748466257,0.0,0.0
4946,5,12,0,0.39263803680981596,0.0,0.0
4947,6,12,0,0.3987730061349693,0.0,0.0
4948,0,1,1,0.4049079754601227,0.0,0.0
4949,1,1,0,0.4110429447852761,0.0,0.0
4950,2,1,0,0.4171779141104294,0.0,0.0
4951,3,1,0,0.4233128834355828,0.0,0.0
4952,4,1,0,0.4294478527607362,0.0,0.0
4953,5,1,0,0.43558282208588955,0.0,0.0
4954,6,1,0,0.44171779141104295,0.0,0.0
4955,0,1,0,0.44785276073619634,0.0,0.0
4956,1,1,0,0.4539877300613497,0.0,0.0
4957,2,1,0,0.4601226993865031,0.0,0.0
4958,3,1,0,0.4662576687116564,0.0,0.0
4959,4,1,0,0.4723926380368098,0.0,0.0
4960,5,1,0,0.4785276073619632,0.0,0.0
4961,6,1,0,0.48466257668711654,0.0,0.0
4962,0,1,0,0.49079754601226994,0.0,0.0
4963,1,1,0,0.49693251533742333,0.0,0.0
4964,2,1,0,0.5030674846625767,0.0,0.0
4965,3,1,0,0.50920245398773,0.0,0.0
4966,4,1,0,0.5153374233128835,0.0,0.0
4967,5,1,0,0.5214723926380368,0.0,0.0
4968,6,1,0,0.5276073619631901,0.0,0.0
4969,0,1,0,0.5337423312883436,0.0,0.0
4970,1,1,0,0.5398773006134969,0.0,0.0
4971,2,1,0,0.5460122699386503,0.0,0.0
4972,3,1,0,0.5521472392638037,0.0,0.0
4973,4,1,0,0.558282208588957,0.0,0.0
4974,5,1,0,0.5644171779141104,0.0,0.0
4975,6,1,0,0.5705521472392638,0.0,0.0
4976,0,1,0,0.5766871165644172,0.0,0.0
4977,1,1,0,0.5828220858895705,0.0,0.0
4978,2,1,0,0.588957055214724,0.0,0.0
4979,3,2,0,0.5950920245398773,0.0,0.0
4980,4,2,0,0.6012269938650306,0.0,0.0
4981,5,2,0,0.6073619631901841,0.0,0.0
4982,6,2,0,0.6134969325153374,0.0,0.0
4983,0,2,0,0.6196319018404908,0.0,0.0
4984,1,2,0,0.6257668711656442,0.0,0.0
4985,2,2,0,0.6319018404907976,0.0,0.0
4986,3,2,0,0.6380368098159509,0.0,0.0
4987,4,2,0,0.6441717791411042,0.0,0.0
4988,5,2,0,0.6503067484662577,0.0,0.0
4989,6,2,0,0.656441717791411,0.0,0.0
4990,0,2,0,0.6625766871165644,0.0,0.0
4991,1,2,0,0.6687116564417178,0.0,0.0
4992,2,2,0,0.6748466257668712,0.0,0.0
4993,3,2,0,0.6809815950920245,0.0,0.0
4994,4,2,0,0.6871165644171779,0.0,0.0
4995,5,2,0,0.6932515337423313,0.0,0.0
4996,6,2,0,0.6993865030674846,0.0,0.0
4997,0,2,0,0.7055214723926381,0.0,0.0
4998,1,2,0,0.7116564417177914,0.0,0.0
4999,2,2,0,0.7177914110429447,0.0,0.0
5000,3,2,0,0.7239263803680982,0.0,0.0
5001,4,2,0,0.7300613496932515,0.0,0.0
5002,5,2,0,0.7361963190184049,0.0,0.0
5003,6,2,0,0.7423312883435583,0.0,0.0
5004,0,2,0,0.7484662576687117,0.0,0.0
5005,1,2,0,0.754601226993865,0.0,0.0
5006,2,2,0,0.7607361963190185,0.0,0.0
5007,3,3,0,0.7668711656441718,0.0,0.0
5008,4,3,0,0.7730061349693251,0.0,0.0
5009,5,3,0,0.7791411042944786,0.0,0.0
5010,6,3,0,0.7852760736196319,0.0,0.0
5011,0,3,0,0.7914110429447853,0.0,0.0
5012,1,3,0,0.7975460122699386,0.0,0.0
5013,2,3,0,0.803680981595092,0.0,0.0
5014,3,3,0,0.8098159509202454,0.0,0.0
5015,4,3,0,0.0,0.0,0.0
5016,5,3,0,0.006134969325153374,0.0,0.0
5017,6,3,0,0.012269938650306749,0.0,0.0
5018,0,3,0,0.018404907975460124,0.0,0.0
5019,1,3,0,0.024539877300613498,0.0,0.0
5020,2,3,0,0.03067484662576687,0.0,0.0
5021,3,3,0,0.03680981595092025,0.0,0.0
5022,4,3,0,0.04294478527607362,0.0,0.0
5023,5,3,0,0.049079754601226995,0.0,0.0
5024,6,3,0,0.05521472392638037,0.0,0.0
5025,0,3,0,0.06134969325153374,0.0,0.0
5026,1,3,0,0.06748466257668712,0.0,0.0
5027,2,3,0,0.0736196319018405,0.0,0.0
5028,3,3,0,0.07975460122699386,0.0,0.0
5029,4,3,0,0.08588957055214724,0.0,0.0
5030,5,3,0,0.09202453987730061,0.0,0.0
5031,6,3,0,0.0,0.0,0.0
5032,0,3,0,0.006134969325153374,0.0,0.0
5033,1,3,0,0.012269938650306749,0.0,0.0
5034,2,3,0,0.018404907975460124,0.0,0.0
5035,3,3,1,0.024539877300613498,0.0,0.0
5036,4,3,1,0.03067484662576687,0.0,0.0
5037,5,3,0,0.03680981595092025,0.0,0.0
5038,6,4,1,0.04294478527607362,0.0,0.0
5039,0,4,1,0.049079754601226995,0.0,0.0
5040,1,4,0,0.05521472392638037,0.0,0.0
5041,2,4,0,0.06134969325153374,0.0,0.0
5042,3,4,0,0.06748466257668712,0.0,0.0
5043,4,4,0,0.0736196319018405,0.0,0.0
5044,5,4,0,0.0,0.0,0.0
5045,6,4,0,0.006134969325153374,0.0,0.0
5046,0,4,0,0.012269938650306749,0.0,0.0
5047,1,4,0,0.018404907975460124,0.0,0.0
5048,2,4,0,0.024539877300613498,0.0,0.0
5049,3,4,0,0.03067484662576687,0.0,0.0
5050,4,4,0,0.03680981595092025,0.0,0.0
5051,5,4,0,0.04294478527607362,0.0,0.0
5052,6,4,0,0.049079754601226995,0.0,0.0
5053,0,4,0,0.05521472392638037,0.0,0.0
5054,1,4,0,0.06134969325153374,0.0,0.0
5055,2,4,0,0.06748466257668712,0.0,0.0
5056,3,4,0,0.0736196319018405,0.0,0.0
5057,4,4,0,0.0,0.0,0.0
5058,5,4,0,0.006134969325153374,0.0,0.0
5059,6,4,0,0.012269938650306749,0.0,0.0
5060,0,4,0,0.018404907975460124,0.0,0.0
5061,1,4,0,0.024539877300613498,0.0,0.0
5062,2,4,0,0.03067484662576687,0.0,0.0
5063,3,4,0,0.03680981595092025,0.0,0.0
5064,4,4,0,0.04294478527607362,0.0,0.0
5065,5,4,0,0.049079754601226995,0.0,0.0
5066,6,4,0,0.05521472392638037,0.0,0.0
5067,0,4,0,0.06134969325153374,0.0,0.0
5068,1,5,1,0.06748466257668712,0.0,0.0
5069,2,5,0,0.0736196319018405,0.0,0.0
5070,3,5,0,0.07975460122699386,0.0,0.0
5071,4,5,0,0.08588957055214724,0.0,0.0
5072,5,5,0,0.09202453987730061,0.0,0.0
5073,6,5,0,0.09815950920245399,0.0,0.0
5074,0,5,0,0.10429447852760736,0.0,0.0
5075,1,5,0,0.11042944785276074,0.0,0.0
5076,2,5,0,0.1165644171779141,0.0,0.0
5077,3,5,1,0.12269938650306748,0.0,0.0
5078,4,5,0,0.12883435582822086,0.0,0.0
5079,5,5,0,0.13496932515337423,0.0,0.0
5080,6,5,0,0.1411042944785276,0.0,0.0
5081,0,5,0,0.147239263803681,0.0,0.0
5082,1,5,0,0.15337423312883436,0.0,0.0
5083,2,5,0,0.15950920245398773,0.0,0.0
5084,3,5,1,0.1656441717791411,0.0,0.0
5085,4,5,0,0.17177914110429449,0.0,0.0
5086,5,5,0,0.17791411042944785,0.0,0.0
5087,6,5,1,0.18404907975460122,0.0,0.0
5088,0,5,1,0.1901840490797546,0.0,0.0
5089,1,5,0,0.19631901840490798,0.0,0.0
5090,2,5,0,0.20245398773006135,0.0,0.0
5091,3,5,0,0.2085889570552147,0.0,0.0
5092,4,5,0,0.2147239263803681,0.0,0.0
5093,5,5,0,0.22085889570552147,0.0,0.0
5094,6,5,0,0.22699386503067484,0.0,0.0
5095,0,5,0,0.2331288343558282,0.0,0.0
5096,1,5,0,0.2392638036809816,0.0,0.0
5097,2,5,0,0.24539877300613497,0.0,0.0
5098,3,5,0,0.25153374233128833,0.0,0.0
5099,4,6,0,0.25766871165644173,0.0,0.0
5100,5,6,0,0.26380368098159507,0.0,0.0
5101,6,6,0,0.26993865030674846,0.0,0.0
5102,0,6,0,0.27607361963190186,0.0,0.0
5103,1,6,0,0.2822085889570552,0.0,0.0
5104,2,6,0,0.2883435582822086,0.0,0.0
5105,3,6,0,0.294478527607362,0.0,0.0
5106,4,6,0,0.3006134969325153,0.0,0.0
5107,5,6,0,0.3067484662576687,0.0,0.0
5108,6,6,0,0.3128834355828221,0.0,0.0
5109,0,6,0,0.31901840490797545,0.0,0.0
5110,1,6,0,0.32515337423312884,0.0,0.0
5111,2,6,0,0.3312883435582822,0.0,0.0
5112,3,6,0,0.3374233128834356,0.0,0.0
5113,4,6,0,0.34355828220858897,0.0,0.0
5114,5,6,0,0.3496932515337423,0.0,0.0
5115,6,6,0,0.3558282208588957,0.0,0.0
5116,0,6,0,0.3619631901840491,0.0,0.0
5117,1,6,0,0.36809815950920244,0.0,0.0
5118,2,6,0,0.37423312883435583,0.0,0.0
5119,3,6,0,0.3803680981595092,0.0,0.0
5120,4,6,0,0.38650306748466257,0.0,0.0
5121,5,6,0,0.39263803680981596,0.0,0.0
5122,6,6,0,0.3987730061349693,0.0,0.0
5123,0,6,0,0.4049079754601227,0.0,0.0
5124,1,6,0,0.4110429447852761,0.0,0.0
5125,2,6,0,0.4171779141104294,0.0,0.0
5126,3,6,0,0.4233128834355828,0.0,0.0
5127,4,6,0,0.4294478527607362,0.0,0.0
5128,5,6,0,0.43558282208588955,0.0,0.0
5129,6,7,0,0.44171779141104295,0.0,0.0
5130,0,7,0,0.44785276073619634,0.0,0.0
5131,1,7,0,0.4539877300613497,0.0,0.0
5132,2,7,0,0.4601226993865031,0.0,0.0
5133,3,7,0,0.4662576687116564,0.0,0.0
5134,4,7,0,0.4723926380368098,0.0,0.0
5135,5,7,0,0.4785276073619632,0.0,0.0
5136,6,7,0,0.48466257668711654,0.0,0.0
5137,0,7,0,0.49079754601226994,0.0,0.0
5138,1,7,0,0.49693251533742333,0.0,0.0
5139,2,7,0,0.5030674846625767,0.0,0.0
5140,3,7,0,0.50920245398773,0.0,0.0
5141,4,7,0,0.5153374233128835,0.0,0.0
5142,5,7,0,0.5214723926380368,0.0,0.0
5143,6,7,0,0.5276073619631901,0.0,0.0
5144,0,7,0,0.5337423312883436,0.0,0.0
5145,1,7,0,0.5398773006134969,0.0,0.0
5146,2,7,0,0.5460122699386503,0.0,0.0
5147,3,7,0,0.5521472392638037,0.0,0.0
5148,4,7,0,0.558282208588957,0.0,0.0
5149,5,7,0,0.5644171779141104,0.0,0.0
5150,6,7,0,0.5705521472392638,0.0,0.0
5151,0,7,0,0.5766871165644172,0.0,0.0
5152,1,7,0,0.5828220858895705,0.0,0.0
5153,2,7,0,0.588957055214724,0.0,0.0
5154,3,7,0,0.5950920245398773,0.0,0.0
5155,4,7,0,0.6012269938650306,0.0,0.0
5156,5,7,0,0.6073619631901841,0.0,0.0
5157,6,7,0,0.6134969325153374,0.0,0.0
5158,0,7,0,0.6196319018404908,0.0,0.0
5159,1,7,0,0.6257668711656442,0.0,0.0
5160,2,8,0,0.6319018404907976,0.0,0.0
5161,3,8,0,0.6380368098159509,0.0,0.0
5162,4,8,0,0.6441717791411042,0.0,0.0
5163,5,8,0,0.6503067484662577,0.0,0.0
5164,6,8,0,0.656441717791411,0.0,0.0
5165,0,8,0,0.6625766871165644,0.0,0.0
5166,1,8,0,0.6687116564417178,0.0,0.0
5167,2,8,0,0.6748466257668712,0.0,0.0
5168,3,8,0,0.6809815950920245,0.0,0.0
5169,4,8,0,0.6871165644171779,0.0,0.0
5170,5,8,0,0.6932515337423313,0.0,0.0
5171,6,8,0,0.6993865030674846,0.0,0.0
5172,0,8,0,0.7055214723926381,0.0,0.0
5173,1,8,0,0.7116564417177914,0.0,0.0
5174,2,8,0,0.7177914110429447,0.0,0.0
5175,3,8,0,0.0,0.0,0.0
5176,4,8,0,0.006134969325153374,0.0,0.0
5177,5,8,0,0.012269938650306749,0.0,0.0
5178,6,8,0,0.018404907975460124,0.0,0.0
5179,0,8,0,0.024539877300613498,0.0,0.0
5180,1,8,0,0.03067484662576687,0.0,0.0
5181,2,8,0,0.03680981595092025,0.0,0.0
5182,3,8,0,0.04294478527607362,0.0,0.0
5183,4,8,0,0.049079754601226995,0.0,0.0
5184,5,8,0,0.05521472392638037,0.0,0.0
5185,6,8,0,0.06134969325153374,0.0,0.0
5186,0,8,0,0.06748466257668712,0.0,0.0
5187,1,8,0,0.0736196319018405,0.0,0.0
5188,2,8,0,0.07975460122699386,0.0,0.0
5189,3,8,0,0.08588957055214724,0.0,0.0
5190,4,8,0,0.09202453987730061,0.0,0.0
5191,5,9,0,0.09815950920245399,0.0,0.0
5192,6,9,0,0.10429447852760736,0.0,0.0
5193,0,9,0,0.11042944785276074,0.0,0.0
5194,1,9,0,0.1165644171779141,0.0,0.0
5195,2,9,0,0.12269938650306748,0.0,0.0
5196,3,9,0,0.12883435582822086,0.0,0.0
5197,4,9,0,0.13496932515337423,0.0,0.0
5198,5,9,0,0.1411042944785276,0.0,0.0
5199,6,9,0,0.147239263803681,0.0,0.0
5200,0,9,0,0.15337423312883436,0.0,0.0
5201,1,9,0,0.15950920245398773,0.0,0.0
5202,2,9,0,0.1656441717791411,0.0,0.0
5203,3,9,0,0.17177914110429449,0.0,0.0
5204,4,9,0,0.0,0.0,0.0
5205,5,9,0,0.006134969325153374,0.0,0.0
5206,6,9,0,0.012269938650306749,0.0,0.0
5207,0,9,0,0.018404907975460124,0.0,0.0
5208,1,9,0,0.024539877300613498,0.0,0.0
5209,2,9,0,0.03067484662576687,0.0,0.0
5210,3,9,0,0.03680981595092025,0.0,0.0
5211,4,9,0,0.04294478527607362,0.0,0.0
5212,5,9,0,0.049079754601226995,0.0,0.0
5213,6,9,0,0.05521472392638037,0.0,0.0
5214,0,9,0,0.06134969325153374,0.0,0.0
5215,1,9,0,0.06748466257668712,0.0,0.0
5216,2,9,0,0.0736196319018405,0.0,0.0
5217,3,9,0,0.07975460122699386,0.0,0.0
5218,4,9,0,0.08588957055214724,0.0,0.0
5219,5,9,0,0.09202453987730061,0.0,0.0
5220,6,9,0,0.09815950920245399,0.0,0.0
5221,0,10,0,0.10429447852760736,0.0,0.0
5222,1,10,0,0.11042944785276074,0.0,0.0
5223,2,10,0,0.1165644171779141,0.0,0.0
5224,3,10,0,0.12269938650306748,0.0,0.0
5225,4,10,0,0.12883435582822086,0.0,0.0
5226,5,10,0,0.13496932515337423,0.0,0.0
5227,6,10,0,0.1411042944785276,0.0,0.0
5228,0,10,0,0.147239263803681,0.0,0.0
5229,1,10,0,0.15337423312883436,0.0,0.0
5230,2,10,0,0.15950920245398773,0.0,0.0
5231,3,10,0,0.1656441717791411,0.0,0.0
5232,4,10,0,0.17177914110429449,0.0,0.0
5233,5,10,0,0.17791411042944785,0.0,0.0
5234,6,10,0,0.18404907975460122,0.0,0.0
5235,0,10,0,0.1901840490797546,0.0,0.0
5236,1,10,0,0.19631901840490798,0.0,0.0
5237,2,10,0,0.20245398773006135,0.0,0.0
5238,3,10,0,0.2085889570552147,0.0,0.0
5239,4,10,0,0.2147239263803681,0.0,0.0
5240,5,10,0,0.22085889570552147,0.0,0.0
5241,6,10,0,0.22699386503067484,0.0,0.0
5242,0,10,0,0.2331288343558282,0.0,0.0
5243,1,10,0,0.2392638036809816,0.0,0.0
5244,2,10,0,0.24539877300613497,0.0,0.0
5245,3,10,0,0.25153374233128833,0.0,0.0
5246,4,10,0,0.25766871165644173,0.0,0.0
5247,5,10,0,0.0,0.0,0.0
5248,6,10,0,0.006134969325153374,0.0,0.0
5249,0,10,0,0.012269938650306749,0.0,0.0
5250,1,10,0,0.018404907975460124,0.0,0.0
5251,2,10,0,0.024539877300613498,0.0,0.0
5252,3,11,0,0.03067484662576687,0.0,0.0
5253,4,11,0,0.03680981595092025,0.0,0.0
5254,5,11,0,0.04294478527607362,0.0,0.0
5255,6,11,0,0.049079754601226995,0.0,0.0
5256,0,11,0,0.05521472392638037,0.0,0.0
5257,1,11,0,0.06134969325153374,0.0,0.0
5258,2,11,0,0.06748466257668712,0.0,0.0
5259,3,11,0,0.0736196319018405,0.0,0.0
5260,4,11,0,0.07975460122699386,0.0,0.0
5261,5,11,0,0.08588957055214724,0.0,0.0
5262,6,11,0,0.09202453987730061,0.0,0.0
5263,0,11,0,0.09815950920245399,0.0,0.0
5264,1,11,0,0.10429447852760736,0.0,0.0
5265,2,11,0,0.11042944785276074,0.0,0.0
5266,3,11,0,0.1165644171779141,0.0,0.0
5267,4,11,0,0.12269938650306748,0.0,0.0
5268,5,11,0,0.12883435582822086,0.0,0.0
5269,6,11,0,0.13496932515337423,0.0,0.0
5270,0,11,0,0.1411042944785276,0.0,0.0
5271,1,11,0,0.147239263803681,0.0,0.0
5272,2,11,0,0.15337423312883436,0.0,0.0
5273,3,11,0,0.15950920245398773,0.0,0.0
5274,4,11,0,0.1656441717791411,0.0,0.0
5275,5,11,0,0.17177914110429449,0.0,0.0
5276,6,11,0,0.17791411042944785,0.0,0.0
5277,0,11,0,0.18404907975460122,0.0,0.0
5278,1,11,0,0.1901840490797546,0.0,0.0
5279,2,11,0,0.19631901840490798,0.0,0.0
5280,3,11,0,0.20245398773006135,0.0,0.0
5281,4,11,0,0.2085889570552147,0.0,0.0
5282,5,12,0,0.2147239263803681,0.0,0.0
5283,6,12,0,0.22085889570552147,0.0,0.0
5284,0,12,0,0.22699386503067484,0.0,0.0
5285,1,12,0,0.2331288343558282,0.0,0.0
5286,2,12,0,0.2392638036809816,0.0,0.0
5287,3,12,0,0.24539877300613497,0.0,0.0
5288,4,12,0,0.25153374233128833,0.0,0.0
5289,5,12,0,0.25766871165644173,0.0,0.0
5290,6,12,0,0.26380368098159507,0.0,0.0
5291,0,12,0,0.26993865030674846,0.0,0.0
5292,1,12,0,0.27607361963190186,0.0,0.0
5293,2,12,0,0.2822085889570552,0.0,0.0
5294,3,12,0,0.2883435582822086,0.0,0.0
5295,4,12,0,0.294478527607362,0.0,0.0
5296,5,12,0,0.3006134969325153,0.0,0.0
5297,6,12,0,0.3067484662576687,0.0,0.0
5298,0,12,0,0.3128834355828221,0.0,0.0
5299,1,12,0,0.31901840490797545,0.0,0.0
5300,2,12,0,0.32515337423312884,0.0,0.0
5301,3,12,0,0.3312883435582822,0.0,0.0
5302,4,12,0,0.3374233128834356,0.0,0.0
5303,5,12,0,0.34355828220858897,0.0,0.0
5304,6,12,0,0.3496932515337423,0.0,0.0
5305,0,12,0,0.3558282208588957,0.0,0.0
5306,1,12,1,0.3619631901840491,0.0,0.0
5307,2,12,1,0.36809815950920244,0.0,0.0
5308,3,12,0,0.37423312883435583,0.0,0.0
5309,4,12,0,0.3803680981595092,0.0,0.0
5310,5,12,0,0.38650306748466257,0.0,0.0
5311,6,12,0,0.39263803680981596,0.0,0.0
5312,0,12,0,0.3987730061349693,0.0,0.0
5313,1,1,1,0.4049079754601227,0.0,0.0
5314,2,1,0,0.4110429447852761,0.0,0.0
5315,3,1,0,0.4171779141104294,0.0,0.0
5316,4,1,0,0.4233128834355828,0.0,0.0
5317,5,1,0,0.4294478527607362,0.0,0.0
5318,6,1,0,0.43558282208588955,0.0,0.0
5319,0,1,0,0.44171779141104295,0.0,0.0
5320,1,1,0,0.44785276073619634,0.0,0.0
5321,2,1,0,0.4539877300613497,0.0,0.0
5322,3,1,0,0.4601226993865031,0.0,0.0
5323,4,1,0,0.4662576687116564,0.0,0.0
5324,5,1,0,0.4723926380368098,0.0,0.0
5325,6,1,0,0.4785276073619632,0.0,0.0
5326,0,1,0,0.48466257668711654,0.0,0.0
5327,1,1,0,0.49079754601226994,0.0,0.0
5328,2,1,0,0.49693251533742333,0.0,0.0
5329,3,1,0,0.5030674846625767,0.0,0.0
5330,4,1,0,0.50920245398773,0.0,0.0
5331,5,1,0,0.5153374233128835,0.0,0.0
5332,6,1,0,0.5214723926380368,0.0,0.0
5333,0,1,0,0.5276073619631901,0.0,0.0
5334,1,1,0,0.5337423312883436,0.0,0.0
5335,2,1,0,0.5398773006134969,0.0,0.0
5336,3,1,0,0.5460122699386503,0.0,0.0
5337,4,1,0,0.5521472392638037,0.0,0.0
5338,5,1,0,0.558282208588957,0.0,0.0
5339,6,1,0,0.5644171779141104,0.0,0.0
5340,0,1,0,0.5705521472392638,0.0,0.0
5341,1,1,0,0.5766871165644172,0.0,0.0
5342,2,1,0,0.5828220858895705,0.0,0.0
5343,3,1,0,0.588957055214724,0.0,0.0
5344,4,2,0,0.5950920245398773,0.0,0.0
5345,5,2,0,0.6012269938650306,0.0,0.0
5346,6,2,0,0.6073619631901841,0.0,0.0
5347,0,2,0,0.6134969325153374,0.0,0.0
5348,1,2,0,0.6196319018404908,0.0,0.0
5349,2,2,0,0.6257668711656442,0.0,0.0
5350,3,2,0,0.6319018404907976,0.0,0.0
5351,4,2,0,0.6380368098159509,0.0,0.0
5352,5,2,0,0.6441717791411042,0.0,0.0
5353,6,2,0,0.6503067484662577,0.0,0.0
5354,0,2,0,0.656441717791411,0.0,0.0
5355,1,2,0,0.6625766871165644,0.0,0.0
5356,2,2,0,0.6687116564417178,0.0,0.0
5357,3,2,0,0.6748466257668712,0.0,0.0
5358,4,2,0,0.6809815950920245,0.0,0.0
5359,5,2,0,0.6871165644171779,0.0,0.0
5360,6,2,0,0.6932515337423313,0.0,0.0
5361,0,2,0,0.6993865030674846,0.0,0.0
5362,1,2,0,0.7055214723926381,0.0,0.0
5363,2,2,0,0.7116564417177914,0.0,0.0
5364,3,2,0,0.7177914110429447,0.0,0.0
5365,4,2,0,0.7239263803680982,0.0,0.0
5366,5,2,0,0.7300613496932515,0.0,0.0
5367,6,2,0,0.7361963190184049,0.0,0.0
5368,0,2,0,0.7423312883435583,0.0,0.0
5369,1,2,0,0.7484662576687117,0.0,0.0
5370,2,2,0,0.754601226993865,0.0,0.0
5371,3,2,0,0.7607361963190185,0.0,0.0
5372,4,3,0,0.7668711656441718,0.0,0.0
5373,5,3,0,0.7730061349693251,0.0,0.0
5374,6,3,0,0.7791411042944786,0.0,0.0
5375,0,3,0,0.7852760736196319,0.0,0.0
5376,1,3,0,0.7914110429447853,0.0,0.0
5377,2,3,0,0.7975460122699386,0.0,0.0
5378,3,3,0,0.803680981595092,0.0,0.0
5379,4,3,0,0.8098159509202454,0.0,0.0
5380,5,3,0,0.8159509202453987,0.0,0.0
5381,6,3,0,0.8220858895705522,0.0,0.0
5382,0,3,0,0.8282208588957055,0.0,0.0
5383,1,3,0,0.8343558282208589,0.0,0.0
5384,2,3,0,0.8404907975460123,0.0,0.0
5385,3,3,0,0.8466257668711656,0.0,0.0
5386,4,3,0,0.852760736196319,0.0,0.0
5387,5,3,0,0.8588957055214724,0.0,0.0
5388,6,3,0,0.8650306748466258,0.0,0.0
5389,0,3,0,0.8711656441717791,0.0,0.0
5390,1,3,0,0.8773006134969326,0.0,0.0
5391,2,3,0,0.8834355828220859,0.0,0.0
5392,3,3,0,0.8895705521472392,0.0,0.0
5393,4,3,0,0.8957055214723927,0.0,0.0
5394,5,3,0,0.901840490797546,0.0,0.0
5395,6,3,0,0.9079754601226994,0.0,0.0
5396,0,3,0,0.9141104294478528,0.0,0.0
5397,1,3,0,0.9202453987730062,0.0,0.0
5398,2,3,0,0.9263803680981595,0.0,0.0
5399,3,3,0,0.9325153374233128,0.0,0.0
5400,4,3,0,0.9386503067484663,0.0,0.0
5401,5,3,0,0.9447852760736196,0.0,0.0
5402,6,3,0,0.950920245398773,0.0,0.0
5403,0,4,0,0.9570552147239264,0.0,0.0
5404,1,4,0,0.9631901840490797,0.0,0.0
5405,2,4,0,0.9693251533742331,0.0,0.0
5406,3,4,0,0.9754601226993865,0.0,0.0
5407,4,4,0,0.9815950920245399,0.0,0.0
5408,5,4,0,0.9877300613496932,0.0,0.0
5409,6,4,0,0.9938650306748467,0.0,0.0
5410,0,4,0,1.0,0.0,0.0
5411,1,4,0,1.0061349693251533,0.0,0.0
5412,2,4,0,1.0122699386503067,0.0,0.0
5413,3,4,0,1.01840490797546,0.0,0.0
5414,4,4,0,1.0245398773006136,0.0,0.0
5415,5,4,0,1.030674846625767,0.0,0.0
5416,6,4,0,1.0368098159509203,0.0,0.0
5417,0,4,0,1.0429447852760736,0.0,0.0
5418,1,4,0,1.049079754601227,0.0,0.0
5419,2,4,0,1.0552147239263803,0.0,0.0
5420,3,4,1,1.0613496932515338,0.0,0.0
5421,4,4,1,1.0674846625766872,0.0,0.0
5422,5,4,0,1.0736196319018405,0.0,0.0
5423,6,4,1,1.0797546012269938,0.0,0.0
5424,0,4,1,1.0858895705521472,0.0,0.0
5425,1,4,0,1.0920245398773005,0.0,0.0
5426,2,4,0,1.098159509202454,0.0,0.0
5427,3,4,0,1.1042944785276074,0.0,0.0
5428,4,4,0,1.1104294478527608,0.0,0.0
5429,5,4,0,1.116564417177914,0.0,0.0
5430,6,4,0,1.1226993865030674,0.0,0.0
5431,0,4,0,1.1288343558282208,0.0,0.0
5432,1,4,0,1.1349693251533743,0.0,0.0
5433,2,5,1,1.1411042944785277,0.0,0.0
5434,3,5,0,1.147239263803681,0.0,0.0
5435,4,5,0,1.1533742331288344,0.0,0.0
5436,5,5,0,1.1595092024539877,0.0,0.0
5437,6,5,0,1.165644171779141,0.0,0.0
5438,0,5,0,1.1717791411042944,0.0,0.0
5439,1,5,0,1.177914110429448,0.0,0.0
5440,2,5,0,1.1840490797546013,0.0,0.0
5441,3,5,0,1.1901840490797546,0.0,0.0
5442,4,5,0,1.196319018404908,0.0,0.0
5443,5,5,0,1.2024539877300613,0.0,0.0
5444,6,5,0,1.2085889570552146,0.0,0.0
5445,0,5,0,1.2147239263803682,0.0,0.0
5446,1,5,0,1.2208588957055215,0.0,0.0
5447,2,5,0,1.2269938650306749,0.0,0.0
5448,3,5,0,1.2331288343558282,0.0,0.0
5449,4,5,1,1.2392638036809815,0.0,0.0
5450,5,5,0,1.2453987730061349,0.0,0.0
5451,6,5,0,1.2515337423312884,0.0,0.0
5452,0,5,0,1.2576687116564418,0.0,0.0
5453,1,5,0,1.2638036809815951,0.0,0.0
5454,2,5,0,1.2699386503067485,0.0,0.0
5455,3,5,0,1.2760736196319018,0.0,0.0
5456,4,5,0,1.2822085889570551,0.0,0.0
5457,5,5,0,1.2883435582822085,0.0,0.0
5458,6,5,0,1.294478527607362,0.0,0.0
5459,0,5,0,1.3006134969325154,0.0,0.0
5460,1,5,0,1.3067484662576687,0.0,0.0
5461,2,5,0,1.312883435582822,0.0,0.0
5462,3,5,1,1.3190184049079754,0.0,0.0
5463,4,5,0,1.3251533742331287,0.0,0.0
5464,5,6,0,1.3312883435582823,0.0,0.0
5465,6,6,0,1.3374233128834356,0.0,0.0
5466,0,6,0,0.0,0.0,0.0
5467,1,6,0,0.006134969325153374,0.0,0.0
5468,2,6,0,0.012269938650306749,0.0,0.0
5469,3,6,0,0.018404907975460124,0.0,0.0
5470,4,6,0,0.024539877300613498,0.0,0.0
5471,5,6,0,0.03067484662576687,0.0,0.0
5472,6,6,1,0.03680981595092025,0.0,0.0
5473,0,6,1,0.04294478527607362,0.0,0.0
5474,1,6,0,0.049079754601226995,0.0,0.0
5475,2,6,0,0.05521472392638037,0.0,0.0
5476,3,6,0,0.06134969325153374,0.0,0.0
5477,4,6,0,0.06748466257668712,0.0,0.0
5478,5,6,0,0.0736196319018405,0.0,0.0
5479,6,6,0,0.07975460122699386,0.0,0.0
5480,0,6,0,0.08588957055214724,0.0,0.0
5481,1,6,0,0.09202453987730061,0.0,0.0
5482,2,6,0,0.09815950920245399,0.0,0.0
5483,3,6,0,0.10429447852760736,0.0,0.0
5484,4,6,0,0.11042944785276074,0.0,0.0
5485,5,6,0,0.1165644171779141,0.0,0.0
5486,6,6,0,0.12269938650306748,0.0,0.0
5487,0,6,0,0.12883435582822086,0.0,0.0
5488,1,6,0,0.13496932515337423,0.0,0.0
5489,2,6,0,0.1411042944785276,0.0,0.0
5490,3,6,0,0.147239263803681,0.0,0.0
5491,4,6,0,0.15337423312883436,0.0,0.0
5492,5,6,0,0.15950920245398773,0.0,0.0
5493,6,6,0,0.1656441717791411,0.0,0.0
5494,0,7,0,0.17177914110429449,0.0,0.0
5495,1,7,0,0.17791411042944785,0.0,0.0
5496,2,7,0,0.18404907975460122,0.0,0.0
5497,3,7,0,0.1901840490797546,0.0,0.0
5498,4,7,0,0.19631901840490798,0.0,0.0
5499,5,7,0,0.20245398773006135,0.0,0.0
5500,6,7,0,0.2085889570552147,0.0,0.0
5501,0,7,0,0.2147239263803681,0.0,0.0
5502,1,7,0,0.22085889570552147,0.0,0.0
5503,2,7,0,0.22699386503067484,0.0,0.0
5504,3,7,0,0.2331288343558282,0.0,0.0
5505,4,7,0,0.2392638036809816,0.0,0.0
5506,5,7,0,0.24539877300613497,0.0,0.0
5507,6,7,0,0.25153374233128833,0.0,0.0
5508,0,7,0,0.25766871165644173,0.0,0.0
5509,1,7,0,0.26380368098159507,0.0,0.0
5510,2,7,0,0.26993865030674846,0.0,0.0
5511,3,7,0,0.27607361963190186,0.0,0.0
5512,4,7,0,0.2822085889570552,0.0,0.0
5513,5,7,0,0.2883435582822086,0.0,0.0
5514,6,7,0,0.294478527607362,0.0,0.0
5515,0,7,0,0.3006134969325153,0.0,0.0
5516,1,7,0,0.3067484662576687,0.0,0.0
5517,2,7,0,0.3128834355828221,0.0,0.0
5518,3,7,0,0.31901840490797545,0.0,0.0
5519,4,7,0,0.32515337423312884,0.0,0.0
5520,5,7,0,0.3312883435582822,0.0,0.0
5521,6,7,0,0.3374233128834356,0.0,0.0
5522,0,7,0,0.34355828220858897,0.0,0.0
5523,1,7,0,0.3496932515337423,0.0,0.0
5524,2,7,0,0.3558282208588957,0.0,0.0
5525,3,8,0,0.3619631901840491,0.0,0.0
5526,4,8,0,0.36809815950920244,0.0,0.0
5527,5,8,0,0.37423312883435583,0.0,0.0
5528,6,8,0,0.3803680981595092,0.0,0.0
5529,0,8,0,0.38650306748466257,0.0,0.0
5530,1,8,0,0.39263803680981596,0.0,0.0
5531,2,8,0,0.3987730061349693,0.0,0.0
5532,3,8,0,0.4049079754601227,0.0,0.0
5533,4,8,0,0.4110429447852761,0.0,0.0
5534,5,8,0,0.4171779141104294,0.0,0.0
5535,6,8,0,0.4233128834355828,0.0,0.0
5536,0,8,0,0.4294478527607362,0.0,0.0
5537,1,8,0,0.43558282208588955,0.0,0.0
5538,2,8,0,0.44171779141104295,0.0,0.0
5539,3,8,0,0.44785276073619634,0.0,0.0
5540,4,8,0,0.4539877300613497,0.0,0.0
5541,5,8,0,0.4601226993865031,0.0,0.0
5542,6,8,0,0.4662576687116564,0.0,0.0
5543,0,8,0,0.4723926380368098,0.0,0.0
5544,1,8,0,0.4785276073619632,0.0,0.0
5545,2,8,0,0.48466257668711654,0.0,0.0
5546,3,8,0,0.49079754601226994,0.0,0.0
5547,4,8,0,0.49693251533742333,0.0,0.0
5548,5,8,0,0.5030674846625767,0.0,0.0
5549,6,8,0,0.50920245398773,0.0,0.0
5550,0,8,0,0.5153374233128835,0.0,0.0
5551,1,8,0,0.5214723926380368,0.0,0.0
5552,2,8,0,0.5276073619631901,0.0,0.0
5553,3,8,0,0.5337423312883436,0.0,0.0
5554,4,8,0,0.5398773006134969,0.0,0.0
5555,5,8,0,0.5460122699386503,0.0,0.0
5556,6,9,0,0.5521472392638037,0.0,0.0
5557,0,9,0,0.558282208588957,0.0,0.0
5558,1,9,0,0.5644171779141104,0.0,0.0
5559,2,9,0,0.5705521472392638,0.0,0.0
5560,3,9,0,0.5766871165644172,0.0,0.0
5561,4,9,0,0.5828220858895705,0.0,0.0
5562,5,9,0,0.588957055214724,0.0,0.0
5563,6,9,0,0.5950920245398773,0.0,0.0
5564,0,9,0,0.6012269938650306,0.0,0.0
5565,1,9,0,0.6073619631901841,0.0,0.0
5566,2,9,0,0.6134969325153374,0.0,0.0
5567,3,9,0,0.6196319018404908,0.0,0.0
5568,4,9,0,0.6257668711656442,0.0,0.0
5569,5,9,0,0.6319018404907976,0.0,0.0
5570,6,9,0,0.6380368098159509,0.0,0.0
5571,0,9,0,0.6441717791411042,0.0,0.0
5572,1,9,0,0.6503067484662577,0.0,0.0
5573,2,9,0,0.656441717791411,0.0,0.0
5574,3,9,0,0.6625766871165644,0.0,0.0
5575,4,9,0,0.6687116564417178,0.0,0.0
5576,5,9,0,0.6748466257668712,0.0,0.0
5577,6,9,0,0.6809815950920245,0.0,0.0
5578,0,9,0,0.6871165644171779,0.0,0.0
5579,1,9,0,0.6932515337423313,0.0,0.0
5580,2,9,0,0.6993865030674846,0.0,0.0
5581,3,9,0,0.7055214723926381,0.0,0.0
5582,4,9,0,0.7116564417177914,0.0,0.0
5583,5,9,0,0.7177914110429447,0.0,0.0
5584,6,9,0,0.7239263803680982,0.0,0.0
5585,0,9,0,0.7300613496932515,0.0,0.0
5586,1,10,0,0.7361963190184049,0.0,0.0
5587,2,10,0,0.7423312883435583,0.0,0.0
5588,3,10,0,0.7484662576687117,0.0,0.0
5589,4,10,0,0.754601226993865,0.0,0.0
5590,5,10,0,0.7607361963190185,0.0,0.0
5591,6,10,0,0.7668711656441718,0.0,0.0
5592,0,10,0,0.7730061349693251,0.0,0.0
5593,1,10,0,0.7791411042944786,0.0,0.0
5594,2,10,0,0.7852760736196319,0.0,0.0
5595,3,10,0,0.7914110429447853,0.0,0.0
5596,4,10,0,0.7975460122699386,0.0,0.0
5597,5,10,0,0.803680981595092,0.0,0.0
5598,6,10,0,0.8098159509202454,0.0,0.0
5599,0,10,0,0.8159509202453987,0.0,0.0
5600,1,10,0,0.8220858895705522,0.0,0.0
5601,2,10,0,0.8282208588957055,0.0,0.0
5602,3,10,0,0.8343558282208589,0.0,0.0
5603,4,10,0,0.8404907975460123,0.0,0.0
5604,5,10,0,0.8466257668711656,0.0,0.0
5605,6,10,0,0.852760736196319,0.0,0.0
5606,0,10,0,0.8588957055214724,0.0,0.0
5607,1,10,0,0.8650306748466258,0.0,0.0
5608,2,10,0,0.0,0.0,0.0
5609,3,10,0,0.006134969325153374,0.0,0.0
5610,4,10,0,0.012269938650306749,0.0,0.0
5611,5,10,0,0.018404907975460124,0.0,0.0
5612,6,10,0,0.024539877300613498,0.0,0.0
5613,0,10,0,0.03067484662576687,0.0,0.0
5614,1,10,0,0.03680981595092025,0.0,0.0
5615,2,10,0,0.04294478527607362,0.0,0.0
5616,3,10,0,0.049079754601226995,0.0,0.0
5617,4,11,0,0.05521472392638037,0.0,0.0
5618,5,11,0,0.06134969325153374,0.0,0.0
5619,6,11,0,0.06748466257668712,0.0,0.0
5620,0,11,0,0.0736196319018405,0.0,0.0
5621,1,11,0,0.07975460122699386,0.0,0.0
5622,2,11,0,0.08588957055214724,0.0,0.0
5623,3,11,0,0.0,0.0,0.0
5624,4,11,0,0.006134969325153374,0.0,0.0
5625,5,11,0,0.012269938650306749,0.0,0.0
5626,6,11,0,0.018404907975460124,0.0,0.0
5627,0,11,0,0.024539877300613498,0.0,0.0
5628,1,11,0,0.03067484662576687,0.0,0.0
5629,2,11,0,0.03680981595092025,0.0,0.0
5630,3,11,0,0.04294478527607362,0.0,0.0
5631,4,11,0,0.049079754601226995,0.0,0.0
5632,5,11,0,0.05521472392638037,0.0,0.0
5633,6,11,0,0.06134969325153374,0.0,0.0
5634,0,11,0,0.06748466257668712,0.0,0.0
5635,1,11,0,0.0736196319018405,0.0,0.0
5636,2,11,0,0.07975460122699386,0.0,0.0
5637,3,11,0,0.08588957055214724,0.0,0.0
5638,4,11,0,0.09202453987730061,0.0,0.0
5639,5,11,0,0.09815950920245399,0.0,0.0
5640,6,11,0,0.10429447852760736,0.0,0.0
5641,0,11,0,0.11042944785276074,0.0,0.0
5642,1,11,0,0.1165644171779141,0.0,0.0
5643,2,11,0,0.12269938650306748,0.0,0.0
5644,3,11,0,0.12883435582822086,0.0,0.0
5645,4,11,0,0.13496932515337423,0.0,0.0
5646,5,11,0,0.1411042944785276,0.0,0.0
5647,6,12,0,0.147239263803681,0.0,0.0
5648,0,12,0,0.15337423312883436,0.0,0.0
5649,1,12,0,0.15950920245398773,0.0,0.0
5650,2,12,0,0.1656441717791411,0.0,0.0
5651,3,12,0,0.17177914110429449,0.0,0.0
5652,4,12,0,0.17791411042944785,0.0,0.0
5653,5,12,0,0.18404907975460122,0.0,0.0
5654,6,12,0,0.1901840490797546,0.0,0.0
5655,0,12,0,0.19631901840490798,0.0,0.0
5656,1,12,0,0.20245398773006135,0.0,0.0
5657,2,12,0,0.2085889570552147,0.0,0.0
5658,3,12,0,0.2147239263803681,0.0,0.0
5659,4,12,0,0.22085889570552147,0.0,0.0
5660,5,12,0,0.22699386503067484,0.0,0.0
5661,6,12,0,0.0,0.0,0.0
5662,0,12,0,0.006134969325153374,0.0,0.0
5663,1,12,0,0.012269938650306749,0.0,0.0
5664,2,12,0,0.018404907975460124,0.0,0.0
5665,3,12,0,0.024539877300613498,0.0,0.0
5666,4,12,0,0.03067484662576687,0.0,0.0
5667,5,12,0,0.03680981595092025,0.0,0.0
5668,6,12,0,0.04294478527607362,0.0,0.0
5669,0,12,0,0.049079754601226995,0.0,0.0
5670,1,12,0,0.05521472392638037,0.0,0.0
5671,2,12,1,0.06134969325153374,0.0,0.0
5672,3,12,1,0.06748466257668712,0.0,0.0
5673,4,12,0,0.0736196319018405,0.0,0.0
5674,5,12,0,0.07975460122699386,0.0,0.0
5675,6,12,0,0.08588957055214724,0.0,0.0
5676,0,12,0,0.09202453987730061,0.0,0.0
5677,1,12,0,0.0,0.0,0.0
5678,2,1,1,0.006134969325153374,0.0,0.0
5679,3,1,0,0.012269938650306749,0.0,0.0
5680,4,1,0,0.018404907975460124,0.0,0.0
5681,5,1,0,0.024539877300613498,0.0,0.0
5682,6,1,0,0.03067484662576687,0.0,0.0
5683,0,1,0,0.03680981595092025,0.0,0.0
5684,1,1,0,0.04294478527607362,0.0,0.0
5685,2,1,0,0.049079754601226995,0.0,0.0
5686,3,1,0,0.05521472392638037,0.0,0.0
5687,4,1,0,0.06134969325153374,0.0,0.0
5688,5,1,0,0.06748466257668712,0.0,0.0
5689,6,1,0,0.0736196319018405,0.0,0.0
5690,0,1,0,0.07975460122699386,0.0,0.0
5691,1,1,0,0.08588957055214724,0.0,0.0
5692,2,1,0,0.09202453987730061,0.0,0.0
5693,3,1,0,0.09815950920245399,0.0,0.0
5694,4,1,0,0.10429447852760736,0.0,0.0
5695,5,1,0,0.11042944785276074,0.0,0.0
5696,6,1,0,0.1165644171779141,0.0,0.0
5697,0,1,0,0.12269938650306748,0.0,0.0
5698,1,1,0,0.12883435582822086,0.0,0.0
5699,2,1,0,0.13496932515337423,0.0,0.0
5700,3,1,0,0.1411042944785276,0.0,0.0
5701,4,1,0,0.147239263803681,0.0,0.0
5702,5,1,0,0.15337423312883436,0.0,0.0
5703,6,1,0,0.15950920245398773,0.0,0.0
5704,0,1,0,0.1656441717791411,0.0,0.0
5705,1,1,0,0.17177914110429449,0.0,0.0
5706,2,1,0,0.17791411042944785,0.0,0.0
5707,3,1,0,0.18404907975460122,0.0,0.0
5708,4,1,0,0.1901840490797546,0.0,0.0
5709,5,2,0,0.19631901840490798,0.0,0.0
5710,6,2,0,0.20245398773006135,0.0,0.0
5711,0,2,0,0.2085889570552147,0.0,0.0
5712,1,2,0,0.2147239263803681,0.0,0.0
5713,2,2,0,0.22085889570552147,0.0,0.0
5714,3,2,0,0.22699386503067484,0.0,0.0
5715,4,2,0,0.2331288343558282,0.0,0.0
5716,5,2,0,0.2392638036809816,0.0,0.0
5717,6,2,0,0.24539877300613497,0.0,0.0
5718,0,2,0,0.0,0.0,0.0
5719,1,2,0,0.006134969325153374,0.0,0.0
5720,2,2,0,0.012269938650306749,0.0,0.0
5721,3,2,0,0.018404907975460124,0.0,0.0
5722,4,2,0,0.024539877300613498,0.0,0.0
5723,5,2,0,0.03067484662576687,0.0,0.0
5724,6,2,0,0.03680981595092025,0.0,0.0
5725,0,2,0,0.04294478527607362,0.0,0.0
5726,1,2,0,0.049079754601226995,0.0,0.0
5727,2,2,0,0.05521472392638037,0.0,0.0
5728,3,2,0,0.06134969325153374,0.0,0.0
5729,4,2,0,0.06748466257668712,0.0,0.0
5730,5,2,0,0.0736196319018405,0.0,0.0
5731,6,2,0,0.07975460122699386,0.0,0.0
5732,0,2,0,0.08588957055214724,0.0,0.0
5733,1,2,0,0.09202453987730061,0.0,0.0
5734,2,2,0,0.09815950920245399,0.0,0.0
5735,3,2,0,0.10429447852760736,0.0,0.0
5736,4,2,0,0.11042944785276074,0.0,0.0
5737,5,2,0,0.1165644171779141,0.0,0.0
5738,6,3,0,0.12269938650306748,0.0,0.0
5739,0,3,0,0.12883435582822086,0.0,0.0
5740,1,3,0,0.13496932515337423,0.0,0.0
5741,2,3,0,0.1411042944785276,0.0,0.0
5742,3,3,0,0.147239263803681,0.0,0.0
5743,4,3,0,0.15337423312883436,0.0,0.0
5744,5,3,0,0.15950920245398773,0.0,0.0
5745,6,3,0,0.1656441717791411,0.0,0.0
5746,0,3,0,0.17177914110429449,0.0,0.0
5747,1,3,0,0.17791411042944785,0.0,0.0
5748,2,3,0,0.18404907975460122,0.0,0.0
5749,3,3,0,0.1901840490797546,0.0,0.0
5750,4,3,0,0.19631901840490798,0.0,0.0
5751,5,3,0,0.20245398773006135,0.0,0.0
5752,6,3,0,0.2085889570552147,0.0,0.0
5753,0,3,0,0.2147239263803681,0.0,0.0
5754,1,3,0,0.22085889570552147,0.0,0.0
5755,2,3,0,0.22699386503067484,0.0,0.0
5756,3,3,0,0.2331288343558282,0.0,0.0
5757,4,3,0,0.2392638036809816,0.0,0.0
5758,5,3,0,0.24539877300613497,0.0,0.0
5759,6,3,0,0.25153374233128833,0.0,0.0
5760,0,3,0,0.25766871165644173,0.0,0.0
5761,1,3,0,0.26380368098159507,0.0,0.0
5762,2,3,0,0.26993865030674846,0.0,0.0
5763,3,3,0,0.27607361963190186,0.0,0.0
5764,4,3,0,0.2822085889570552,0.0,0.0
5765,5,3,0,0.2883435582822086,0.0,0.0
5766,6,3,0,0.294478527607362,0.0,0.0
5767,0,3,0,0.3006134969325153,0.0,0.0
5768,1,3,0,0.3067484662576687,0.0,0.0
5769,2,4,0,0.3128834355828221,0.0,0.0
5770,3,4,0,0.31901840490797545,0.0,0.0
5771,4,4,0,0.32515337423312884,0.0,0.0
5772,5,4,0,0.3312883435582822,0.0,0.0
5773,6,4,0,0.3374233128834356,0.0,0.0
5774,0,4,0,0.34355828220858897,0.0,0.0
5775,1,4,0,0.3496932515337423,0.0,0.0
5776,2,4,0,0.3558282208588957,0.0,0.0
5777,3,4,1,0.3619631901840491,0.0,0.0
5778,4,4,1,0.36809815950920244,0.0,0.0
5779,5,4,0,0.37423312883435583,0.0,0.0
5780,6,4,1,0.3803680981595092,0.0,0.0
5781,0,4,1,0.38650306748466257,0.0,0.0
5782,1,4,0,0.39263803680981596,0.0,0.0
5783,2,4,0,0.3987730061349693,0.0,0.0
5784,3,4,0,0.4049079754601227,0.0,0.0
5785,4,4,0,0.4110429447852761,0.0,0.0
5786,5,4,0,0.4171779141104294,0.0,0.0
5787,6,4,0,0.4233128834355828,0.0,0.0
5788,0,4,0,0.4294478527607362,0.0,0.0
5789,1,4,0,0.43558282208588955,0.0,0.0
5790,2,4,0,0.44171779141104295,0.0,0.0
5791,3,4,0,0.44785276073619634,0.0,0.0
5792,4,4,0,0.4539877300613497,0.0,0.0
5793,5,4,0,0.4601226993865031,0.0,0.0
5794,6,4,0,0.4662576687116564,0.0,0.0
5795,0,4,0,0.4723926380368098,0.0,0.0
5796,1,4,0,0.4785276073619632,0.0,0.0
5797,2,4,0,0.48466257668711654,0.0,0.0
5798,3,4,0,0.49079754601226994,0.0,0.0
5799,4,5,1,0.49693251533742333,0.0,0.0
5800,5,5,0,0.5030674846625767,0.0,0.0
5801,6,5,0,0.50920245398773,0.0,0.0
5802,0,5,0,0.5153374233128835,0.0,0.0
5803,1,5,0,0.5214723926380368,0.0,0.0
5804,2,5,0,0.5276073619631901,0.0,0.0
5805,3,5,0,0.5337423312883436,0.0,0.0
5806,4,5,0,0.5398773006134969,0.0,0.0
5807,5,5,0,0.5460122699386503,0.0,0.0
5808,6,5,0,0.5521472392638037,0.0,0.0
5809,0,5,0,0.558282208588957,0.0,0.0
5810,1,5,0,0.5644171779141104,0.0,0.0
5811,2,5,0,0.5705521472392638,0.0,0.0
5812,3,5,0,0.5766871165644172,0.0,0.0
5813,4,5,0,0.5828220858895705,0.0,0.0
5814,5,5,0,0.588957055214724,0.0,0.0
5815,6,5,1,0.5950920245398773,0.0,0.0
5816,0,5,0,0.6012269938650306,0.0,0.0
5817,1,5,0,0.6073619631901841,0.0,0.0
5818,2,5,0,0.6134969325153374,0.0,0.0
5819,3,5,1,0.6196319018404908,0.0,0.0
5820,4,5,0,0.6257668711656442,0.0,0.0
5821,5,5,0,0.6319018404907976,0.0,0.0
5822,6,5,0,0.6380368098159509,0.0,0.0
5823,0,5,0,0.6441717791411042,0.0,0.0
5824,1,5,0,0.6503067484662577,0.0,0.0
5825,2,5,0,0.656441717791411,0.0,0.0
5826,3,5,0,0.6625766871165644,0.0,0.0
5827,4,5,0,0.6687116564417178,0.0,0.0
5828,5,5,0,0.6748466257668712,0.0,0.0
5829,6,5,1,0.6809815950920245,0.0,0.0
5830,0,6,1,0.6871165644171779,0.0,0.0
5831,1,6,0,0.6932515337423313,0.0,0.0
5832,2,6,0,0.6993865030674846,0.0,0.0
5833,3,6,0,0.7055214723926381,0.0,0.0
5834,4,6,0,0.7116564417177914,0.0,0.0
5835,5,6,0,0.7177914110429447,0.0,0.0
5836,6,6,0,0.7239263803680982,0.0,0.0
5837,0,6,0,0.7300613496932515,0.0,0.0
5838,1,6,0,0.7361963190184049,0.0,0.0
5839,2,6,0,0.7423312883435583,0.0,0.0
5840,3,6,0,0.7484662576687117,0.0,0.0
5841,4,6,0,0.754601226993865,0.0,0.0
5842,5,6,0,0.7607361963190185,0.0,0.0
5843,6,6,0,0.7668711656441718,0.0,0.0
5844,0,6,0,0.7730061349693251,0.0,0.0
5845,1,6,0,0.7791411042944786,0.0,0.0
5846,2,6,0,0.7852760736196319,0.0,0.0
5847,3,6,0,0.7914110429447853,0.0,0.0
5848,4,6,0,0.7975460122699386,0.0,0.0
5849,5,6,0,0.803680981595092,0.0,0.0
5850,6,6,0,0.8098159509202454,0.0,0.0
5851,0,6,0,0.8159509202453987,0.0,0.0
5852,1,6,0,0.8220858895705522,0.0,0.0
5853,2,6,0,0.8282208588957055,0.0,0.0
5854,3,6,0,0.8343558282208589,0.0,0.0
5855,4,6,0,0.8404907975460123,0.0,0.0
5856,5,6,0,0.8466257668711656,0.0,0.0
5857,6,6,0,0.852760736196319,0.0,0.0
5858,0,6,0,0.8588957055214724,0.0,0.0
5859,1,6,0,0.8650306748466258,0.0,0.0
5860,2,7,0,0.8711656441717791,0.0,0.0
5861,3,7,0,0.8773006134969326,0.0,0.0
5862,4,7,0,0.8834355828220859,0.0,0.0
5863,5,7,0,0.8895705521472392,0.0,0.0
5864,6,7,0,0.8957055214723927,0.0,0.0
5865,0,7,0,0.901840490797546,0.0,0.0
5866,1,7,0,0.9079754601226994,0.0,0.0
5867,2,7,0,0.9141104294478528,0.0,0.0
5868,3,7,0,0.9202453987730062,0.0,0.0
5869,4,7,0,0.9263803680981595,0.0,0.0
5870,5,7,0,0.9325153374233128,0.0,0.0
5871,6,7,0,0.9386503067484663,0.0,0.0
5872,0,7,0,0.9447852760736196,0.0,0.0
5873,1,7,0,0.950920245398773,0.0,0.0
5874,2,7,0,0.9570552147239264,0.0,0.0
5875,3,7,0,0.9631901840490797,0.0,0.0
5876,4,7,0,0.9693251533742331,0.0,0.0
5877,5,7,0,0.9754601226993865,0.0,0.0
5878,6,7,0,0.9815950920245399,0.0,0.0
5879,0,7,0,0.9877300613496932,0.0,0.0
5880,1,7,0,0.9938650306748467,0.0,0.0
5881,2,7,0,1.0,0.0,0.0
5882,3,7,0,1.0061349693251533,0.0,0.0
5883,4,7,0,1.0122699386503067,0.0,0.0
5884,5,7,0,1.01840490797546,0.0,0.0
5885,6,7,0,1.0245398773006136,0.0,0.0
5886,0,7,0,1.030674846625767,0.0,0.0
5887,1,7,0,1.0368098159509203,0.0,0.0
5888,2,7,0,1.0429447852760736,0.0,0.0
5889,3,7,0,1.049079754601227,0.0,0.0
5890,4,7,0,1.0552147239263803,0.0,0.0
5891,5,8,0,1.0613496932515338,0.0,0.0
5892,6,8,0,1.0674846625766872,0.0,0.0
5893,0,8,0,1.0736196319018405,0.0,0.0
5894,1,8,0,1.0797546012269938,0.0,0.0
5895,2,8,0,1.0858895705521472,0.0,0.0
5896,3,8,0,1.0920245398773005,0.0,0.0
5897,4,8,0,1.098159509202454,0.0,0.0
5898,5,8,0,1.1042944785276074,0.0,0.0
5899,6,8,0,1.1104294478527608,0.0,0.0
5900,0,8,0,0.0,0.0,0.0
5901,1,8,0,0.006134969325153374,0.0,0.0
5902,2,8,0,0.012269938650306749,0.0,0.0
5903,3,8,0,0.018404907975460124,0.0,0.0
5904,4,8,0,0.024539877300613498,0.0,0.0
5905,5,8,0,0.03067484662576687,0.0,0.0
5906,6,8,0,0.03680981595092025,0.0,0.0
5907,0,8,0,0.04294478527607362,0.0,0.0
5908,1,8,0,0.049079754601226995,0.0,0.0
5909,2,8,0,0.05521472392638037,0.0,0.0
5910,3,8,0,0.06134969325153374,0.0,0.0
5911,4,8,0,0.06748466257668712,0.0,0.0
5912,5,8,0,0.0736196319018405,0.0,0.0
5913,6,8,0,0.07975460122699386,0.0,0.0
5914,0,8,0,0.08588957055214724,0.0,0.0
5915,1,8,0,0.0,0.0,0.0
5916,2,8,0,0.006134969325153374,0.0,0.0
5917,3,8,0,0.012269938650306749,0.0,0.0
5918,4,8,0,0.018404907975460124,0.0,0.0
5919,5,8,0,0.024539877300613498,0.0,0.0
5920,6,8,0,0.03067484662576687,0.0,0.0
5921,0,8,0,0.03680981595092025,0.0,0.0
5922,1,9,0,0.04294478527607362,0.0,0.0
5923,2,9,0,0.049079754601226995,0.0,0.0
5924,3,9,0,0.05521472392638037,0.0,0.0
5925,4,9,0,0.06134969325153374,0.0,0.0
5926,5,9,0,0.06748466257668712,0.0,0.0
5927,6,9,0,0.0736196319018405,0.0,0.0
5928,0,9,0,0.07975460122699386,0.0,0.0
5929,1,9,0,0.08588957055214724,0.0,0.0
5930,2,9,0,0.09202453987730061,0.0,0.0
5931,3,9,0,0.09815950920245399,0.0,0.0
5932,4,9,0,0.10429447852760736,0.0,0.0
5933,5,9,0,0.11042944785276074,0.0,0.0
5934,6,9,0,0.1165644171779141,0.0,0.0
5935,0,9,0,0.12269938650306748,0.0,0.0
5936,1,9,0,0.12883435582822086,0.0,0.0
5937,2,9,0,0.13496932515337423,0.0,0.0
5938,3,9,0,0.1411042944785276,0.0,0.0
5939,4,9,0,0.147239263803681,0.0,0.0
5940,5,9,0,0.15337423312883436,0.0,0.0
5941,6,9,0,0.15950920245398773,0.0,0.0
5942,0,9,0,0.1656441717791411,0.0,0.0
5943,1,9,0,0.17177914110429449,0.0,0.0
5944,2,9,0,0.17791411042944785,0.0,0.0
5945,3,9,0,0.0,0.0,0.0
5946,4,9,0,0.006134969325153374,0.0,0.0
5947,5,9,0,0.012269938650306749,0.0,0.0
5948,6,9,0,0.018404907975460124,0.0,0.0
5949,0,9,0,0.024539877300613498,0.0,0.0
5950,1,9,0,0.03067484662576687,0.0,0.0
5951,2,9,0,0.03680981595092025,0.0,0.0
5952,3,10,0,0.04294478527607362,0.0,0.0
5953,4,10,0,0.049079754601226995,0.0,0.0
5954,5,10,0,0.05521472392638037,0.0,0.0
5955,6,10,0,0.06134969325153374,0.0,0.0
5956,0,10,0,0.06748466257668712,0.0,0.0
5957,1,10,0,0.0736196319018405,0.0,0.0
5958,2,10,0,0.07975460122699386,0.0,0.0
5959,3,10,0,0.08588957055214724,0.0,0.0
5960,4,10,0,0.09202453987730061,0.0,0.0
5961,5,10,0,0.09815950920245399,0.0,0.0
5962,6,10,0,0.10429447852760736,0.0,0.0
5963,0,10,0,0.11042944785276074,0.0,0.0
5964,1,10,0,0.1165644171779141,0.0,0.0
5965,2,10,0,0.12269938650306748,0.0,0.0
5966,3,10,0,0.12883435582822086,0.0,0.0
5967,4,10,0,0.13496932515337423,0.0,0.0
5968,5,10,0,0.1411042944785276,0.0,0.0
5969,6,10,0,0.147239263803681,0.0,0.0
5970,0,10,0,0.0,0.0,0.0
5971,1,10,0,0.006134969325153374,0.0,0.0
5972,2,10,0,0.012269938650306749,0.0,0.0
5973,3,10,0,0.018404907975460124,0.0,0.0
5974,4,10,0,0.024539877300613498,0.0,0.0
5975,5,10,0,0.03067484662576687,0.0,0.0
5976,6,10,0,0.03680981595092025,0.0,0.0
5977,0,10,0,0.04294478527607362,0.0,0.0
5978,1,10,0,0.049079754601226995,0.0,0.0
5979,2,10,0,0.05521472392638037,0.0,0.0
5980,3,10,0,0.06134969325153374,0.0,0.0
5981,4,10,0,0.06748466257668712,0.0,0.0
5982,5,10,0,0.0736196319018405,0.0,0.0
5983,6,11,0,0.07975460122699386,0.0,0.0
5984,0,11,0,0.08588957055214724,0.0,0.0
5985,1,11,0,0.09202453987730061,0.0,0.0
5986,2,11,0,0.09815950920245399,0.0,0.0
5987,3,11,0,0.10429447852760736,0.0,0.0
5988,4,11,0,0.11042944785276074,0.0,0.0
5989,5,11,0,0.1165644171779141,0.0,0.0
5990,6,11,0,0.12269938650306748,0.0,0.0
5991,0,11,0,0.12883435582822086,0.0,0.0
5992,1,11,0,0.0,0.0,0.0
5993,2,11,0,0.006134969325153374,0.0,0.0
5994,3,11,0,0.012269938650306749,0.0,0.0
5995,4,11,0,0.018404907975460124,0.0,0.0
5996,5,11,0,0.024539877300613498,0.0,0.0
5997,6,11,0,0.03067484662576687,0.0,0.0
5998,0,11,0,0.03680981595092025,0.0,0.0
5999,1,11,0,0.0,0.0,0.0
6000,2,11,0,0.006134969325153374,0.0,0.0
6001,3,11,0,0.012269938650306749,0.0,0.0
6002,4,11,0,0.018404907975460124,0.0,0.0
6003,5,11,0,0.024539877300613498,0.0,0.0
6004,6,11,0,0.03067484662576687,0.0,0.0
6005,0,11,0,0.03680981595092025,0.0,0.0
6006,1,11,0,0.04294478527607362,0.0,0.0
6007,2,11,0,0.049079754601226995,0.0,0.0
6008,3,11,0,0.05521472392638037,0.0,0.0
6009,4,11,0,0.06134969325153374,0.0,0.0
6010,5,11,0,0.06748466257668712,0.0,0.0
6011,6,11,0,0.0736196319018405,0.0,0.0
6012,0,11,0,0.07975460122699386,0.0,0.0
6013,1,12,0,0.08588957055214724,0.0,0.0
6014,2,12,0,0.09202453987730061,0.0,0.0
6015,3,12,0,0.09815950920245399,0.0,0.0
6016,4,12,0,0.10429447852760736,0.0,0.0
6017,5,12,0,0.11042944785276074,0.0,0.0
6018,6,12,0,0.1165644171779141,0.0,0.0
6019,0,12,0,0.12269938650306748,0.0,0.0
6020,1,12,0,0.12883435582822086,0.0,0.0
6021,2,12,0,0.13496932515337423,0.0,0.0
6022,3,12,0,0.1411042944785276,0.0,0.0
6023,4,12,0,0.147239263803681,0.0,0.0
6024,5,12,0,0.15337423312883436,0.0,0.0
6025,6,12,0,0.15950920245398773,0.0,0.0
6026,0,12,0,0.0,0.0,0.0
6027,1,12,0,0.006134969325153374,0.0,0.0
6028,2,12,0,0.012269938650306749,0.0,0.0
6029,3,12,0,0.018404907975460124,0.0,0.0
6030,4,12,0,0.024539877300613498,0.0,0.0
6031,5,12,0,0.03067484662576687,0.0,0.0
6032,6,12,0,0.03680981595092025,0.0,0.0
6033,0,12,0,0.04294478527607362,0.0,0.0
6034,1,12,0,0.049079754601226995,0.0,0.0
6035,2,12,0,0.05521472392638037,0.0,0.0
6036,3,12,0,0.06134969325153374,0.0,0.0
6037,4,12,1,0.06748466257668712,0.0,0.0
6038,5,12,1,0.0736196319018405,0.0,0.0
6039,6,12,0,0.07975460122699386,0.0,0.0
6040,0,12,0,0.08588957055214724,0.0,0.0
6041,1,12,0,0.09202453987730061,0.0,0.0
6042,2,12,0,0.09815950920245399,0.0,0.0
6043,3,12,0,0.10429447852760736,0.0,0.0
6044,4,1,1,0.11042944785276074,0.0,0.0
6045,5,1,0,0.1165644171779141,0.0,0.0
6046,6,1,0,0.12269938650306748,0.0,0.0
6047,0,1,0,0.12883435582822086,0.0,0.0
6048,1,1,0,0.13496932515337423,0.0,0.0
6049,2,1,0,0.1411042944785276,0.0,0.0
6050,3,1,0,0.147239263803681,0.0,0.0
6051,4,1,0,0.15337423312883436,0.0,0.0
6052,5,1,0,0.15950920245398773,0.0,0.0
6053,6,1,0,0.1656441717791411,0.0,0.0
6054,0,1,0,0.17177914110429449,0.0,0.0
6055,1,1,0,0.17791411042944785,0.0,0.0
6056,2,1,0,0.18404907975460122,0.0,0.0
6057,3,1,0,0.1901840490797546,0.0,0.0
6058,4,1,0,0.19631901840490798,0.0,0.0
6059,5,1,0,0.20245398773006135,0.0,0.0
6060,6,1,0,0.2085889570552147,0.0,0.0
6061,0,1,0,0.2147239263803681,0.0,0.0
6062,1,1,0,0.22085889570552147,0.0,0.0
6063,2,1,0,0.22699386503067484,0.0,0.0
6064,3,1,0,0.2331288343558282,0.0,0.0
6065,4,1,0,0.2392638036809816,0.0,0.0
6066,5,1,0,0.24539877300613497,0.0,0.0
6067,6,1,0,0.25153374233128833,0.0,0.0
6068,0,1,0,0.25766871165644173,0.0,0.0
6069,1,1,0,0.26380368098159507,0.0,0.0
6070,2,1,0,0.26993865030674846,0.0,0.0
6071,3,1,0,0.27607361963190186,0.0,0.0
6072,4,1,0,0.2822085889570552,0.0,0.0
6073,5,1,0,0.2883435582822086,0.0,0.0
6074,6,1,0,0.294478527607362,0.0,0.0
6075,0,2,0,0.3006134969325153,0.0,0.0
6076,1,2,0,0.3067484662576687,0.0,0.0
6077,2,2,0,0.3128834355828221,0.0,0.0
6078,3,2,0,0.31901840490797545,0.0,0.0
6079,4,2,0,0.32515337423312884,0.0,0.0
6080,5,2,0,0.3312883435582822,0.0,0.0
6081,6,2,0,0.3374233128834356,0.0,0.0
6082,0,2,0,0.34355828220858897,0.0,0.0
6083,1,2,0,0.3496932515337423,0.0,0.0
6084,2,2,0,0.3558282208588957,0.0,0.0
6085,3,2,0,0.3619631901840491,0.0,0.0
6086,4,2,0,0.36809815950920244,0.0,0.0
6087,5,2,0,0.37423312883435583,0.0,0.0
6088,6,2,0,0.3803680981595092,0.0,0.0
6089,0,2,0,0.38650306748466257,0.0,0.0
6090,1,2,0,0.39263803680981596,0.0,0.0
6091,2,2,0,0.3987730061349693,0.0,0.0
6092,3,2,0,0.4049079754601227,0.0,0.0
6093,4,2,0,0.4110429447852761,0.0,0.0
6094,5,2,0,0.4171779141104294,0.0,0.0
6095,6,2,0,0.4233128834355828,0.0,0.0
6096,0,2,0,0.4294478527607362,0.0,0.0
6097,1,2,0,0.43558282208588955,0.0,0.0
6098,2,2,0,0.44171779141104295,0.0,0.0
6099,3,2,0,0.44785276073619634,0.0,0.0
6100,4,2,0,0.4539877300613497,0.0,0.0
6101,5,2,0,0.4601226993865031,0.0,0.0
6102,6,2,0,0.4662576687116564,0.0,0.0
6103,0,3,0,0.4723926380368098,0.0,0.0
6104,1,3,0,0.4785276073619632,0.0,0.0
6105,2,3,0,0.48466257668711654,0.0,0.0
6106,3,3,0,0.49079754601226994,0.0,0.0
6107,4,3,0,0.49693251533742333,0.0,0.0
6108,5,3,0,0.5030674846625767,0.0,0.0
6109,6,3,0,0.50920245398773,0.0,0.0
6110,0,3,0,0.5153374233128835,0.0,0.0
6111,1,3,0,0.5214723926380368,0.0,0.0
6112,2,3,0,0.5276073619631901,0.0,0.0
6113,3,3,0,0.5337423312883436,0.0,0.0
6114,4,3,0,0.5398773006134969,0.0,0.0
6115,5,3,0,0.5460122699386503,0.0,0.0
6116,6,3,0,0.5521472392638037,0.0,0.0
6117,0,3,0,0.558282208588957,0.0,0.0
6118,1,3,0,0.5644171779141104,0.0,0.0
6119,2,3,0,0.5705521472392638,0.0,0.0
6120,3,3,0,0.5766871165644172,0.0,0.0
6121,4,3,0,0.5828220858895705,0.0,0.0
6122,5,3,0,0.588957055214724,0.0,0.0
6123,6,3,0,0.5950920245398773,0.0,0.0
6124,0,3,0,0.6012269938650306,0.0,0.0
6125,1,3,0,0.6073619631901841,0.0,0.0
6126,2,3,0,0.6134969325153374,0.0,0.0
6127,3,3,0,0.6196319018404908,0.0,0.0
6128,4,3,0,0.6257668711656442,0.0,0.0
6129,5,3,0,0.6319018404907976,0.0,0.0
6130,6,3,0,0.6380368098159509,0.0,0.0
6131,0,3,0,0.6441717791411042,0.0,0.0
6132,1,3,0,0.0,0.0,0.0
6133,2,3,0,0.006134969325153374,0.0,0.0
6134,3,4,1,0.012269938650306749,0.0,0.0
6135,4,4,1,0.018404907975460124,0.0,0.0
6136,5,4,0,0.024539877300613498,0.0,0.0
6137,6,4,1,0.03067484662576687,0.0,0.0
6138,0,4,1,0.03680981595092025,0.0,0.0
6139,1,4,0,0.04294478527607362,0.0,0.0
6140,2,4,0,0.049079754601226995,0.0,0.0
6141,3,4,0,0.05521472392638037,0.0,0.0
6142,4,4,0,0.06134969325153374,0.0,0.0
6143,5,4,0,0.06748466257668712,0.0,0.0
6144,6,4,0,0.0736196319018405,0.0,0.0
6145,0,4,0,0.07975460122699386,0.0,0.0
6146,1,4,0,0.08588957055214724,0.0,0.0
6147,2,4,0,0.09202453987730061,0.0,0.0
6148,3,4,0,0.09815950920245399,0.0,0.0
6149,4,4,0,0.10429447852760736,0.0,0.0
6150,5,4,0,0.11042944785276074,0.0,0.0
6151,6,4,0,0.1165644171779141,0.0,0.0
6152,0,4,0,0.12269938650306748,0.0,0.0
6153,1,4,0,0.12883435582822086,0.0,0.0
6154,2,4,0,0.13496932515337423,0.0,0.0
6155,3,4,0,0.1411042944785276,0.0,0.0
6156,4,4,0,0.147239263803681,0.0,0.0
6157,5,4,0,0.15337423312883436,0.0,0.0
6158,6,4,0,0.15950920245398773,0.0,0.0
6159,0,4,0,0.1656441717791411,0.0,0.0
6160,1,4,0,0.17177914110429449,0.0,0.0
6161,2,4,0,0.17791411042944785,0.0,0.0
6162,3,4,0,0.18404907975460122,0.0,0.0
6163,4,4,0,0.0,0.0,0.0
6164,5,5,1,0.006134969325153374,0.0,0.0
6165,6,5,0,0.012269938650306749,0.0,0.0
6166,0,5,0,0.018404907975460124,0.0,0.0
6167,1,5,0,0.024539877300613498,0.0,0.0
6168,2,5,0,0.03067484662576687,0.0,0.0
6169,3,5,0,0.03680981595092025,0.0,0.0
6170,4,5,0,0.04294478527607362,0.0,0.0
6171,5,5,0,0.049079754601226995,0.0,0.0
6172,6,5,0,0.05521472392638037,0.0,0.0
6173,0,5,0,0.06134969325153374,0.0,0.0
6174,1,5,0,0.06748466257668712,0.0,0.0
6175,2,5,0,0.0736196319018405,0.0,0.0
6176,3,5,1,0.07975460122699386,0.0,0.0
6177,4,5,0,0.08588957055214724,0.0,0.0
6178,5,5,0,0.09202453987730061,0.0,0.0
6179,6,5,0,0.09815950920245399,0.0,0.0
6180,0,5,1,0.10429447852760736,0.0,0.0
6181,1,5,0,0.11042944785276074,0.0,0.0
6182,2,5,0,0.1165644171779141,0.0,0.0
6183,3,5,0,0.12269938650306748,0.0,0.0
6184,4,5,0,0.12883435582822086,0.0,0.0
6185,5,5,0,0.13496932515337423,0.0,0.0
6186,6,5,1,0.1411042944785276,0.0,0.0
6187,0,5,1,0.147239263803681,0.0,0.0
6188,1,5,0,0.15337423312883436,0.0,0.0
6189,2,5,0,0.15950920245398773,0.0,0.0
6190,3,5,0,0.1656441717791411,0.0,0.0
6191,4,5,0,0.17177914110429449,0.0,0.0
6192,5,5,0,0.17791411042944785,0.0,0.0
6193,6,5,0,0.18404907975460122,0.0,0.0
6194,0,5,0,0.1901840490797546,0.0,0.0
6195,1,6,0,0.19631901840490798,0.0,0.0
6196,2,6,0,0.20245398773006135,0.0,0.0
6197,3,6,0,0.2085889570552147,0.0,0.0
6198,4,6,0,0.2147239263803681,0.0,0.0
6199,5,6,0,0.22085889570552147,0.0,0.0
6200,6,6,0,0.22699386503067484,0.0,0.0
6201,0,6,0,0.2331288343558282,0.0,0.0
6202,1,6,0,0.2392638036809816,0.0,0.0
6203,2,6,0,0.24539877300613497,0.0,0.0
6204,3,6,0,0.25153374233128833,0.0,0.0
6205,4,6,0,0.25766871165644173,0.0,0.0
6206,5,6,0,0.26380368098159507,0.0,0.0
6207,6,6,0,0.26993865030674846,0.0,0.0
6208,0,6,0,0.27607361963190186,0.0,0.0
6209,1,6,0,0.2822085889570552,0.0,0.0
6210,2,6,0,0.2883435582822086,0.0,0.0
6211,3,6,0,0.294478527607362,0.0,0.0
6212,4,6,0,0.3006134969325153,0.0,0.0
6213,5,6,0,0.3067484662576687,0.0,0.0
6214,6,6,0,0.3128834355828221,0.0,0.0
6215,0,6,0,0.31901840490797545,0.0,0.0
6216,1,6,0,0.32515337423312884,0.0,0.0
6217,2,6,0,0.3312883435582822,0.0,0.0
6218,3,6,0,0.3374233128834356,0.0,0.0
6219,4,6,0,0.34355828220858897,0.0,0.0
6220,5,6,0,0.3496932515337423,0.0,0.0
6221,6,6,0,0.0,0.0,0.0
6222,0,6,0,0.006134969325153374,0.0,0.0
6223,1,6,0,0.012269938650306749,0.0,0.0
6224,2,6,0,0.018404907975460124,0.0,0.0
6225,3,7,0,0.024539877300613498,0.0,0.0
6226,4,7,0,0.03067484662576687,0.0,0.0
6227,5,7,0,0.03680981595092025,0.0,0.0
6228,6,7,0,0.04294478527607362,0.0,0.0
6229,0,7,0,0.049079754601226995,0.0,0.0
6230,1,7,0,0.05521472392638037,0.0,0.0
6231,2,7,0,0.06134969325153374,0.0,0.0
6232,3,7,0,0.06748466257668712,0.0,0.0
6233,4,7,0,0.0736196319018405,0.0,0.0
6234,5,7,0,0.07975460122699386,0.0,0.0
6235,6,7,0,0.08588957055214724,0.0,0.0
6236,0,7,0,0.09202453987730061,0.0,0.0
6237,1,7,0,0.09815950920245399,0.0,0.0
6238,2,7,0,0.10429447852760736,0.0,0.0
6239,3,7,0,0.11042944785276074,0.0,0.0
6240,4,7,0,0.1165644171779141,0.0,0.0
6241,5,7,0,0.12269938650306748,0.0,0.0
6242,6,7,0,0.12883435582822086,0.0,0.0
6243,0,7,0,0.13496932515337423,0.0,0.0
6244,1,7,0,0.1411042944785276,0.0,0.0
6245,2,7,0,0.147239263803681,0.0,0.0
6246,3,7,0,0.15337423312883436,0.0,0.0
6247,4,7,0,0.15950920245398773,0.0,0.0
6248,5,7,0,0.1656441717791411,0.0,0.0
6249,6,7,0,0.17177914110429449,0.0,0.0
6250,0,7,0,0.17791411042944785,0.0,0.0
6251,1,7,0,0.18404907975460122,0.0,0.0
6252,2,7,0,0.1901840490797546,0.0,0.0
6253,3,7,0,0.19631901840490798,0.0,0.0
6254,4,7,0,0.20245398773006135,0.0,0.0
6255,5,7,0,0.2085889570552147,0.0,0.0
6256,6,8,0,0.2147239263803681,0.0,0.0
6257,0,8,0,0.22085889570552147,0.0,0.0
6258,1,8,0,0.22699386503067484,0.0,0.0
6259,2,8,0,0.2331288343558282,0.0,0.0
6260,3,8,0,0.2392638036809816,0.0,0.0
6261,4,8,0,0.24539877300613497,0.0,0.0
6262,5,8,0,0.0,0.0,0.0
6263,6,8,0,0.006134969325153374,0.0,0.0
6264,0,8,0,0.012269938650306749,0.0,0.0
6265,1,8,0,0.018404907975460124,0.0,0.0
6266,2,8,0,0.024539877300613498,0.0,0.0
6267,3,8,0,0.03067484662576687,0.0,0.0
6268,4,8,0,0.03680981595092025,0.0,0.0
6269,5,8,0,0.04294478527607362,0.0,0.0
6270,6,8,0,0.049079754601226995,0.0,0.0
6271,0,8,0,0.05521472392638037,0.0,0.0
6272,1,8,0,0.06134969325153374,0.0,0.0
6273,2,8,0,0.06748466257668712,0.0,0.0
6274,3,8,0,0.0736196319018405,0.0,0.0
6275,4,8,0,0.07975460122699386,0.0,0.0
6276,5,8,0,0.08588957055214724,0.0,0.0
6277,6,8,0,0.09202453987730061,0.0,0.0
6278,0,8,0,0.09815950920245399,0.0,0.0
6279,1,8,0,0.10429447852760736,0.0,0.0
6280,2,8,0,0.11042944785276074,0.0,0.0
6281,3,8,0,0.1165644171779141,0.0,0.0
6282,4,8,0,0.12269938650306748,0.0,0.0
6283,5,8,0,0.12883435582822086,0.0,0.0
6284,6,8,0,0.13496932515337423,0.0,0.0
6285,0,8,0,0.1411042944785276,0.0,0.0
6286,1,8,0,0.147239263803681,0.0,0.0
6287,2,9,0,0.15337423312883436,0.0,0.0
6288,3,9,0,0.15950920245398773,0.0,0.0
6289,4,9,0,0.1656441717791411,0.0,0.0
6290,5,9,0,0.17177914110429449,0.0,0.0
6291,6,9,0,0.17791411042944785,0.0,0.0
6292,0,9,0,0.18404907975460122,0.0,0.0
6293,1,9,0,0.1901840490797546,0.0,0.0
6294,2,9,0,0.19631901840490798,0.0,0.0
6295,3,9,0,0.20245398773006135,0.0,0.0
6296,4,9,0,0.2085889570552147,0.0,0.0
6297,5,9,0,0.2147239263803681,0.0,0.0
6298,6,9,0,0.22085889570552147,0.0,0.0
6299,0,9,0,0.22699386503067484,0.0,0.0
6300,1,9,0,0.2331288343558282,0.0,0.0
6301,2,9,0,0.2392638036809816,0.0,0.0
6302,3,9,0,0.24539877300613497,0.0,0.0
6303,4,9,0,0.25153374233128833,0.0,0.0
6304,5,9,0,0.25766871165644173,0.0,0.0
6305,6,9,0,0.26380368098159507,0.0,0.0
6306,0,9,0,0.26993865030674846,0.0,0.0
6307,1,9,0,0.27607361963190186,0.0,0.0
6308,2,9,0,0.2822085889570552,0.0,0.0
6309,3,9,0,0.2883435582822086,0.0,0.0
6310,4,9,0,0.294478527607362,0.0,0.0
6311,5,9,0,0.3006134969325153,0.0,0.0
6312,6,9,0,0.3067484662576687,0.0,0.0
6313,0,9,0,0.3128834355828221,0.0,0.0
6314,1,9,0,0.31901840490797545,0.0,0.0
6315,2,9,0,0.32515337423312884,0.0,0.0
6316,3,9,0,0.3312883435582822,0.0,0.0
6317,4,10,0,0.3374233128834356,0.0,0.0
6318,5,10,0,0.34355828220858897,0.0,0.0
6319,6,10,0,0.3496932515337423,0.0,0.0
6320,0,10,0,0.3558282208588957,0.0,0.0
6321,1,10,0,0.3619631901840491,0.0,0.0
6322,2,10,0,0.36809815950920244,0.0,0.0
6323,3,10,0,0.37423312883435583,0.0,0.0
6324,4,10,0,0.3803680981595092,0.0,0.0
6325,5,10,0,0.38650306748466257,0.0,0.0
6326,6,10,0,0.39263803680981596,0.0,0.0
6327,0,10,0,0.3987730061349693,0.0,0.0
6328,1,10,0,0.4049079754601227,0.0,0.0
6329,2,10,0,0.4110429447852761,0.0,0.0
6330,3,10,0,0.4171779141104294,0.0,0.0
6331,4,10,0,0.4233128834355828,0.0,0.0
6332,5,10,0,0.4294478527607362,0.0,0.0
6333,6,10,0,0.43558282208588955,0.0,0.0
6334,0,10,0,0.44171779141104295,0.0,0.0
6335,1,10,0,0.44785276073619634,0.0,0.0
6336,2,10,0,0.4539877300613497,0.0,0.0
6337,3,10,0,0.4601226993865031,0.0,0.0
6338,4,10,0,0.4662576687116564,0.0,0.0
6339,5,10,0,0.4723926380368098,0.0,0.0
6340,6,10,0,0.4785276073619632,0.0,0.0
6341,0,10,0,0.48466257668711654,0.0,0.0
6342,1,10,0,0.49079754601226994,0.0,0.0
6343,2,10,0,0.49693251533742333,0.0,0.0
6344,3,10,0,0.5030674846625767,0.0,0.0
6345,4,10,0,0.50920245398773,0.0,0.0
6346,5,10,0,0.5153374233128835,0.0,0.0
6347,6,10,0,0.5214723926380368,0.0,0.0
6348,0,11,0,0.5276073619631901,0.0,0.0
6349,1,11,0,0.5337423312883436,0.0,0.0
6350,2,11,0,0.5398773006134969,0.0,0.0
6351,3,11,0,0.5460122699386503,0.0,0.0
6352,4,11,0,0.5521472392638037,0.0,0.0
6353,5,11,0,0.558282208588957,0.0,0.0
6354,6,11,0,0.5644171779141104,0.0,0.0
6355,0,11,0,0.5705521472392638,0.0,0.0
6356,1,11,0,0.5766871165644172,0.0,0.0
6357,2,11,0,0.5828220858895705,0.0,0.0
6358,3,11,0,0.588957055214724,0.0,0.0
6359,4,11,0,0.5950920245398773,0.0,0.0
6360,5,11,0,0.6012269938650306,0.0,0.0
6361,6,11,0,0.6073619631901841,0.0,0.0
6362,0,11,0,0.6134969325153374,0.0,0.0
6363,1,11,0,0.6196319018404908,0.0,0.0
6364,2,11,0,0.6257668711656442,0.0,0.0
6365,3,11,0,0.6319018404907976,0.0,0.0
6366,4,11,0,0.6380368098159509,0.0,0.0
6367,5,11,0,0.6441717791411042,0.0,0.0
6368,6,11,0,0.6503067484662577,0.0,0.0
6369,0,11,0,0.656441717791411,0.0,0.0
6370,1,11,0,0.6625766871165644,0.0,0.0
6371,2,11,0,0.6687116564417178,0.0,0.0
6372,3,11,0,0.6748466257668712,0.0,0.0
6373,4,11,0,0.6809815950920245,0.0,0.0
6374,5,11,0,0.6871165644171779,0.0,0.0
6375,6,11,0,0.6932515337423313,0.0,0.0
6376,0,11,0,0.6993865030674846,0.0,0.0
6377,1,11,0,0.7055214723926381,0.0,0.0
6378,2,12,0,0.7116564417177914,0.0,0.0
6379,3,12,0,0.7177914110429447,0.0,0.0
6380,4,12,0,0.7239263803680982,0.0,0.0
6381,5,12,0,0.7300613496932515,0.0,0.0
6382,6,12,0,0.7361963190184049,0.0,0.0
6383,0,12,0,0.7423312883435583,0.0,0.0
6384,1,12,0,0.7484662576687117,0.0,0.0
6385,2,12,0,0.754601226993865,0.0,0.0
6386,3,12,0,0.7607361963190185,0.0,0.0
6387,4,12,0,0.7668711656441718,0.0,0.0
6388,5,12,0,0.7730061349693251,0.0,0.0
6389,6,12,0,0.7791411042944786,0.0,0.0
6390,0,12,0,0.7852760736196319,0.0,0.0
6391,1,12,0,0.7914110429447853,0.0,0.0
6392,2,12,0,0.7975460122699386,0.0,0.0
6393,3,12,0,0.803680981595092,0.0,0.0
6394,4,12,0,0.8098159509202454,0.0,0.0
6395,5,12,0,0.8159509202453987,0.0,0.0
6396,6,12,0,0.8220858895705522,0.0,0.0
6397,0,12,0,0.8282208588957055,0.0,0.0
6398,1,12,0,0.8343558282208589,0.0,0.0
6399,2,12,0,0.8404907975460123,0.0,0.0
6400,3,12,0,0.8466257668711656,0.0,0.0
6401,4,12,0,0.852760736196319,0.0,0.0
6402,5,12,1,0.8588957055214724,0.0,0.0
6403,6,12,1,0.8650306748466258,0.0,0.0
6404,0,12,0,0.8711656441717791,0.0,0.0
6405,1,12,0,0.8773006134969326,0.0,0.0
6406,2,12,0,0.8834355828220859,0.0,0.0
6407,3,12,0,0.8895705521472392,0.0,0.0
6408,4,12,0,0.8957055214723927,0.0,0.0
6409,5,1,1,0.901840490797546,0.0,0.0
6410,6,1,0,0.9079754601226994,0.0,0.0
6411,0,1,0,0.9141104294478528,0.0,0.0
6412,1,1,0,0.9202453987730062,0.0,0.0
6413,2,1,0,0.9263803680981595,0.0,0.0
6414,3,1,0,0.9325153374233128,0.0,0.0
6415,4,1,0,0.9386503067484663,0.0,0.0
6416,5,1,0,0.9447852760736196,0.0,0.0
6417,6,1,0,0.950920245398773,0.0,0.0
6418,0,1,0,0.9570552147239264,0.0,0.0
6419,1,1,0,0.9631901840490797,0.0,0.0
6420,2,1,0,0.9693251533742331,0.0,0.0
6421,3,1,0,0.9754601226993865,0.0,0.0
6422,4,1,0,0.9815950920245399,0.0,0.0
6423,5,1,0,0.9877300613496932,0.0,0.0
6424,6,1,0,0.9938650306748467,0.0,0.0
6425,0,1,0,1.0,0.0,0.0
6426,1,1,0,1.0061349693251533,0.0,0.0
6427,2,1,0,1.0122699386503067,0.0,0.0
6428,3,1,0,1.01840490797546,0.0,0.0
6429,4,1,0,1.0245398773006136,0.0,0.0
6430,5,1,0,1.030674846625767,0.0,0.0
6431,6,1,0,1.0368098159509203,0.0,0.0
6432,0,1,0,1.0429447852760736,0.0,0.0
6433,1,1,0,1.049079754601227,0.0,0.0
6434,2,1,0,1.0552147239263803,0.0,0.0
6435,3,1,0,1.0613496932515338,0.0,0.0
6436,4,1,0,1.0674846625766872,0.0,0.0
6437,5,1,0,1.0736196319018405,0.0,0.0
6438,6,1,0,1.0797546012269938,0.0,0.0
6439,0,1,0,1.0858895705521472,0.0,0.0
6440,1,2,0,1.0920245398773005,0.0,0.0
6441,2,2,0,1.098159509202454,0.0,0.0
6442,3,2,0,1.1042944785276074,0.0,0.0
6443,4,2,0,1.1104294478527608,0.0,0.0
6444,5,2,0,1.116564417177914,0.0,0.0
6445,6,2,0,1.1226993865030674,0.0,0.0
6446,0,2,0,1.1288343558282208,0.0,0.0
6447,1,2,0,1.1349693251533743,0.0,0.0
6448,2,2,0,1.1411042944785277,0.0,0.0
6449,3,2,0,1.147239263803681,0.0,0.0
6450,4,2,0,1.1533742331288344,0.0,0.0
6451,5,2,0,1.1595092024539877,0.0,0.0
6452,6,2,0,0.0,0.0,0.0
6453,0,2,0,0.006134969325153374,0.0,0.0
6454,1,2,0,0.012269938650306749,0.0,0.0
6455,2,2,0,0.018404907975460124,0.0,0.0
6456,3,2,0,0.024539877300613498,0.0,0.0
6457,4,2,0,0.03067484662576687,0.0,0.0
6458,5,2,0,0.03680981595092025,0.0,0.0
6459,6,2,0,0.04294478527607362,0.0,0.0
6460,0,2,0,0.049079754601226995,0.0,0.0
6461,1,2,0,0.05521472392638037,0.0,0.0
6462,2,2,0,0.06134969325153374,0.0,0.0
6463,3,2,0,0.06748466257668712,0.0,0.0
6464,4,2,0,0.0736196319018405,0.0,0.0
6465,5,2,0,0.07975460122699386,0.0,0.0
6466,6,2,0,0.08588957055214724,0.0,0.0
6467,0,2,0,0.09202453987730061,0.0,0.0
6468,1,3,0,0.09815950920245399,0.0,0.0
6469,2,3,0,0.10429447852760736,0.0,0.0
6470,3,3,0,0.11042944785276074,0.0,0.0
6471,4,3,0,0.1165644171779141,0.0,0.0
6472,5,3,0,0.12269938650306748,0.0,0.0
6473,6,3,0,0.12883435582822086,0.0,0.0
6474,0,3,0,0.13496932515337423,0.0,0.0
6475,1,3,0,0.1411042944785276,0.0,0.0
6476,2,3,0,0.147239263803681,0.0,0.0
6477,3,3,0,0.15337423312883436,0.0,0.0
6478,4,3,0,0.15950920245398773,0.0,0.0
6479,5,3,0,0.1656441717791411,0.0,0.0
6480,6,3,0,0.17177914110429449,0.0,0.0
6481,0,3,0,0.17791411042944785,0.0,0.0
6482,1,3,0,0.18404907975460122,0.0,0.0
6483,2,3,0,0.1901840490797546,0.0,0.0
6484,3,3,0,0.19631901840490798,0.0,0.0
6485,4,3,0,0.20245398773006135,0.0,0.0
6486,5,3,0,0.2085889570552147,0.0,0.0
6487,6,3,0,0.2147239263803681,0.0,0.0
6488,0,3,0,0.22085889570552147,0.0,0.0
6489,1,3,0,0.22699386503067484,0.0,0.0
6490,2,3,0,0.2331288343558282,0.0,0.0
6491,3,3,0,0.2392638036809816,0.0,0.0
6492,4,3,0,0.24539877300613497,0.0,0.0
6493,5,3,0,0.25153374233128833,0.0,0.0
6494,6,3,0,0.25766871165644173,0.0,0.0
6495,0,3,0,0.26380368098159507,0.0,0.0
6496,1,3,0,0.26993865030674846,0.0,0.0
6497,2,3,0,0.27607361963190186,0.0,0.0
6498,3,3,0,0.2822085889570552,0.0,0.0
6499,4,4,0,0.2883435582822086,0.0,0.0
6500,5,4,0,0.294478527607362,0.0,0.0
6501,6,4,0,0.3006134969325153,0.0,0.0
6502,0,4,0,0.0,0.0,0.0
6503,1,4,0,0.006134969325153374,0.0,0.0
6504,2,4,0,0.012269938650306749,0.0,0.0
6505,3,4,0,0.018404907975460124,0.0,0.0
6506,4,4,0,0.0,0.0,0.0
6507,5,4,0,0.006134969325153374,0.0,0.0
6508,6,4,0,0.012269938650306749,0.0,0.0
6509,0,4,0,0.018404907975460124,0.0,0.0
6510,1,4,0,0.024539877300613498,0.0,0.0
6511,2,4,0,0.03067484662576687,0.0,0.0
6512,3,4,1,0.03680981595092025,0.0,0.0
6513,4,4,1,0.04294478527607362,0.0,0.0
6514,5,4,0,0.049079754601226995,0.0,0.0
6515,6,4,1,0.05521472392638037,0.0,0.0
6516,0,4,1,0.06134969325153374,0.0,0.0
6517,1,4,0,0.06748466257668712,0.0,0.0
6518,2,4,0,0.0736196319018405,0.0,0.0
6519,3,4,0,0.07975460122699386,0.0,0.0
6520,4,4,0,0.08588957055214724,0.0,0.0
6521,5,4,0,0.09202453987730061,0.0,0.0
6522,6,4,0,0.09815950920245399,0.0,0.0
6523,0,4,0,0.10429447852760736,0.0,0.0
6524,1,4,0,0.11042944785276074,0.0,0.0
6525,2,4,0,0.1165644171779141,0.0,0.0
6526,3,4,0,0.12269938650306748,0.0,0.0
6527,4,4,0,0.12883435582822086,0.0,0.0
6528,5,4,0,0.13496932515337423,0.0,0.0
6529,6,5,1,0.1411042944785276,0.0,0.0
6530,0,5,0,0.147239263803681,0.0,0.0
6531,1,5,0,0.15337423312883436,0.0,0.0
6532,2,5,0,0.15950920245398773,0.0,0.0
6533,3,5,0,0.1656441717791411,0.0,0.0
6534,4,5,0,0.17177914110429449,0.0,0.0
6535,5,5,0,0.17791411042944785,0.0,0.0
6536,6,5,0,0.18404907975460122,0.0,0.0
6537,0,5,0,0.1901840490797546,0.0,0.0
6538,1,5,0,0.19631901840490798,0.0,0.0
6539,2,5,0,0.20245398773006135,0.0,0.0
6540,3,5,0,0.2085889570552147,0.0,0.0
6541,4,5,0,0.2147239263803681,0.0,0.0
6542,5,5,0,0.22085889570552147,0.0,0.0
6543,6,5,0,0.22699386503067484,0.0,0.0
6544,0,5,0,0.2331288343558282,0.0,0.0
6545,1,5,1,0.2392638036809816,0.0,0.0
6546,2,5,0,0.24539877300613497,0.0,0.0
6547,3,5,0,0.25153374233128833,0.0,0.0
6548,4,5,0,0.25766871165644173,0.0,0.0
6549,5,5,0,0.26380368098159507,0.0,0.0
6550,6,5,0,0.26993865030674846,0.0,0.0
6551,0,5,0,0.27607361963190186,0.0,0.0
6552,1,5,0,0.2822085889570552,0.0,0.0
6553,2,5,0,0.2883435582822086,0.0,0.0
6554,3,5,1,0.294478527607362,0.0,0.0
6555,4,5,0,0.3006134969325153,0.0,0.0
6556,5,5,0,0.3067484662576687,0.0,0.0
6557,6,5,0,0.3128834355828221,0.0,0.0
6558,0,5,0,0.31901840490797545,0.0,0.0
6559,1,5,0,0.32515337423312884,0.0,0.0
6560,2,6,0,0.3312883435582822,0.0,0.0
6561,3,6,0,0.3374233128834356,0.0,0.0
6562,4,6,0,0.34355828220858897,0.0,0.0
6563,5,6,0,0.3496932515337423,0.0,0.0
6564,6,6,1,0.3558282208588957,0.0,0.0
6565,0,6,1,0.3619631901840491,0.0,0.0
6566,1,6,0,0.36809815950920244,0.0,0.0
6567,2,6,0,0.37423312883435583,0.0,0.0
6568,3,6,0,0.3803680981595092,0.0,0.0
6569,4,6,0,0.38650306748466257,0.0,0.0
6570,5,6,0,0.39263803680981596,0.0,0.0
6571,6,6,0,0.0,0.0,0.0
6572,0,6,0,0.006134969325153374,0.0,0.0
6573,1,6,0,0.012269938650306749,0.0,0.0
6574,2,6,0,0.018404907975460124,0.0,0.0
6575,3,6,0,0.024539877300613498,0.0,0.0
6576,4,6,0,0.0,0.0,0.0
6577,5,6,0,0.006134969325153374,0.0,0.0
6578,6,6,0,0.012269938650306749,0.0,0.0
6579,0,6,0,0.018404907975460124,0.0,0.0
6580,1,6,0,0.024539877300613498,0.0,0.0
6581,2,6,0,0.03067484662576687,0.0,0.0
6582,3,6,0,0.0,0.0,0.0
6583,4,6,0,0.006134969325153374,0.0,0.0
6584,5,6,0,0.012269938650306749,0.0,0.0
6585,6,6,0,0.018404907975460124,0.0,0.0
6586,0,6,0,0.024539877300613498,0.0,0.0
6587,1,6,0,0.03067484662576687,0.0,0.0
6588,2,6,0,0.03680981595092025,0.0,0.0
6589,3,6,0,0.04294478527607362,0.0,0.0
6590,4,7,0,0.049079754601226995,0.0,0.0
6591,5,7,0,0.05521472392638037,0.0,0.0
6592,6,7,0,0.06134969325153374,0.0,0.0
6593,0,7,0,0.06748466257668712,0.0,0.0
6594,1,7,0,0.0736196319018405,0.0,0.0
6595,2,7,0,0.07975460122699386,0.0,0.0
6596,3,7,0,0.08588957055214724,0.0,0.0
6597,4,7,0,0.09202453987730061,0.0,0.0
6598,5,7,0,0.09815950920245399,0.0,0.0
6599,6,7,0,0.10429447852760736,0.0,0.0
6600,0,7,0,0.11042944785276074,0.0,0.0
6601,1,7,0,0.1165644171779141,0.0,0.0
6602,2,7,0,0.12269938650306748,0.0,0.0
6603,3,7,0,0.12883435582822086,0.0,0.0
6604,4,7,0,0.13496932515337423,0.0,0.0
6605,5,7,0,0.1411042944785276,0.0,0.0
6606,6,7,0,0.147239263803681,0.0,0.0
6607,0,7,0,0.15337423312883436,0.0,0.0
6608,1,7,0,0.15950920245398773,0.0,0.0
6609,2,7,0,0.1656441717791411,0.0,0.0
6610,3,7,0,0.17177914110429449,0.0,0.0
6611,4,7,0,0.17791411042944785,0.0,0.0
6612,5,7,0,0.18404907975460122,0.0,0.0
6613,6,7,0,0.1901840490797546,0.0,0.0
6614,0,7,0,0.19631901840490798,0.0,0.0
6615,1,7,0,0.20245398773006135,0.0,0.0
6616,2,7,0,0.2085889570552147,0.0,0.0
6617,3,7,0,0.2147239263803681,0.0,0.0
6618,4,7,0,0.22085889570552147,0.0,0.0
6619,5,7,0,0.22699386503067484,0.0,0.0
6620,6,7,0,0.2331288343558282,0.0,0.0
6621,0,8,0,0.2392638036809816,0.0,0.0
6622,1,8,0,0.24539877300613497,0.0,0.0
6623,2,8,0,0.25153374233128833,0.0,0.0
6624,3,8,0,0.25766871165644173,0.0,0.0
6625,4,8,0,0.26380368098159507,0.0,0.0
6626,5,8,0,0.26993865030674846,0.0,0.0
6627,6,8,0,0.27607361963190186,0.0,0.0
6628,0,8,0,0.2822085889570552,0.0,0.0
6629,1,8,0,0.2883435582822086,0.0,0.0
6630,2,8,0,0.294478527607362,0.0,0.0
6631,3,8,0,0.3006134969325153,0.0,0.0
6632,4,8,0,0.3067484662576687,0.0,0.0
6633,5,8,0,0.3128834355828221,0.0,0.0
6634,6,8,0,0.31901840490797545,0.0,0.0
6635,0,8,0,0.32515337423312884,0.0,0.0
6636,1,8,0,0.3312883435582822,0.0,0.0
6637,2,8,0,0.3374233128834356,0.0,0.0
6638,3,8,0,0.34355828220858897,0.0,0.0
6639,4,8,0,0.3496932515337423,0.0,0.0
6640,5,8,0,0.3558282208588957,0.0,0.0
6641,6,8,0,0.3619631901840491,0.0,0.0
6642,0,8,0,0.36809815950920244,0.0,0.0
6643,1,8,0,0.37423312883435583,0.0,0.0
6644,2,8,0,0.3803680981595092,0.0,0.0
6645,3,8,0,0.38650306748466257,0.0,0.0
6646,4,8,0,0.39263803680981596,0.0,0.0
6647,5,8,0,0.3987730061349693,0.0,0.0
6648,6,8,0,0.4049079754601227,0.0,0.0
6649,0,8,0,0.4110429447852761,0.0,0.0
6650,1,8,0,0.4171779141104294,0.0,0.0
6651,2,8,0,0.4233128834355828,0.0,0.0
6652,3,9,0,0.4294478527607362,0.0,0.0
6653,4,9,0,0.43558282208588955,0.0,0.0
6654,5,9,0,0.44171779141104295,0.0,0.0
6655,6,9,0,0.44785276073619634,0.0,0.0
6656,0,9,0,0.4539877300613497,0.0,0.0
6657,1,9,0,0.4601226993865031,0.0,0.0
6658,2,9,0,0.4662576687116564,0.0,0.0
6659,3,9,0,0.4723926380368098,0.0,0.0
6660,4,9,0,0.4785276073619632,0.0,0.0
6661,5,9,0,0.48466257668711654,0.0,0.0
6662,6,9,0,0.49079754601226994,0.0,0.0
6663,0,9,0,0.0,0.0,0.0
6664,1,9,0,0.006134969325153374,0.0,0.0
6665,2,9,0,0.012269938650306749,0.0,0.0
6666,3,9,0,0.018404907975460124,0.0,0.0
6667,4,9,0,0.024539877300613498,0.0,0.0
6668,5,9,0,0.03067484662576687,0.0,0.0
6669,6,9,0,0.03680981595092025,0.0,0.0
6670,0,9,0,0.04294478527607362,0.0,0.0
6671,1,9,0,0.049079754601226995,0.0,0.0
6672,2,9,0,0.05521472392638037,0.0,0.0
6673,3,9,0,0.06134969325153374,0.0,0.0
6674,4,9,0,0.06748466257668712,0.0,0.0
6675,5,9,0,0.0736196319018405,0.0,0.0
6676,6,9,0,0.07975460122699386,0.0,0.0
6677,0,9,0,0.08588957055214724,0.0,0.0
6678,1,9,0,0.09202453987730061,0.0,0.0
6679,2,9,0,0.09815950920245399,0.0,0.0
6680,3,9,0,0.10429447852760736,0.0,0.0
6681,4,9,0,0.11042944785276074,0.0,0.0
6682,5,10,0,0.1165644171779141,0.0,0.0
6683,6,10,0,0.12269938650306748,0.0,0.0
6684,0,10,0,0.12883435582822086,0.0,0.0
6685,1,10,0,0.13496932515337423,0.0,0.0
6686,2,10,0,0.1411042944785276,0.0,0.0
6687,3,10,0,0.147239263803681,0.0,0.0
6688,4,10,0,0.15337423312883436,0.0,0.0
6689,5,10,0,0.15950920245398773,0.0,0.0
6690,6,10,0,0.1656441717791411,0.0,0.0
6691,0,10,0,0.17177914110429449,0.0,0.0
6692,1,10,0,0.17791411042944785,0.0,0.0
6693,2,10,0,0.18404907975460122,0.0,0.0
6694,3,10,0,0.1901840490797546,0.0,0.0
6695,4,10,0,0.19631901840490798,0.0,0.0
6696,5,10,0,0.20245398773006135,0.0,0.0
6697,6,10,0,0.0,0.0,0.0
6698,0,10,0,0.006134969325153374,0.0,0.0
6699,1,10,0,0.012269938650306749,0.0,0.0
6700,2,10,0,0.018404907975460124,0.0,0.0
6701,3,10,0,0.024539877300613498,0.0,0.0
6702,4,10,0,0.03067484662576687,0.0,0.0
6703,5,10,0,0.03680981595092025,0.0,0.0
6704,6,10,0,0.04294478527607362,0.0,0.0
6705,0,10,0,0.049079754601226995,0.0,0.0
6706,1,10,0,0.05521472392638037,0.0,0.0
6707,2,10,0,0.06134969325153374,0.0,0.0
6708,3,10,0,0.06748466257668712,0.0,0.0
6709,4,10,0,0.0736196319018405,0.0,0.0
6710,5,10,0,0.07975460122699386,0.0,0.0
6711,6,10,0,0.08588957055214724,0.0,0.0
6712,0,10,0,0.09202453987730061,0.0,0.0
6713,1,11,0,0.09815950920245399,0.0,0.0
6714,2,11,0,0.10429447852760736,0.0,0.0
6715,3,11,0,0.11042944785276074,0.0,0.0
6716,4,11,0,0.1165644171779141,0.0,0.0
6717,5,11,0,0.12269938650306748,0.0,0.0
6718,6,11,0,0.12883435582822086,0.0,0.0
6719,0,11,0,0.13496932515337423,0.0,0.0
6720,1,11,0,0.1411042944785276,0.0,0.0
6721,2,11,0,0.147239263803681,0.0,0.0
6722,3,11,0,0.15337423312883436,0.0,0.0
6723,4,11,0,0.15950920245398773,0.0,0.0
6724,5,11,0,0.1656441717791411,0.0,0.0
6725,6,11,0,0.17177914110429449,0.0,0.0
6726,0,11,0,0.17791411042944785,0.0,0.0
6727,1,11,0,0.18404907975460122,0.0,0.0
6728,2,11,0,0.1901840490797546,0.0,0.0
6729,3,11,0,0.19631901840490798,0.0,0.0
6730,4,11,0,0.20245398773006135,0.0,0.0
6731,5,11,0,0.2085889570552147,0.0,0.0
6732,6,11,0,0.2147239263803681,0.0,0.0
6733,0,11,0,0.22085889570552147,0.0,0.0
6734,1,11,0,0.22699386503067484,0.0,0.0
6735,2,11,0,0.2331288343558282,0.0,0.0
6736,3,11,0,0.2392638036809816,0.0,0.0
6737,4,11,0,0.24539877300613497,0.0,0.0
6738,5,11,0,0.25153374233128833,0.0,0.0
6739,6,11,0,0.25766871165644173,0.0,0.0
6740,0,11,0,0.26380368098159507,0.0,0.0
6741,1,11,0,0.26993865030674846,0.0,0.0
6742,2,11,0,0.27607361963190186,0.0,0.0
6743,3,12,0,0.2822085889570552,0.0,0.0
6744,4,12,0,0.2883435582822086,0.0,0.0
6745,5,12,0,0.294478527607362,0.0,0.0
6746,6,12,0,0.3006134969325153,0.0,0.0
6747,0,12,0,0.3067484662576687,0.0,0.0
6748,1,12,0,0.3128834355828221,0.0,0.0
6749,2,12,0,0.31901840490797545,0.0,0.0
6750,3,12,0,0.32515337423312884,0.0,0.0
6751,4,12,0,0.3312883435582822,0.0,0.0
6752,5,12,0,0.3374233128834356,0.0,0.0
6753,6,12,0,0.34355828220858897,0.0,0.0
6754,0,12,0,0.3496932515337423,0.0,0.0
6755,1,12,0,0.3558282208588957,0.0,0.0
6756,2,12,0,0.3619631901840491,0.0,0.0
6757,3,12,0,0.36809815950920244,0.0,0.0
6758,4,12,0,0.37423312883435583,0.0,0.0
6759,5,12,0,0.3803680981595092,0.0,0.0
6760,6,12,0,0.38650306748466257,0.0,0.0
6761,0,12,0,0.39263803680981596,0.0,0.0
6762,1,12,0,0.3987730061349693,0.0,0.0
6763,2,12,0,0.4049079754601227,0.0,0.0
6764,3,12,0,0.4110429447852761,0.0,0.0
6765,4,12,0,0.4171779141104294,0.0,0.0
6766,5,12,0,0.4233128834355828,0.0,0.0
6767,6,12,1,0.4294478527607362,0.0,0.0
6768,0,12,1,0.43558282208588955,0.0,0.0
6769,1,12,0,0.44171779141104295,0.0,0.0
6770,2,12,0,0.44785276073619634,0.0,0.0
6771,3,12,0,0.4539877300613497,0.0,0.0
6772,4,12,0,0.4601226993865031,0.0,0.0
6773,5,12,0,0.4662576687116564,0.0,0.0
6774,6,1,1,0.4723926380368098,0.0,0.0
6775,0,1,0,0.4785276073619632,0.0,0.0
6776,1,1,0,0.48466257668711654,0.0,0.0
6777,2,1,0,0.49079754601226994,0.0,0.0
6778,3,1,0,0.49693251533742333,0.0,0.0
6779,4,1,0,0.5030674846625767,0.0,0.0
6780,5,1,0,0.50920245398773,0.0,0.0
6781,6,1,0,0.5153374233128835,0.0,0.0
6782,0,1,0,0.5214723926380368,0.0,0.0
6783,1,1,0,0.5276073619631901,0.0,0.0
6784,2,1,0,0.5337423312883436,0.0,0.0
6785,3,1,0,0.5398773006134969,0.0,0.0
6786,4,1,0,0.5460122699386503,0.0,0.0
6787,5,1,0,0.5521472392638037,0.0,0.0
6788,6,1,0,0.558282208588957,0.0,0.0
6789,0,1,0,0.5644171779141104,0.0,0.0
6790,1,1,0,0.5705521472392638,0.0,0.0
6791,2,1,0,0.5766871165644172,0.0,0.0
6792,3,1,0,0.5828220858895705,0.0,0.0
6793,4,1,0,0.588957055214724,0.0,0.0
6794,5,1,0,0.5950920245398773,0.0,0.0
6795,6,1,0,0.6012269938650306,0.0,0.0
6796,0,1,0,0.6073619631901841,0.0,0.0
6797,1,1,0,0.6134969325153374,0.0,0.0
6798,2,1,0,0.6196319018404908,0.0,0.0
6799,3,1,0,0.6257668711656442,0.0,0.0
6800,4,1,0,0.6319018404907976,0.0,0.0
6801,5,1,0,0.6380368098159509,0.0,0.0
6802,6,1,0,0.6441717791411042,0.0,0.0
6803,0,1,0,0.6503067484662577,0.0,0.0
6804,1,1,0,0.656441717791411,0.0,0.0
6805,2,2,0,0.6625766871165644,0.0,0.0
6806,3,2,0,0.0,0.0,0.0
6807,4,2,0,0.006134969325153374,0.0,0.0
6808,5,2,0,0.012269938650306749,0.0,0.0
6809,6,2,0,0.018404907975460124,0.0,0.0
6810,0,2,0,0.024539877300613498,0.0,0.0
6811,1,2,0,0.03067484662576687,0.0,0.0
6812,2,2,0,0.03680981595092025,0.0,0.0
6813,3,2,0,0.04294478527607362,0.0,0.0
6814,4,2,0,0.049079754601226995,0.0,0.0
6815,5,2,0,0.05521472392638037,0.0,0.0
6816,6,2,0,0.06134969325153374,0.0,0.0
6817,0,2,0,0.06748466257668712,0.0,0.0
6818,1,2,0,0.0736196319018405,0.0,0.0
6819,2,2,0,0.07975460122699386,0.0,0.0
6820,3,2,0,0.08588957055214724,0.0,0.0
6821,4,2,0,0.09202453987730061,0.0,0.0
6822,5,2,0,0.09815950920245399,0.0,0.0
6823,6,2,0,0.10429447852760736,0.0,0.0
6824,0,2,0,0.11042944785276074,0.0,0.0
6825,1,2,0,0.1165644171779141,0.0,0.0
6826,2,2,0,0.12269938650306748,0.0,0.0
6827,3,2,0,0.12883435582822086,0.0,0.0
6828,4,2,0,0.13496932515337423,0.0,0.0
6829,5,2,0,0.1411042944785276,0.0,0.0
6830,6,2,0,0.147239263803681,0.0,0.0
6831,0,2,0,0.15337423312883436,0.0,0.0
6832,1,2,0,0.15950920245398773,0.0,0.0
6833,2,3,0,0.1656441717791411,0.0,0.0
6834,3,3,0,0.17177914110429449,0.0,0.0
6835,4,3,0,0.17791411042944785,0.0,0.0
6836,5,3,0,0.18404907975460122,0.0,0.0
6837,6,3,0,0.1901840490797546,0.0,0.0
6838,0,3,0,0.19631901840490798,0.0,0.0
6839,1,3,0,0.20245398773006135,0.0,0.0
6840,2,3,0,0.2085889570552147,0.0,0.0
6841,3,3,0,0.2147239263803681,0.0,0.0
6842,4,3,0,0.22085889570552147,0.0,0.0
6843,5,3,0,0.22699386503067484,0.0,0.0
6844,6,3,0,0.2331288343558282,0.0,0.0
6845,0,3,0,0.2392638036809816,0.0,0.0
6846,1,3,0,0.24539877300613497,0.0,0.0
6847,2,3,0,0.25153374233128833,0.0,0.0
6848,3,3,0,0.25766871165644173,0.0,0.0
6849,4,3,0,0.26380368098159507,0.0,0.0
6850,5,3,0,0.26993865030674846,0.0,0.0
6851,6,3,0,0.27607361963190186,0.0,0.0
6852,0,3,0,0.2822085889570552,0.0,0.0
6853,1,3,0,0.2883435582822086,0.0,0.0
6854,2,3,0,0.294478527607362,0.0,0.0
6855,3,3,0,0.3006134969325153,0.0,0.0
6856,4,3,0,0.3067484662576687,0.0,0.0
6857,5,3,0,0.3128834355828221,0.0,0.0
6858,6,3,0,0.31901840490797545,0.0,0.0
6859,0,3,0,0.32515337423312884,0.0,0.0
6860,1,3,0,0.3312883435582822,0.0,0.0
6861,2,3,0,0.3374233128834356,0.0,0.0
6862,3,3,0,0.34355828220858897,0.0,0.0
6863,4,3,0,0.3496932515337423,0.0,0.0
6864,5,4,0,0.3558282208588957,0.0,0.0
6865,6,4,0,0.3619631901840491,0.0,0.0
6866,0,4,0,0.36809815950920244,0.0,0.0
6867,1,4,0,0.37423312883435583,0.0,0.0
6868,2,4,0,0.0,0.0,0.0
6869,3,4,1,0.006134969325153374,0.0,0.0
6870,4,4,1,0.012269938650306749,0.0,0.0
6871,5,4,0,0.018404907975460124,0.0,0.0
6872,6,4,1,0.024539877300613498,0.0,0.0
6873,0,4,1,0.03067484662576687,0.0,0.0
6874,1,4,0,0.03680981595092025,0.0,0.0
6875,2,4,0,0.04294478527607362,0.0,0.0
6876,3,4,0,0.049079754601226995,0.0,0.0
6877,4,4,0,0.05521472392638037,0.0,0.0
6878,5,4,0,0.06134969325153374,0.0,0.0
6879,6,4,0,0.06748466257668712,0.0,0.0
6880,0,4,0,0.0736196319018405,0.0,0.0
6881,1,4,0,0.07975460122699386,0.0,0.0
6882,2,4,0,0.08588957055214724,0.0,0.0
6883,3,4,0,0.09202453987730061,0.0,0.0
6884,4,4,0,0.09815950920245399,0.0,0.0
6885,5,4,0,0.10429447852760736,0.0,0.0
6886,6,4,0,0.11042944785276074,0.0,0.0
6887,0,4,0,0.1165644171779141,0.0,0.0
6888,1,4,0,0.12269938650306748,0.0,0.0
6889,2,4,0,0.12883435582822086,0.0,0.0
6890,3,4,0,0.13496932515337423,0.0,0.0
6891,4,4,0,0.1411042944785276,0.0,0.0
6892,5,4,0,0.147239263803681,0.0,0.0
6893,6,4,0,0.15337423312883436,0.0,0.0
6894,0,5,1,0.15950920245398773,0.0,0.0
6895,1,5,0,0.0,0.0,0.0
6896,2,5,0,0.006134969325153374,0.0,0.0
6897,3,5,0,0.012269938650306749,0.0,0.0
6898,4,5,0,0.018404907975460124,0.0,0.0
6899,5,5,0,0.024539877300613498,0.0,0.0
6900,6,5,0,0.03067484662576687,0.0,0.0
6901,0,5,0,0.03680981595092025,0.0,0.0
6902,1,5,0,0.04294478527607362,0.0,0.0
6903,2,5,0,0.049079754601226995,0.0,0.0
6904,3,5,0,0.05521472392638037,0.0,0.0
6905,4,5,0,0.06134969325153374,0.0,0.0
6906,5,5,0,0.06748466257668712,0.0,0.0
6907,6,5,0,0.0736196319018405,0.0,0.0
6908,0,5,0,0.07975460122699386,0.0,0.0
6909,1,5,0,0.08588957055214724,0.0,0.0
6910,2,5,1,0.09202453987730061,0.0,0.0
6911,3,5,1,0.09815950920245399,0.0,0.0
6912,4,5,0,0.10429447852760736,0.0,0.0
6913,5,5,0,0.11042944785276074,0.0,0.0
6914,6,5,0,0.1165644171779141,0.0,0.0
6915,0,5,0,0.12269938650306748,0.0,0.0
6916,1,5,0,0.12883435582822086,0.0,0.0
6917,2,5,0,0.13496932515337423,0.0,0.0
6918,3,5,0,0.1411042944785276,0.0,0.0
6919,4,5,0,0.147239263803681,0.0,0.0
6920,5,5,0,0.15337423312883436,0.0,0.0
6921,6,5,1,0.15950920245398773,0.0,0.0
6922,0,5,1,0.1656441717791411,0.0,0.0
6923,1,5,0,0.17177914110429449,0.0,0.0
6924,2,5,0,0.0,0.0,0.0
6925,3,6,0,0.006134969325153374,0.0,0.0
6926,4,6,0,0.012269938650306749,0.0,0.0
6927,5,6,0,0.018404907975460124,0.0,0.0
6928,6,6,0,0.024539877300613498,0.0,0.0
6929,0,6,0,0.03067484662576687,0.0,0.0
6930,1,6,0,0.03680981595092025,0.0,0.0
6931,2,6,0,0.04294478527607362,0.0,0.0
6932,3,6,0,0.049079754601226995,0.0,0.0
6933,4,6,0,0.05521472392638037,0.0,0.0
6934,5,6,0,0.06134969325153374,0.0,0.0
6935,6,6,0,0.06748466257668712,0.0,0.0
6936,0,6,0,0.0736196319018405,0.0,0.0
6937,1,6,0,0.07975460122699386,0.0,0.0
6938,2,6,0,0.08588957055214724,0.0,0.0
6939,3,6,0,0.09202453987730061,0.0,0.0
6940,4,6,0,0.09815950920245399,0.0,0.0
6941,5,6,0,0.10429447852760736,0.0,0.0
6942,6,6,0,0.11042944785276074,0.0,0.0
6943,0,6,0,0.1165644171779141,0.0,0.0
6944,1,6,0,0.12269938650306748,0.0,0.0
6945,2,6,0,0.12883435582822086,0.0,0.0
6946,3,6,0,0.13496932515337423,0.0,0.0
6947,4,6,0,0.1411042944785276,0.0,0.0
6948,5,6,0,0.147239263803681,0.0,0.0
6949,6,6,0,0.15337423312883436,0.0,0.0
6950,0,6,0,0.15950920245398773,0.0,0.0
6951,1,6,0,0.1656441717791411,0.0,0.0
6952,2,6,0,0.17177914110429449,0.0,0.0
6953,3,6,0,0.17791411042944785,0.0,0.0
6954,4,6,0,0.18404907975460122,0.0,0.0
6955,5,7,0,0.1901840490797546,0.0,0.0
6956,6,7,0,0.19631901840490798,0.0,0.0
6957,0,7,0,0.20245398773006135,0.0,0.0
6958,1,7,0,0.2085889570552147,0.0,0.0
6959,2,7,0,0.2147239263803681,0.0,0.0
6960,3,7,0,0.22085889570552147,0.0,0.0
6961,4,7,0,0.22699386503067484,0.0,0.0
6962,5,7,0,0.2331288343558282,0.0,0.0
